Henry Chao [US],Gardevoir ex
Ciaran Farah [CA],Lugia Archeops
Emmet Hurley [US],Roaring Moon ex
Steven Varesko [US],Lugia Archeops
Rahul Reddy [US],Lugia Archeops
Nolan Randall [CA],Other
Rowan Stavenow [CA],Regidrago VSTAR
Ian Robb [US],Regidrago VSTAR
Grafton Roll [US],Terapagos Dusknoir
Jeremy Gibson [US],Pidgeot Control
Joseph Figliano [US],Lugia Archeops
Hasan Kunukcu [US],Snorlax Stall
Maxwell Johnson [US],Snorlax Stall
George Illidge [US],Raging Bolt Ogerpon
DC DeVos [US],Lugia Archeops
Charlie Lockyer [US],Regidrago VSTAR
Adam Kalamat [CA],Gardevoir ex
Ryan Ginsburg [US],Snorlax Stall
Andrew Kennett [US],Ancient Box
Prin Basser [US],Raging Bolt Ogerpon
Dennis Peroff [CA],Other
Scotty Chesser [US],Ancient Box
Justin Kim [CA],Regidrago VSTAR
Ryan Antonucci [US],Snorlax Stall
Shane McManus [US],Lugia Archeops
Eder Jarillo [MX],Lugia Archeops
Tyler Mathews [US],Terapagos Dusknoir
Alex Barbosa [CA],Raging Bolt Ogerpon
Bodhi Robinson [US],Terapagos Dusknoir
Kevin Krueger [US],Other
Cody Byrd [US],Lugia Archeops
Samuel Scime [CA],Lugia Archeops
JW Kriewall [US],Lugia Archeops
Rafal Gladysz [US],Roaring Moon ex
Liam Halliburton [US],Pidgeot Control
Kenneth Xuan [US],Snorlax Stall
austen vance [US],Regidrago VSTAR
Rasmus Tang Christiansen [US],Klawf Terapagos
Owen Rhoads [US],Charizard Pidgeot
Cameron Kawasaki [US],Gholdengo ex
Vance Kelley [US],Regidrago VSTAR
Bradley Lippert [US],Other
Carter Malnaik [US],Other
Benjamin Hebert [CA],Gardevoir ex
Luke Morsa [US],Regidrago VSTAR
David Zheng [US],Charizard Pidgeot
Tord Reklev [NO],Pidgeot Control
Jeremiah Schmutz [US],Lugia Archeops
Eric Aubertin [CA],Other
Connor Chiappetta [US],Charizard Pidgeot
May White [CA],Gardevoir ex
Henry Thompson [US],Snorlax Stall
Fabrizio Inga Silva [PE],Raging Bolt Ogerpon
Sanjay Sundararajan [US],Pidgeot Control
Jake Santiago [CA],Regidrago VSTAR
Elsie Croizer [CA],Roaring Moon ex
Shinnosuke Komiya [US],Other
Jay Cristiano [CA],Other
>24 TABLE Tim Tipton [US],Unknown
Cyrus McCane [US],Snorlax Stall
Zach Cohen [US],Regidrago VSTAR
Brent Tonisson [AU],Charizard Pidgeot
Eric Liu [US],Lugia Archeops
Harry Rachel [US],Roaring Moon ex
Isaiah Williams [US],Regidrago VSTAR
Michael Bio [US],Terapagos Dusknoir
Matthew Padget [US],Roaring Moon ex
Dean Nezam [US],Regidrago VSTAR
Joseph Hollin [UK],Charizard Pidgeot
Akdiel Flores [US],Lugia Archeops
Kamal Crooks-Valdez [US],Regidrago VSTAR
Nickales Vernon [US],Roaring Moon ex
Tony Herrera [US],Miraidon ex
Dean Marsh [US],Charizard Pidgeot
Joseph Nawal [US],Lugia Archeops
Michael Davidson [US],Regidrago VSTAR
Aidan Khus [US],Terapagos Dusknoir
Stephan Blake [US],Snorlax Stall
Justin Newdorf [US],Regidrago VSTAR
Lucas Xing [CA],Regidrago VSTAR
Cobi Kawasaki [US],Lugia Archeops
Malcolm Whelan [NL],Other
Alex Schemanske [US],Terapagos Dusknoir
Dan Hugar [US],Ancient Box
Adrian Monin [US],Raging Bolt Ogerpon
Joshua Proehl [US],Terapagos Dusknoir
Julie Fowlkes [US],Snorlax Stall
Alex Wood [US],Charizard Pidgeot
Jack Moore [CA],Regidrago VSTAR
Tyler Unruh [US],Snorlax Stall
bryan okrey [US],Charizard Pidgeot
Rosh Patel [US],Ancient Box
Saumit Kukkadapu [US],Ancient Box
Tyler Vencill [US],Ancient Box
Ed Rickard [US],Other
Alexander Dokuchaev [US],Ancient Box
Aaron Walker [US],Iron Thorns ex
aaron arturo aguirre osuna [MX],Dragapult ex
Grant Monson [US],Gardevoir ex
Tony Quach [US],Lugia Archeops
William Whaley [US],Regidrago VSTAR
Gabriel Smart [US],Ancient Box
Zachary Trybus [US],Iron Thorns ex
Kenneth Mauder [US],Regidrago VSTAR
Kenneth Gilman [US],Regidrago VSTAR
Lance Bradshaw [US],Regidrago VSTAR
Christian LaBella [CA],Regidrago VSTAR
Ming Weng [CN],Roaring Moon ex
Brandon Gilbert [US],Snorlax Stall
Bailey Cleavenger [US],Raging Bolt Ogerpon
Michael Messina [US],Ancient Box
Colin Alber [US],Other
Jerrick Gumila [US],Ancient Box
Tiger Hickman [US],Charizard Pidgeot
Taylor Johnson [US],Charizard Pidgeot
Gwen Tran [US],Roaring Moon ex
Andres David Torres [CO],Roaring Moon ex
Brock Davis [US],Charizard Pidgeot
Jose Luis Sanchez [US],Raging Bolt Ogerpon
Landen Kaetler [CA],Other
Kellan Jarvis [US],Raging Bolt Ogerpon
Kristopher Kemp [US],Regidrago VSTAR
Matthew Dennery [US],Raging Bolt Ogerpon
Stephen Hernandez [US],Palkia
Qifei Fu [US],Lugia Archeops
Ari Spruill [US],Other
Renjie Ye [US],Lugia Archeops
Thomas Deemter [US],Charizard Pidgeot
Matthew Ellison,Ancient Box
Kaleb Jacobson [US],Unknown
Jake Riggs [US],Unknown
Brennan Winkler [US],Unknown
Collin Smelcer [US],Unknown
Grant Bunch [US],Unknown
Nick Robinson [US],Unknown
Josh Stapler [US],Unknown
Stephen Richardson [US],Unknown
Adam Reinhardt [US],Unknown
Tyler Kramer [US],Unknown
Sammy Allen [US],Unknown
Sachit Soni [US],Unknown
Giancarlo Bortolon [CA],Unknown
Kian Siadat [US],Unknown
Stefan Tabaco [US],Unknown
Joseph Mousaed [US],Unknown
Cerys Jones [US],Unknown
Mustafa Tobah [US],Unknown
Jacob Stock [US],Unknown
Logan Entrekin [US],Unknown
Trevore Read [CA],Unknown
Owen Bennett-Gibbs [CA],Unknown
Noah Tremblett [CA],Unknown
Romello Wilson [US],Unknown
Dylan Gunn [US],Unknown
Nolan Freda [US],Unknown
Eugene Brown [US],Unknown
Hunter North [CA],Unknown
Anthony Kelly [US],Unknown
Taylor Whalen [US],Unknown
Junior Chala [US],Unknown
Ryan Scholes [US],Unknown
Daniel Zhou [CA],Unknown
Tanner Hurley [US],Unknown
Michele Schiraldi [CA],Unknown
Isaiah Bradner [US],Unknown
Richard Freire [US],Unknown
Stephen Lowe [US],Unknown
Alex Pearce [US],Unknown
Mateo Arboleda [EC],Unknown
Maddox Corcoran [US],Unknown
James Washer [US],Unknown
Dominic Zottoli [US],Unknown
Zach Prah [US],Unknown
Julio Santos De Leon [US],Unknown
Johnathan Starr [US],Unknown
Chad Abner [US],Unknown
Piper Lepine [US],Unknown
Corey Blankenship [US],Unknown
Harrison Zipp [US],Unknown
Simon Trottier-Lacasse [CA],Unknown
Chris Morello [CA],Unknown
Colton Ames [US],Unknown
William Ashford [US],Unknown
Maxim Korobov [US],Unknown
Duncan Crowley [US],Unknown
Jackson Ford [CA],Unknown
Christopher Zervos [US],Unknown
Patrick Bolton [US],Unknown
Aaron Freetos Friedman [US],Unknown
Jacob Smith [US],Unknown
Jonathan Lopez [US],Unknown
Joaquin Cardenas [US],Unknown
Cody Criner [US],Unknown
Canaan Mellard [US],Unknown
Lily Hudson [US],Unknown
Sahil Parekh [US],Unknown
Devin Nguyen [US],Unknown
Frederic Deneault [CA],Unknown
Nicholas Gill [US],Unknown
Carl Caldwell [US],Unknown
Kyle D'Amato [US],Unknown
Martin Viruete [MX],Unknown
Juniper Shirey [US],Unknown
Brandon Morris [US],Unknown
Jeffrey Falberg [US],Unknown
Matthew Brown [US],Unknown
Justin Brothers [US],Unknown
Ihana Mazezka [US],Unknown
Riley McKay [CA],Unknown
Hunter Smith [US],Unknown
Maxime Brisson [CA],Unknown
Thomas Harvey [CA],Unknown
miloslav posledni [CZ],Unknown
Matthew Schreck [US],Unknown
Dylan Smeigh [US],Unknown
ray Cipoletti [US],Unknown
Michael Laundrie [US],Unknown
Brandon Roman [US],Unknown
Nofoume Ben Ahmed Aly [FR],Unknown
marcelo sanchez [CA],Unknown
Seth Christopher [US],Unknown
Anthony Scornavacca [US],Unknown
Thomas Sloop [US],Unknown
Ryan Pena [US],Unknown
Luke Cardin [US],Unknown
Nixon Cedillos [US],Unknown
Timothy Powidzki [US],Unknown
Phillip Yetter [US],Unknown
Jerry Sheng [US],Unknown
Noah Donen [CA],Unknown
William Shestock [US],Unknown
Joshua McRae [US],Unknown
Makani Tran [US],Unknown
BILLY CHAN [CA],Unknown
Josh Greiff [US],Unknown
Michael Meal [CA],Unknown
Luke Townsend [US],Unknown
Parker Greenwald [US],Unknown
Kevin Abernathy [US],Unknown
Dre Alderette [US],Unknown
Aiden Toler [US],Unknown
Travis Beckwith [US],Unknown
Jery Jensen [US],Unknown
Harrison Browning [US],Unknown
Sebastian Lashmet [US],Unknown
Alexandru Martinez [US],Unknown
Nicholas Moffitt [US],Unknown
Nikolas Carson [CA],Unknown
Abijah Jongsma [CA],Unknown
Hunter Butler [US],Unknown
Harris Noor [US],Unknown
Adrian Gronek [CA],Unknown
Asher Campbell [US],Unknown
Joe Sturino [US],Unknown
Gibson Archer-Tang [US],Unknown
Anthony Bruno [US],Unknown
Jesper S.H Eriksen [DK],Unknown
Andy Zhang [US],Unknown
Weiqi Ding [US],Unknown
Adler Pierce [US],Unknown
Drew Allen [CA],Unknown
Connor Taylor [US],Unknown
David Wright [US],Unknown
Johnny Rabus [US],Unknown
James Kowalski [US],Unknown
Christopher Osborn [US],Unknown
Ross Cawthon [US],Unknown
Alexander Adams Hsu [US],Unknown
James Santaniello [US],Unknown
Franco Llamas III [US],Unknown
Toby Woolner [UK],Unknown
Christopher Wigelsworth [US],Unknown
Abaan Ahmed [US],Unknown
Benny Billinger [CA],Unknown
Lucas Thiele [US],Unknown
Kian Amini [US],Unknown
Tyler Hinegardner [US],Unknown
Tanner Johnson [US],Unknown
Joshua Cohen [US],Unknown
Brandon Baughn [US],Unknown
William Beyer [US],Unknown
Ariel vanegas [US],Unknown
Ben Dobberstein [US],Unknown
Matthew Nixon [US],Unknown
Andrew Wu [US],Unknown
Samuel Martino [CA],Unknown
Andrew Roman [US],Unknown
Blake Underhill [US],Unknown
Kenny Hernandez [US],Unknown
Jeffrey Chau [CA],Unknown
korey stoner [US],Unknown
Jon Bieligk [US],Unknown
Sergio Rodriguez [CA],Unknown
Joshua Marsden [US],Unknown
J-F Guimond [CA],Unknown
Iyla Sutherland [US],Unknown
Justin Brown [US],Unknown
James Quick [US],Unknown
Andrew Ryals [US],Unknown
Victor Ghibu [CA],Unknown
Justin Gilbert [US],Unknown
Lucas Harbuck [US],Unknown
Pearce Blend [US],Unknown
Cody Falls [US],Unknown
jesse spencer [US],Unknown
Brandon Joestar [US],Unknown
Kevin Fuentes [US],Unknown
Jacob Avchen [US],Unknown
Christian Villarosa [US],Unknown
Chris Franco [US],Unknown
Larry Smith [US],Unknown
Jack Dolby [US],Unknown
Tony Santos [US],Unknown
Jac Carter [US],Unknown
Jeremy Gumila [US],Unknown
Ludwig Llanos [US],Unknown
Ian Fritz Dela Cruz [US],Unknown
Mike Hines [US],Unknown
Cj Crump [US],Unknown
Grayson Jones [US],Unknown
Gabriel Cruz [US],Unknown
Evelyn Estridge [US],Unknown
John Vorwerck [US],Unknown
Elijah Jones-Garman [US],Unknown
Jose Marrero [US],Unknown
Alex Hamilton [US],Unknown
Aneil Saini [CA],Unknown
Eric Zhao [US],Unknown
Jackson Heier [US],Unknown
Chris coffman [US],Unknown
Eduardo A Sanabria [US],Unknown
Jamesdavid Hometchko [US],Unknown
James Coyle [US],Unknown
Christopher Abreu [US],Unknown
Alex Johnston-Thomas [US],Unknown
Rylan Geykhman [US],Unknown
Donny McCoy [US],Unknown
Dan Irish [US],Unknown
Justin Fedorenka [CA],Unknown
Edward Vo [US],Unknown
Dean Davis [US],Unknown
Mike Pianka [US],Unknown
Steven Lavoie [US],Unknown
Timothy Bensema [US],Unknown
David Ceculski [US],Unknown
Matt Walter [US],Unknown
Sylvester Chen [US],Unknown
Michael Natto [US],Unknown
Jacob McCool [US],Unknown
Nicholas McEwan [CA],Unknown
Xavier Valdez [US],Unknown
Austin Waddle [US],Unknown
Sawyer Melban [US],Unknown
Keavin Elias [CA],Unknown
Jacob Kyer [US],Unknown
David Stressman [US],Unknown
Wilson Rowland [US],Unknown
Dominick Rouen [US],Unknown
Tyler Martin [US],Unknown
Caleb Rogerson [US],Unknown
Nathian Beck [US],Unknown
Jon Eng [US],Unknown
Jesse Stuckey [US],Unknown
Manuel Perez [US],Unknown
Gavin Zhou [CA],Unknown
Tom Nardello [US],Unknown
Gary Kern [US],Unknown
Natalie Miller [US],Unknown
Nick Mojica [US],Unknown
Jacob Stillwell [US],Unknown
Christian Stridiron [US],Unknown
Jacob Brumfield [US],Unknown
Rene Villagrana [MX],Unknown
Jonathan Arias [US],Unknown
Cory Tangman [US],Unknown
Mason Adolfs [US],Unknown
Byron Doyal [US],Unknown
Lion Chen [US],Unknown
Eric Francis [US],Unknown
Dominic Arana [US],Unknown
Juan De Bernardinis [US],Unknown
Michael Chen [US],Unknown
Dario Marchetta [CA],Unknown
Jordan Scott [US],Unknown
Tanner Townsend [US],Unknown
Connor Woolf [US],Unknown
Zack Theriot [US],Unknown
Quinn Creel [US],Unknown
Jason Aron [US],Unknown
Michael Garcia [US],Unknown
Raul Merino [MX],Unknown
Elizabeth Rains [US],Unknown
Graham Kovach [US],Unknown
Braden Buchman [US],Unknown
Nguyen Nguyen [US],Unknown
Cameron Shenoy [US],Unknown
Evan Bryant [US],Unknown
Tyler Perry [US],Unknown
JONATHAN DONNELLY [US],Unknown
Trevor Tran [US],Unknown
Camden Cornwall [US],Unknown
Stephen Eshghy [US],Unknown
Kolton Day [US],Unknown
Steven Martin [US],Unknown
Michael Archuleta jr [US],Unknown
Isaac Barraza [US],Unknown
Aidan Ferrer [US],Unknown
Kyle ðŸ”¥ Morris [US],Unknown
Anthony To [US],Unknown
Jose Medina [US],Unknown
Nicholas Givens [US],Unknown
Loc Nguyen [US],Unknown
Thomas Veazie [US],Unknown
Brendan Acri [US],Unknown
James Hamilton [US],Unknown
Cody Nguyen [US],Unknown
Eric Li [US],Unknown
Justin Baber [US],Unknown
Iain Harding [US],Unknown
Dominick Paul [US],Unknown
John Ruiz [US],Unknown
Joseph Hong [US],Unknown
Charles Platel [US],Unknown
Kiel Reid [US],Unknown
Chris Weissbach [US],Unknown
Andre DiPaola [US],Unknown
Alexander Remick [US],Unknown
Steve Zhang [US],Unknown
Frederick Hinder [US],Unknown
Richard Yannow [US],Unknown
blake wray [US],Unknown
Brendan Cornell [US],Unknown
Jeff Opp [US],Unknown
Ardienne Salas [CA],Unknown
Nicholas Hacquebord [US],Unknown
Devin Walker [US],Unknown
James Hicks [US],Unknown
Jay Medeiros [CA],Unknown
Ivan Aulbrook [CA],Unknown
Sky DelaCruz [US],Unknown
Chad Ukrop [US],Unknown
Jamal Simmons [US],Unknown
David Morrell [US],Unknown
Olivia Ambrosetti [US],Unknown
Christian Baumgarner [US],Unknown
Benjamin Chasen [US],Unknown
Baldemar Merlo [US],Unknown
Mateo Miskic [CA],Unknown
Patrick Liddy [US],Unknown
Zane Mihalko [US],Unknown
Michal Zaglewski [US],Unknown
Joey Gayda [US],Unknown
Ryan McGill [US],Unknown
Jojo West [US],Unknown
Steven Martinez [US],Unknown
Chi Chi Huang [US],Unknown
Austin Huynh [US],Unknown
Brandon Barcusky [US],Unknown
Jose Casillas [US],Unknown
Aaron Hunt [US],Unknown
Anthony Bulone [US],Unknown
David Berrios Corujo [US],Unknown
Ryan Krats [CA],Unknown
>10 TABLE Maria Camacho [CA],Unknown
Julian Gort-Barry [CA],Unknown
Brooke English [US],Unknown
Joseph Moore-Costa [US],Unknown
Andrew Moore [US],Unknown
Ithiel Arki [FR],Unknown
Nick Dela Torre [US],Unknown
Daniel Mantilla [US],Unknown
Santiago Bogota [CO],Unknown
Ajay Sridhar [US],Unknown
Patrick Buckley [US],Unknown
Justin Bean [US],Unknown
Evan Liu [US],Unknown
Conor Dupont [US],Unknown
Sam Rindal [US],Unknown
Alex Powidzki [US],Unknown
Addie Ward [US],Unknown
Jonathan Rodriguez [US],Unknown
George Lyu [US],Unknown
Josh Noah [US],Unknown
Alberto Tabares-Galarza [US],Unknown
Michael Ingalls [US],Unknown
Andrew Hedrick [US],Unknown
Zach Balside [US],Unknown
Dominic Vila [US],Unknown
Adam Burda [US],Unknown
Evan Schaeberle [US],Unknown
David Gervacio [US],Unknown
Bertha Pena [US],Unknown
Nicholas Moses [US],Unknown
Nicole Tolson [US],Unknown
Jonathan Bergman [US],Unknown
Alex Tomarelli [US],Unknown
Giannpierre Aquino [US],Unknown
Brian Wade [US],Unknown
Andrew Wheeler [US],Unknown
Lennon Baugh [US],Unknown
Nathan Barker [US],Unknown
Richard Shoemaker [US],Unknown
Nathaniel Lamar [US],Unknown
Jacob Bachmann [US],Unknown
George Yang [US],Unknown
Franco De Crescenzo [MX],Unknown
Alex Garcia [US],Unknown
Benjamin Chang [US],Unknown
Shashi Naraine [CA],Unknown
Tylor McCallumore [US],Unknown
Alexander Lopez [US],Unknown
Eric Lorenzen [US],Unknown
Olive Battaglia [US],Unknown
Charlie Thompson [CA],Unknown
Brian Mackes [US],Unknown
Colin Culbertson [US],Unknown
Jonhathan Vazquez [MX],Unknown
Justin Blanchard [US],Unknown
TomÃ¡Å¡ Å½ukovskÃ½ [CZ],Unknown
Juan Mora [US],Unknown
Bryan Funk [US],Unknown
Yunrong Cai [US],Unknown
Manuel Santos [US],Unknown
Zachary Paullet [US],Unknown
Matthew Reed [US],Unknown
Samuel Ortiz [US],Unknown
Tom Hellkamp [US],Unknown
Richard Washington [US],Unknown
David Edelson [US],Unknown
Dillon Johnson [US],Unknown
Xavier Clark [US],Unknown
David Hendrickson [US],Unknown
Armando Peralta [US],Unknown
Cam Telarico [US],Unknown
Evan Smith [US],Unknown
Jalen Jones [US],Unknown
Uddish Sood [US],Unknown
Francisco Magana [US],Unknown
Manuel Soto [US],Unknown
Aaron West [US],Unknown
Andrew Nunez [US],Unknown
Cody Highlan [US],Unknown
Brandon Corbett [US],Unknown
Melissa Grieve [US],Unknown
Jason Wang [US],Unknown
Cameron Roberts [US],Unknown
Ryan Kokrda [US],Unknown
Jordan Hoadley [CA],Unknown
Sergio Merino [US],Unknown
Alex Rubin [US],Unknown
Jonathan Costa [US],Unknown
Alexander Blake [US],Unknown
Alex Shub [US],Unknown
Michael Stallings [US],Unknown
Elgar Benavides [US],Unknown
Armaan Pahwa [US],Unknown
Thinh Vo [US],Unknown
Kenneth Xu [US],Unknown
Matt Chuang [US],Unknown
Tony Blackthorn [US],Unknown
Keller Hawkins [US],Unknown
Seth Savage [US],Unknown
Brandon Dean [US],Unknown
David Cooper [US],Unknown
Hal Stewart [US],Unknown
Kier Elizarraraz [US],Unknown
Taylor Petricca [US],Unknown
Michael Baker [US],Unknown
Tyler Wyrostek [US],Unknown
John Foster [US],Unknown
Dylan Lefavour [US],Unknown
Jakob Manton [CA],Unknown
Tanner Nobbe [US],Unknown
Lorenzo Menendez [CA],Unknown
Nate Hathaway [US],Unknown
Pierral Fontil [US],Unknown
>18 TABLE Joe Turrentine [US],Unknown
Michaela Zelaya [US],Unknown
Benjamin Nackman [US],Unknown
Kody Stone [US],Unknown
Elliot Sayles [US],Unknown
Andrew DaSilva [US],Unknown
oscar sowell [US],Unknown
Owen Dalgard [US],Unknown
Val Talbott [US],Unknown
Krystal Florendo [CA],Unknown
Aiden Casey [US],Unknown
Riley Malik [US],Unknown
Jason Ball [US],Unknown
Shane Pierce [US],Unknown
Nathaniel Edelman [US],Unknown
Shane Kelley [US],Unknown
SETH RAMOS [US],Unknown
Christopher Prozeralik [US],Unknown
Justin Torres [US],Unknown
Joshua Goodrich [US],Unknown
Chandler Crain [US],Unknown
Collins Eckard [US],Unknown
Jared Yost [US],Unknown
Lake Lubrano [US],Unknown
Paul Doherty [US],Unknown
Tony Phan [US],Unknown
Zack Umstead [US],Unknown
Jonathan Scott [US],Unknown
Noah Sakadjian [US],Unknown
Daniel Kus [US],Unknown
Kabir Virji [CA],Unknown
Christopher Leon [US],Unknown
Zachary Robinson [US],Unknown
Dylan Smith [US],Unknown
Adam Lester [US],Unknown
Emilio Pichardo [US],Unknown
Wade Miletto [US],Unknown
Zach Negomir [US],Unknown
Owen Gunnip [US],Unknown
Michael Otero [US],Unknown
Kenny Ngo [US],Unknown
Chase Santayana [US],Unknown
Jose Solorio [US],Unknown
Anthony Winks [US],Unknown
Ryan Bowman [US],Unknown
Brand Brackbill [US],Unknown
Lucas Richardson [US],Unknown
Austin Charles [US],Unknown
Alex Centeno [US],Unknown
John Stewart [US],Unknown
Michael Vo [US],Unknown
Isaiah Cheville [US],Unknown
Andrew Trautwein [US],Unknown
Dick Collier [US],Unknown
Robert Rupert [US],Unknown
Austin Lee [US],Unknown
Christopher Pendleton [US],Unknown
Taylor Hawley [US],Unknown
Alexane Bellemare [CA],Unknown
Chris Finch [US],Unknown
Jonathan Crespo [US],Unknown
Patrick Rampton [US],Unknown
Pedro Luna [US],Unknown
Cristian Rivera Nales [US],Unknown
John Sundstrom [US],Unknown
Wayne Trader [US],Unknown
Bobby Ou [US],Unknown
Andrew Epler [US],Unknown
Tom Day [CA],Unknown
Jonathan Valenzuela [US],Unknown
Luke Paul [US],Unknown
Austin Davis [US],Unknown
Tim Vince [CA],Unknown
Matthew Hubbard [US],Unknown
Ramon Miranda [US],Unknown
Nathan Hollar [US],Unknown
Anthony Alvelo [US],Unknown
Shawn Curtis [US],Unknown
Sam Hogue [US],Unknown
Layla Merritt [US],Unknown
Benji Hecker [US],Unknown
Kenny Latham [US],Unknown
Josh Lamb [US],Unknown
Solomon Shurge [US],Unknown
HECTOR IBARRA [US],Unknown
Nathan Ginsburg [US],Unknown
Shawn Mills [US],Unknown
Kevin Robinson [US],Unknown
Jaren Alamo [US],Unknown
Jared Sanders [US],Unknown
Chris Siakala [US],Unknown
Avery Appleby [US],Unknown
Kevin Qi [US],Unknown
Matt Resong [US],Unknown
Emmi Stonier [US],Unknown
James Byrum [US],Unknown
Justin Turner [US],Unknown
Hunter Morales [US],Unknown
Grant Manley [US],Unknown
Tyler Keller [US],Unknown
William Owen [US],Unknown
Wesley Renye [US],Unknown
Elmerande Santos Jr. [US],Unknown
Tate Whitesell [US],Unknown
William Timmermeyer [US],Unknown
Jariel Castillo [US],Unknown
Andrew Padron [US],Unknown
>2 TABLE Ben Wing [US],Unknown
Caleb Ramey [US],Unknown
Kevin Ware [US],Unknown
Sean Jackson [US],Unknown
Jessie DAndrea [US],Unknown
Adrian Mejia Galvez [MX],Unknown
Anthony Romanello [US],Unknown
Elineury Collado [US],Unknown
Tony Vuong [US],Unknown
Kyle Takafuji [US],Unknown
alexys rodriguez [US],Unknown
Dorian Djuric [CA],Unknown
Daniel Soto [MX],Unknown
Roberto Purcell [US],Unknown
Corey Blessing [US],Unknown
Kris Kavanagh [US],Unknown
Kenneth Sauls [US],Unknown
Ethan Matijevic [US],Unknown
Jamie Jiang [US],Unknown
Jared Justin Alday [US],Unknown
Sable Creech [US],Unknown
Christopher Carrier [US],Unknown
Dallas White [US],Unknown
Brenden Littlefield [US],Unknown
Lenny Harrison [US],Unknown
Anthony Grasso [US],Unknown
Shukri Ideis [US],Unknown
Joshua Rivera [US],Unknown
Matthew Balbour [US],Unknown
Javier Skwara [US],Unknown
Alexandre Ouellette [CA],Unknown
Logan Nelson [US],Unknown
Fabian Glenn [US],Unknown
Rick Wilt [US],Unknown
Ian Hunter [US],Unknown
Alex Kalbach [US],Unknown
Girado Smith II [US],Unknown
Alex Fusco [US],Unknown
Juan Flores [US],Unknown
Thomas Earle [US],Unknown
Damian Musick [US],Unknown
Richard Disney [US],Unknown
William Hughes [US],Unknown
Nathaniel Zlockie [US],Unknown
Jarrett Ruppert [US],Unknown
John Hudson [US],Unknown
Christopher Regan [US],Unknown
Cody Barker [US],Unknown
Scott Miller [US],Unknown
Justin Perea [US],Unknown
Jorge Chavez [US],Unknown
Alexis Gonzales [US],Unknown
Michael Choromanski [US],Unknown
Jon-Vincent Gonzalve [US],Unknown
Erick Benavides [US],Unknown
Larry Russano [US],Unknown
Matthew Bullock [US],Unknown
Nolan O'Brien [CA],Unknown
Michael Bergerac [US],Unknown
Alexander Lantz [US],Unknown
Alejandro GarcÃ­a moreno [MX],Unknown
Aidan Cioppa [US],Unknown
Nico Tepper [US],Unknown
Sean Robison [US],Unknown
David Kramer [US],Unknown
Bradley Winters [US],Unknown
Richard Wisneski [US],Unknown
Nathan Spencer [US],Unknown
Michal JelÃ­nek [CZ],Unknown
Michael Cacilhas [US],Unknown
Deandre Ratcliffe [US],Unknown
Christina Wang [US],Unknown
Vaughn Weber [US],Unknown
Noah Ruffin [US],Unknown
Bryan Ortiz [CA],Unknown
Ryan Vaughn [US],Unknown
Javier Rosano [MX],Unknown
Ashley Thacker [US],Unknown
Joseph Chigbrow [US],Unknown
Devin Holland [US],Unknown
Holly Sturm [US],Unknown
Taylor Mitchell-Hearon [US],Unknown
Yasiel Ramos [US],Unknown
Matthew Barbeau [US],Unknown
DANNY MIRANDA [US],Unknown
Max McKitrick [US],Unknown
Miguelangel Romero [US],Unknown
Alejandro Buritica [US],Unknown
Justin Theriault [US],Unknown
Timothy Daughtridge [US],Unknown
Dave Pasquale [US],Unknown
Noah Peltier [US],Unknown
Grant Shen [US],Unknown
Regan Retzloff [US],Unknown
Walker Halliburton [US],Unknown
Christian Chase [US],Unknown
Abe Morales [US],Unknown
Silas Umble [US],Unknown
James Lewis [UK],Unknown
Luis Chen [CO],Unknown
Chris Costa [US],Unknown
Zachary Heeter [US],Unknown
Michael Kelly [US],Unknown
Austin Cox [US],Unknown
Robert Walther [US],Unknown
Kevin Andrade [US],Unknown
Johnathan Neville [US],Unknown
Alexa Weidner [US],Unknown
Ben Haynes [US],Unknown
Donald Cao [US],Unknown
Michael Porter [US],Unknown
Anthony Lopez [US],Unknown
James Balasiak [CA],Unknown
Sean Timmons [US],Unknown
Atomos Billings [US],Unknown
Gregory Haan [US],Unknown
Adam Towe [US],Unknown
Darin O'Meara [US],Unknown
Kevin Herrera [US],Unknown
michael martin [US],Unknown
Logan Fallick [US],Unknown
Michael Holmblad [US],Unknown
David Laietta [US],Unknown
Alex Mullen [US],Unknown
Aaron Curry [US],Unknown
Alexander Welsh [US],Unknown
Rachel Gaston-Pifer [US],Unknown
Benjamin Martinsen [NO],Unknown
Yoshii Ma [US],Unknown
Izaiah Santiago [US],Unknown
Charles Ames [CA],Unknown
Allen Terry [US],Unknown
Jacob Angelo [US],Unknown
Jason Stirling [US],Unknown
Kyle Haverland [US],Unknown
John Loveless [US],Unknown
Frederick Hoban [US],Unknown
Andrew Antony [US],Unknown
Chad James [US],Unknown
Nathan Lamb [US],Unknown
Jonathan Calixto [US],Unknown
>7 TABLE Kai Shahmeen Kasim [US],Unknown
Benjamin TrÃ©panier [CA],Unknown
Nicholas Gash [US],Unknown
Ryan Reichley [US],Unknown
Axel Alvarez [US],Unknown
Sujith Nalabolu [US],Unknown
Nicholas Frank [US],Unknown
Zachary Lazaroff [US],Unknown
paul melius [US],Unknown
Nick Guzman [US],Unknown
Matt Guyan [US],Unknown
Thomas McCabe [US],Unknown
Rose Little [US],Unknown
Ramiro Galindo [US],Unknown
Teegan Hall [US],Unknown
Bill Papasea [US],Unknown
Asher Johnson [US],Unknown
Nate Joseph [CA],Unknown
Daniel Powell [US],Unknown
Elijah Bodie [US],Unknown
Jordan Hollins [US],Unknown
Jimmy Sherman [US],Unknown
Aimee Crouse [US],Unknown
Bryan Lyons [US],Unknown
Joshua De Michele [US],Unknown
Alyssa Gilman [US],Unknown
Andrew Tucker [US],Unknown
Kenneth Springett [US],Unknown
TJ Faulkner [US],Unknown
Preston Rutledge [US],Unknown
Kevin Handley [US],Unknown
Chandler Summers [US],Unknown
Victor Cabrera [US],Unknown
Anthony Allmond [US],Unknown
Joseph Guillen [US],Unknown
Jiazuo Sun [US],Unknown
Richard Clarke [US],Unknown
Braden Jackson [US],Unknown
Erick Mauricio [US],Unknown
John Matos Ramos [US],Unknown
Arjun Khadse [US],Unknown
Christian Kuhn [US],Unknown
Fillion Jeanraphael fillio [CA],Unknown
Luis Olivera [US],Unknown
Colton Kimberly [US],Unknown
Marco Costa [US],Unknown
Justin Barcusky [US],Unknown
Ruben Flores [US],Unknown
David Ranney [US],Unknown
Jordan Folsom [US],Unknown
Nathan Brower [US],Unknown
Justin Liu [US],Unknown
Fausto Guerrero [MX],Unknown
Benjamin Cusack [CA],Unknown
Brinley Evans [US],Unknown
Evan Aronhalt [US],Unknown
Ana Hoffman [US],Unknown
Mikela Gassert [US],Unknown
Anthony Spanitz [US],Unknown
Thomas Mobley [US],Unknown
Jessica Siders [US],Unknown
Julian Strickland [US],Unknown
Hampton Morton [US],Unknown
Serena Shafer [US],Unknown
Eric Trinh [US],Unknown
Wojtek Gronek [CA],Unknown
Aaron Dearborn [US],Unknown
Anthony Smith [US],Unknown
Aidan Montgomery [US],Unknown
Hanzell Caballero [MX],Unknown
Michael Branch [US],Unknown
Malachi Rivera [US],Unknown
Matthew Moyano [US],Unknown
Michelle Messinger [US],Unknown
Reese Tiller [US],Unknown
Luis Carlos Sanchez Rojas [MX],Unknown
John Jackson [US],Unknown
Jonathan Cosme [US],Unknown
joe ORTIZ [US],Unknown
Jon Bradshaw [US],Unknown
Nicolas Piquerez [UY],Unknown
Adam Weiner [US],Unknown
Sam Grodnitzky [US],Unknown
James Jackson [US],Unknown
Travis Shows [US],Unknown
Joe Chee [US],Unknown
Miguel Alejandro Hernandez Garcia [MX],Unknown
Bruce Kistler [US],Unknown
Connor Finton [US],Unknown
Joseph Feliciano Garcia [US],Unknown
Alexander Reis [US],Unknown
James :3 Musser ^_^ [US],Unknown
Dylan Donley [US],Unknown
Daniel Fappiano [US],Unknown
Dillon Ryan [US],Unknown
Nicholas Zappardino [US],Unknown
Justin Lambert [US],Unknown
Luke Fink [US],Unknown
Daniel Mayorga [US],Unknown
Chris Frontiero [US],Unknown
Kien Nguyen [US],Unknown
Alexander Diaz [US],Unknown
Zach Burkhardt [US],Unknown
David Scott [US],Unknown
Juan Dominicci [US],Unknown
John Hunschofsky [US],Unknown
Joshua Owens [US],Unknown
Robby Weidman [US],Unknown
Kyle Madison [US],Unknown
Alston Hall [US],Unknown
Elliott Chereches [CA],Unknown
Blake Eure [US],Unknown
Ryan Miller [US],Unknown
Loren Sowell [US],Unknown
Beau Fleetwood [US],Unknown
Sally Corso [US],Unknown
Nabeel Hyatt [US],Unknown
Jack Gregory-Campbell [UK],Unknown
Jesse Gaynor [US],Unknown
Kyle Lesniewicz [US],Unknown
Sam Ertman [US],Unknown
John Parsons [US],Unknown
Gian Carlo Diaz [MX],Unknown
Mitchell O'Neill [US],Unknown
Clifton Dalgard [US],Unknown
Ryan Bownes [US],Unknown
Joseph Hildebrand [US],Unknown
Stephen Willey [US],Unknown
Christopher Sanchez [US],Unknown
Mose Galdames-Henry [US],Unknown
Anthony Dolan [US],Unknown
Hieu Nguyen [CA],Unknown
Valentino Hahn [US],Unknown
jared lacko [US],Unknown
Calvin Connor [US],Unknown
Anthony Saia [US],Unknown
Tanner Drabek [US],Unknown
Brandon Salazar [US],Unknown
Paul DeJesus [US],Unknown
Michael Moskal [US],Unknown
Edwin Cohetero [US],Unknown
Guillermo Rosales [MX],Unknown
Tyler Crouthamel [US],Unknown
David Cline [US],Unknown
Tristan Fink [US],Unknown
Marc Perry [US],Unknown
FREDDIE LOPEZ [US],Unknown
Mitchell Roberge [US],Unknown
Kaylee Hatfield [US],Unknown
Luke Levy [US],Unknown
Fayez Syed [US],Unknown
Michael Vamos [US],Unknown
Bryan Bare [US],Unknown
Sebastian Eaton [US],Unknown
Gabriel Magidson [US],Unknown
Matthew Ward [US],Unknown
Benjamin Grove [US],Unknown
Brennon Conner [US],Unknown
garrett briglia [US],Unknown
frank biddle [US],Unknown
William Peng [US],Unknown
Bradley Erickson [US],Unknown
Chase Hoffman [US],Unknown
Kipling Tidwell [US],Unknown
Grayson Lang [US],Unknown
Joshua Miranda [US],Unknown
Christina Korsak [US],Unknown
Zachary Leverett [US],Unknown
Cody Hanson [US],Unknown
Halim Bourjeili [US],Unknown
Roger Febuary [US],Unknown
Jeyein Cepillo [US],Unknown
Michael Hunter [IE],Unknown
Victor De Velasco [MX],Unknown
George Cameron [US],Unknown
Mitch Watson [CA],Unknown
Millan Patel [US],Unknown
Wenhao Zou [US],Unknown
Carlos Artze [US],Unknown
Troy Schmidt [US],Unknown
minick stone [US],Unknown
Emily Rhodes [US],Unknown
Mikey Kalb [US],Unknown
Benjamin Menzner [US],Unknown
Brock Robertson [US],Unknown
Cooper Rice [US],Unknown
Kenneth Bishop [US],Unknown
Frank GarcÃ­a [US],Unknown
Yehoshua Tate [US],Unknown
Ulysses Sanchez [US],Unknown
Michael Heredia [US],Unknown
April Bartelli [US],Unknown
CÃ©dric Paporello [FR],Unknown
Bryant Setzler [US],Unknown
Joseph Mineo [US],Unknown
Mike Riley [US],Unknown
Brandon Stull [US],Unknown
Lyra Kraemer [US],Unknown
Michael MacKay [US],Unknown
Scott Patchett [CA],Unknown
Shreyas Pani [US],Unknown
Alexandre ParÃ© [CA],Unknown
Alex Jeong [CA],Unknown
Zhaohan Yan [US],Unknown
Logan Grady [US],Unknown
Priyansh Lunia [US],Unknown
Jeffrey Thompson [US],Unknown
Jose Rosales [US],Unknown
StÃ©phane Ivanoff [FR],Unknown
Saharut Teavahasakulthong [US],Unknown
Greg Pope [UK],Unknown
Justin Navickas [US],Unknown
Jennifer Sese [US],Unknown
Martin Paredes [US],Unknown
Ramon Mera [US],Unknown
Grant Keating [US],Unknown
Robert Burley [US],Unknown
Gary Ye [CA],Unknown
Cody Bowers [US],Unknown
Dylan Price [US],Unknown
Tim Hough [US],Unknown
Brian Ha [US],Unknown
Matthew Cocke [US],Unknown
Alparslan Cevik [US],Unknown
Armando Lopez [US],Unknown
Tucker Louis [US],Unknown
Zackariah Ward [US],Unknown
Alexander Katsarsky [US],Unknown
Jack Beecher [US],Unknown
Alex Lyons [US],Unknown
Kenan Poole [US],Unknown
Darion Schroeder [US],Unknown
Anthony DiNino [US],Unknown
Chris Johncox [US],Unknown
Mihajlo Radic [CA],Unknown
John Oâ€™Donald [US],Unknown
Kai Coe [US],Unknown
Aaron McClure [US],Unknown
Thierry Lessard-Vignini [CA],Unknown
Derek OBryan [US],Unknown
William Cardoso [US],Unknown
Gio Catro [US],Unknown
Dominick Ciampi [US],Unknown
Sean Hargrave [CA],Unknown
Bailey Bennett [US],Unknown
Russell Ricotta [US],Unknown
Ty Browning [US],Unknown
Nicholas Cucinelli [US],Unknown
John Pisaneschi [US],Unknown
Chris Pagan [US],Unknown
Haokun Yang [US],Unknown
Aidyn Moye [US],Unknown
Alec Pinson [US],Unknown
Jaikob Schmelzer [US],Unknown
Carlos ortiz [MX],Unknown
Brett Hartmann [US],Unknown
Conner Angus [US],Unknown
Mina Altman [US],Unknown
Jenna Pace [US],Unknown
Drew Berger [US],Unknown
Hannah Thilmony [US],Unknown
Darren Jacques [UK],Unknown
Nicholas Uterano [US],Unknown
Diamonti Noble [US],Unknown
Armando Arce [US],Unknown
Curt Newsome [US],Unknown
Rob Hopper [CA],Unknown
William Harbuck [US],Unknown
Michael Outler [US],Unknown
Samuel Tolson III [US],Unknown
Fred Neilan [US],Unknown
Orion Perez [US],Unknown
Nick Cunningham [US],Unknown
Stephen Riley [US],Unknown
Haley Tebo [US],Unknown
Andreya Dunks [US],Unknown
Francisco Juarez [US],Unknown
Ryan Mohar [US],Unknown
Michael Bond [US],Unknown
Lindsey Vatter [US],Unknown
Skyler Beckett [US],Unknown
Joshua Pyle-Carter [CA],Unknown
Jerry Li [US],Unknown
>1 TABLE Austin Beck [US],Unknown
Emily Rainsberger [US],Unknown
Adam Melchin [US],Unknown
Steven Dumeng [US],Unknown
Tarun Eisen [US],Unknown
Vincent Bettex [US],Unknown
Alif Masron [US],Unknown
Damian Luterek [US],Unknown
Leighton Catton [US],Unknown
Christopher Truax [US],Unknown
Chrissy Johnson [US],Unknown
Sidney Henry [US],Unknown
William Kekacs [US],Unknown
Evan Cypher [US],Unknown
Paul DeRienzo [US],Unknown
Rebecca Eberlin [US],Unknown
Robert Adams [US],Unknown
Jason Verly [US],Unknown
Jeffrey Mayancela [US],Unknown
Anthony Daubney [US],Unknown
Keven Muniz [US],Unknown
Paul Hughes [US],Unknown
Sharath Cherian [US],Unknown
Zachary Smart [US],Unknown
Anthony Guevara [US],Unknown
Anthony Mamakos [US],Unknown
Allyssa Kephart [US],Unknown
Jaron Deacon [US],Unknown
Dominique Cuellar [US],Unknown
Amy Jones [US],Unknown
luke Daigle [CA],Unknown
Wendy Novak [US],Unknown
Tony Bella [US],Unknown
Juan Cabrera [DO],Unknown
Zachary Klinefelter [US],Unknown
David Donner [CA],Unknown
Joshua Davis [US],Unknown
Jeremiah Neumann [US],Unknown
Luis Morales [US],Unknown
Luis BaÃ±on [PE],Unknown
Zak Braun [US],Unknown
Adrian Barrientos [US],Unknown
Alexa Belgard [US],Unknown
Xavier Kerr [CA],Unknown
Rob Thompson [US],Unknown
Francisco Lopez [US],Unknown
Brandon Wright [US],Unknown
Trevor Passmore [US],Unknown
Stephen Scicluna [CA],Unknown
Joseph Sanchez [US],Unknown
Michael Formanek [US],Unknown
Donny Nguyen [US],Unknown
John Wroblewski [US],Unknown
Jay Carter [US],Unknown
Angel Huezo [US],Unknown
Jack Botonis [US],Unknown
Tavaris Dunn [US],Unknown
Zairy Allary [CA],Unknown
Angel Cornejo [US],Unknown
Chris Barry [US],Unknown
Jim Montgomery [US],Unknown
Jacqueline Wallis [US],Unknown
Anthony Sperry [US],Unknown
BRIAN WASSOM [US],Unknown
Max Martin [US],Unknown
Eddwin Gregg [US],Unknown
Alfredo Torres [MX],Unknown
Aditya Singh [US],Unknown
Jonathan Sukenik [US],Unknown
James Jason [US],Unknown
Patrick Littleson [US],Unknown
Anthony Canizalez [US],Unknown
Robin Schulz [DE],Unknown
Edmar Fonseca [US],Unknown
Josh Marking [US],Unknown
Sebastian Ardila [US],Unknown
Eric Ridgeway [US],Unknown
Nicholas Queiroz [US],Unknown
Cody Friend [US],Unknown
Adam Harris [US],Unknown
Luis Fernando Guzman Ortiz [US],Unknown
Michael Borden [US],Unknown
vincent gillette [US],Unknown
Ben Higdon [US],Unknown
Marc Walsh [US],Unknown
MELVIN AUZA [US],Unknown
Soumil Dusara [US],Unknown
Collin Ray [US],Unknown
Grayson McKinley [US],Unknown
Kyle Rios [US],Unknown
Jackson Zipp [US],Unknown
Santiago Rodriguez [US],Unknown
Douglas Cox [US],Unknown
Joseph Huber [US],Unknown
santiago abreu [US],Unknown
Conor Devins [US],Unknown
Mark Nilson [US],Unknown
Zach Jones [US],Unknown
RON ROUTHIER [US],Unknown
Jeremiah Bergman [US],Unknown
Kelly Pomrenke [US],Unknown
Jake Szafranski [US],Unknown
Robert Meyers [US],Unknown
Ivan Martinez [MX],Unknown
Frank Mintmire [US],Unknown
Benjamin DeGuire [US],Unknown
Kyle Irvine [US],Unknown
Nico Gist [US],Unknown
Jake Crane [US],Unknown
Kevin Chan [US],Unknown
Jeffrey Shine [US],Unknown
Sean Dexter [US],Unknown
Sam George [US],Unknown
Evan Bennett [US],Unknown
Vincent Mangubat [US],Unknown
Trevor Howard [US],Unknown
Daniel Tramontana [US],Unknown
George Alonso [US],Unknown
Matthew Hill-Kent [CA],Unknown
Christopher Gonzalez [US],Unknown
Bret Collette [US],Unknown
Clay Gruber [US],Unknown
Kevin Deitche [US],Unknown
Devin BARBIER [US],Unknown
Danny Thrasher [US],Unknown
Tommy Nguyen [US],Unknown
zachary herson [US],Unknown
Paul Doherty [UK],Unknown
Michael Price [US],Unknown
Edward Valencia [US],Unknown
jamie mosley [US],Unknown
Tanner Sesler [US],Unknown
Tien Cao [US],Unknown
Anthony Ramsay [US],Unknown
Mikey Wityk [US],Unknown
Adam Wittman [US],Unknown
Chris Kingsley [US],Unknown
Joan Morsa [US],Unknown
Christian Cantelon [CA],Unknown
Jonathan Diaz-Sierra [US],Unknown
Amelia Dominey [US],Unknown
Josh Chevigny [US],Unknown
Steven Menchaca [US],Unknown
Nairobi Gammage [US],Unknown
John Burke [US],Unknown
Harrison Turner [US],Unknown
Ryan Gonzalez [US],Unknown
Aurora Foxworth [US],Unknown
Noah Maxwell [US],Unknown
Aaron Minifield [US],Unknown
Ali Thome [US],Unknown
Ryan Chan [SG],Unknown
Sammy Ketchum [US],Unknown
Adam Solomon [US],Unknown
Brian Dougherty [US],Unknown
Daven Zeng [US],Unknown
Erica Lekawski [CA],Unknown
>17 TABLE Kelsey Stapler [US],Unknown
William Gunnoe [US],Unknown
Jan Dominguez [US],Unknown
Bob Holleman [US],Unknown
Stephen Felkel [US],Unknown
Ryan Levine [US],Unknown
Casey Lamrouex [US],Unknown
Katelin Pawela [US],Unknown
Chris Larson [US],Unknown
Chey Bocanegra [US],Unknown
Kristen Dyess [US],Unknown
Brandon Brodzinski [US],Unknown
Owen Wright [US],Unknown
>12 TABLE Thomas Kobbs [US],Unknown
Alison Fazenbaker [US],Unknown
Nick Alvarez [US],Unknown
Benson CHENG [US],Unknown
Alex Rafala [US],Unknown
James Bratton [US],Unknown
Kevin Roberts [US],Unknown
Austin Caruso [US],Unknown
Iosefka Moore [US],Unknown
Tyler Blaker [US],Unknown
David Van [US],Unknown
kevin reese [US],Unknown
Chenhui Yang [CN],Unknown
Matthew Mendez [US],Unknown
>5 TABLE Charlotte Pettitt [US],Unknown
kasey clark [US],Unknown
Luis Luna [US],Unknown
Zaki Harris [US],Unknown
Blain Hinegardner [US],Unknown
Brittnay Moore [US],Unknown
>13 TABLE Jacob Pimental [US],Unknown
Jackson Warters [US],Unknown
Jared Kitzmiller [US],Unknown
Devin Steisel [US],Unknown
Audrey Archambault [CA],Unknown
Andres Alba [US],Unknown
Jean-Paul Benetti [US],Unknown
Ethan Marshall [US],Unknown
Caroline Albanese [US],Unknown
Brayden Curtis [US],Unknown
Joshua Sambrano [US],Unknown
Matthew Walters [US],Unknown
Zach Goodwin [US],Unknown
Jacob Scott [US],Unknown
Cameron Ware [US],Unknown
Gabriel Westervelt [US],Unknown
Wyatt York [US],Unknown
Jermell Parrish [US],Unknown
Toribio nataren [US],Unknown
Brandon Lane [US],Unknown
Brandyn Holland [US],Unknown
Andrew Zheng [US],Unknown
Murat Gursoz [US],Unknown
John Wanggaard [US],Unknown
Shira Yunker [US],Unknown
Karl Bibelnieks [US],Unknown
Ayana May [US],Unknown
Riley Hulbert [US],Unknown
Evan Dusseljee [US],Unknown
Alexander Pagnani [CA],Unknown
William Chang [US],Unknown
Josh Nichols [US],Unknown
Landon Riffle [US],Unknown
Jason Whittle [US],Unknown
Michael Zele [US],Unknown
Jory Williams [US],Unknown
Mauro Fernandez [US],Unknown
Justin Borkowski [US],Unknown
Will Jenkins [US],Unknown
Ryan Smith [US],Unknown
Luke Maher [US],Unknown
Eric Vachon [CA],Unknown
Mateo Thompson Soto [US],Unknown
Gabe Shumway [US],Unknown
Alexandro Amaya [US],Unknown
Dylan Gellis [US],Unknown
Jeremy Medina [US],Unknown
James Thompson [US],Unknown
Dylan Truncone [US],Unknown
Juan Escalera [US],Unknown
Joshua Sosvielle [US],Unknown
Kristopher Gerald [US],Unknown
Seth Cocolin [US],Unknown
Gus Izquierdo [US],Unknown
Lucas Nesslerodt [US],Unknown
Seth Stagner [US],Unknown
Bennett McKinney [US],Unknown
Dominick Caparotti [US],Unknown
Thomas Dewsbury [US],Unknown
Ryan Zimmerman [US],Unknown
Sam Martin [US],Unknown
Tanner Leonardo [US],Unknown
Tyler Ralston [US],Unknown
Drew Wilson [US],Unknown
Leon Hill [US],Unknown
Josh Maline [US],Unknown
Chris Stumpf [US],Unknown
Anthony Barragan [US],Unknown
Kelsen Whitehair [US],Unknown
Spencer Whitehurst [US],Unknown
Alexander Chea [US],Unknown
Matthew Jacko [US],Unknown
Matthew Meyer [US],Unknown
Alberto Plasencia [US],Unknown
Makayla Penney [US],Unknown
Kevin Ajolt Nguyen [US],Unknown
Austin Cook [US],Unknown
Evan Verly [US],Unknown
Zach Lowman [US],Unknown
Han Garrett [US],Unknown
Devin Trinh [US],Unknown
Aaron Sowell [US],Unknown
ANDREW GANTNER [US],Unknown
Darian Spencer [US],Unknown
Jack Shepard [US],Unknown
jeremy asuncion [US],Unknown
Christian Feliciano [US],Unknown
Michael Mazzone [US],Unknown
Hannah Vaughn [US],Unknown
Jakob Foster [US],Unknown
Nicholas Morello [US],Unknown
William Wical [US],Unknown
Alli Baumgarner [US],Unknown
Avery Stern [US],Unknown
Joseph Maressa [US],Unknown
Konnor Burch [US],Unknown
Ryan Wasilewski [US],Unknown
Logan Washburn [US],Unknown
Justin Morris [US],Unknown
Charlie Kuiawa [US],Unknown
Hugo MENDOZA [US],Unknown
Anthony Menchaca [US],Unknown
Olivier Gosselin [US],Unknown
Harley Sellinger [US],Unknown
Collin Merli-Matthews [US],Unknown
Nate Moonis [US],Unknown
Brad Jackson [US],Unknown
Matthew Moruzzi [US],Unknown
Felix Klucefski [US],Unknown
Shawn Cobb [US],Unknown
Ari Gelfond [US],Unknown
Aquilino Diaz [US],Unknown
Kyle Quan [US],Unknown
Jeremy Gibbs [US],Unknown
Edelgard Fox [US],Unknown
Tyson Holder [US],Unknown
Rohan Angala [US],Unknown
Brennon Oster [CA],Unknown
PJ Witusik [US],Unknown
Kristopher Powell [US],Unknown
Paul Menyo [US],Unknown
Alex Espinosa [US],Unknown
Steve Wimmer [US],Unknown
Liam Hyatt [US],Unknown
Chancellor Martin [US],Unknown
Andrew Wisniewsky [US],Unknown
Scott Brandow [US],Unknown
Cris Calderhead [US],Unknown
Daniel Wright [US],Unknown
Avery Paro [US],Unknown
Niko Sanville [US],Unknown
Callie Moore [CA],Unknown
Wayne Clarke [US],Unknown
Luis Torres [US],Unknown
James Juliano [US],Unknown
Kevin Riley [US],Unknown
Hassan Jamy [US],Unknown
Daniel Ceculski [US],Unknown
Meghan Seerey [US],Unknown
CALVIN MATSON [US],Unknown
Seth Culp [US],Unknown
Alex Kravets [US],Unknown
Rayne Davidson [US],Unknown
Jakob Brown [CA],Unknown
Andrew Buckner [US],Unknown
Renee Vogelle [US],Unknown
Armando Martinez Lopez [US],Unknown
Eric Lau [CA],Unknown
Jacob Culley [US],Unknown
Damian Schell [US],Unknown
Ellicia Myles [US],Unknown
Jen Funck [US],Unknown
Taielir Parsons [US],Unknown
Calvin Tahan [US],Unknown
Eli Shultz [US],Unknown
Lisia Oppedal [US],Unknown
Tyler Beltran [US],Unknown
Meredith Kruger [US],Unknown
Chris Tompkins [US],Unknown
Greg Ordun [US],Unknown
Daniel Lucio [US],Unknown
Matthew Ball [US],Unknown
Liam Conicella [US],Unknown
John Karluk [US],Unknown
Christopher Buchanan [US],Unknown
Titus Wu [US],Unknown
John Chesek [US],Unknown
Tyler Cummings [US],Unknown
Elizabeth Rodriguez [US],Unknown
Scoty Arana [US],Unknown
Steven Chisholm [US],Unknown
>16 TABLE Victoria Barry [US],Unknown
Nicholas Shuba [US],Unknown
Nathan Caldwell [US],Unknown
Bryan Daly [US],Unknown
Jake Palmas [US],Unknown
Matthew Trent [US],Unknown
Zachary Sipling [US],Unknown
Drew Kelly [US],Unknown
Conner Scott [US],Unknown
Ty Wilcox,Unknown
Vincent Bellafiore [US],Unknown
Soon Jung [US],Unknown
Benjamin Ebisuzaki [US],Unknown
Carl Lippman [US],Unknown
Trevor Trego [US],Unknown
Luke Talkington [US],Unknown
Frank Marchante [US],Unknown
Benjamin Sallavanti [US],Unknown
Patrick Brodesser [US],Unknown
Jose Zelaya [US],Unknown
Annie Haberstroh [US],Unknown
Brendan Dixon [US],Unknown
Henry Charnock [US],Unknown
Samuel Anserello [US],Unknown
Bradley Allen [US],Unknown
Matt Ronnenberg [US],Unknown
chris audax [US],Unknown
Vina Abrahams [US],Unknown
>4 TABLE Camilla Salvatore,Unknown
Connor McNamara [US],Unknown
Ronald Sharpsteen [US],Unknown
Angelo Robinson [US],Unknown
Cole Knie [US],Unknown
Rasheen Powell [US],Unknown
Corey Reynolds [US],Unknown
Miranda Shevertalov [UK],Unknown
Eric Rink [US],Unknown
William Metcalf [US],Unknown
Jacob Davis [US],Unknown
Austin Myers [US],Unknown
Cristian Montas [US],Unknown
Katie Wilson [US],Unknown
Jonathan Connell [US],Unknown
Andrew Pennington [US],Unknown
Julia Haddad [US],Unknown
Marissa Antuneztapia [US],Unknown
Adam Vigil [US],Unknown
Jose Padilla Macias [US],Unknown
Everardo Garduno [US],Unknown
Dylan Parris [US],Unknown
Jeffrey Miller [US],Unknown
Haoyan Kang [CN],Unknown
Justin Bertsch [US],Unknown
Mari Todd [US],Unknown
Nikolas Christodoulou [US],Unknown
Shaun Barlow [US],Unknown
Kris Pastrana [US],Unknown
Trevor LeBlanc-Vacon [US],Unknown
Geovany Ramirez [US],Unknown
Oliver Kidby-Hunter [UK],Unknown
Jack Stillwell [US],Unknown
Will Kriewall [US],Unknown
Marcus Odom [US],Unknown
Jan Armendariz-Bones [US],Unknown
Tom Chen [US],Unknown
Jonathan Thompson Sr [US],Unknown
Dorian Luckie [US],Unknown
Nate Goodell [US],Unknown
Lindsay Reid [US],Unknown
Brian Bae [US],Unknown
Garrett Whittaker [US],Unknown
Anthony Giler [US],Unknown
TJ Guistwite [US],Unknown
Gabriel Simon [US],Unknown
Chris Smith [US],Unknown
Jackie Wei-Ning Li [US],Unknown
Andrew Snaith [US],Unknown
Anthony Friszell [US],Unknown
Eric Gersher [US],Unknown
Ella Gallagher [US],Unknown
Neal Stuntz [US],Unknown
Omar Patterson [US],Unknown
Jake Murray [US],Unknown
Donovan Vanorsdale [US],Unknown
Alex Taber [US],Unknown
Ryan Graywacz [US],Unknown
Keaton Gill [US],Unknown
Nicholas Candelaria [US],Unknown
Joseph Esposito [US],Unknown
Philip Schulz [DE],Unknown
Oliver Hinton [US],Unknown
Nicholas Montanez [US],Unknown
Tariq Eddington [US],Unknown
Cynthia Rodriguez [US],Unknown
Teresa Panurach [US],Unknown
Nico Alabas [DE],Unknown
Nate Newton [US],Unknown
Leonardo Guevarra [CA],Unknown
Cameryn Epler [US],Unknown
Nicholas Mileo [US],Unknown
Rajveer Singh [US],Unknown
Jessica Strader [US],Unknown
Corey Roach [US],Unknown
roy smith [US],Unknown
Andrew Farkash [US],Unknown
William Raymond [US],Unknown
Matt Banna [US],Unknown
Elmer Turcios [US],Unknown
Elliot Muskat [US],Unknown
Walker Moss [US],Unknown
Kevin Ochoa [US],Unknown
Perry Smith [US],Unknown
Benjamin Daponte-Lafantaisie [CA],Unknown
Adrian Moreno [US],Unknown
pedro nuevo [US],Unknown
Joshua Van Hees [US],Unknown
Jose Paolo Veloso [CA],Unknown
Andy Jiang [US],Unknown
Chandler Mills [US],Unknown
Lexi Wyatt [US],Unknown
Cleveland White [US],Unknown
Paul Lim [US],Unknown
Mathew Szeremeta [CA],Unknown
Bryan Medina [US],Unknown
Diego Fernandez [US],Unknown
Yuji Torikai [US],Unknown
Paul Thompson [CA],Unknown
Joseph DiPalermo [US],Unknown
Melanie Stamm [US],Unknown
Brennan Channon [US],Unknown
Nate Manning [US],Unknown
Andrew Emerson [US],Unknown
Eleni Kitzmiller [US],Unknown
Nick Fleming [US],Unknown
Ben Belton [US],Unknown
Anthony Angiolillo [US],Unknown
Michael Gorse [US],Unknown
Douglas Dillin [US],Unknown
Robert Fiorini [US],Unknown
Joe Rowe [US],Unknown
Clyde 'Ty' Booth [US],Unknown
Brandon Adams [US],Unknown
Casey Bennink [US],Unknown
Tanabat Yungyuanamornrit [US],Unknown
Caleb Preston [US],Unknown
Emily Keller [US],Unknown
Austin LaRose [US],Unknown
Devin Pham [US],Unknown
Jackson Flitton [CA],Unknown
Joseph Kim [US],Unknown
Bailey Gilbert [US],Unknown
Abidan Escobar [US],Unknown
Stephen Church [US],Unknown
Justin Dunmire [US],Unknown
Justin Teng [US],Unknown
Nickon Bostandoustnik [CA],Unknown
Hiroaki Okazaki [US],Unknown
Christian Kurtzman [US],Unknown
Conner Kloiber [US],Unknown
Oliver Ribot [US],Unknown
Aryn Fitzpatrick [US],Unknown
Martial Kadour [CA],Unknown
Lenny mosley [US],Unknown
Brandon Wiegand [US],Unknown
albert tsoi [US],Unknown
Nick Gagnon [US],Unknown
Diogo Martins [US],Unknown
Rickey Sparks [US],Unknown
Matthew Warren [CA],Unknown
Carlos Vasquez [US],Unknown
Khalid Moosa [US],Unknown
Matthew Miller [US],Unknown
george fabre [US],Unknown
Alex Andrelos [US],Unknown
Juan Pereira [US],Unknown
Guilly Mendoza [US],Unknown
Jose Iglesias [US],Unknown
Russell Shinabarger [US],Unknown
Felipe Rojas [US],Unknown
Arik Philhower [US],Unknown
Reed Weichler [US],Unknown
Jesse Etienne [US],Unknown
Marcus Fussell [US],Unknown
Larry Myers [US],Unknown
Dylan Smith,Unknown
Jared Grimes [US],Unknown
Hunter Padlo [US],Unknown
Jordan Nelle [US],Unknown
Nikky Riccio [US],Unknown
Jimmy O'Brien [US],Unknown
Khoa Ta [US],Unknown
Josh Hunt [US],Unknown
Sunil Jain [US],Unknown
Gaeton Dragone [US],Unknown
Evan Thomas [US],Unknown
Joseph Cornell [US],Unknown
Sean Hipp [US],Unknown
Joel Caruso [US],Unknown
Mitre Prathumratana [US],Unknown
Christopher Basehoar [US],Unknown
Jonathan Donham [US],Unknown
Edwin Roman [US],Unknown
Enzo Bove [US],Unknown
Devin Garthright [US],Unknown
Jesse Boykin [US],Unknown
Jose Marzan [US],Unknown
Frank Richardson [US],Unknown
Wilfred Worland [US],Unknown
Elliot Gantner [US],Unknown
Nic Ecker [US],Unknown
Sylvester Kwon [US],Unknown
Carlos Castro [US],Unknown
Greg Wills [US],Unknown
Chace Giusti [US],Unknown
Dillon Clark [US],Unknown
Brenden Clark [US],Unknown
Megan Menchaca [US],Unknown
Matthew Monteiro [US],Unknown
Matt Abrams [US],Unknown
Paolo Cruz [US],Unknown
Tyron Li [US],Unknown
Mikey Sanagustin [US],Unknown
Chris Wilkinson [US],Unknown
Kyle Van Winkler [US],Unknown
Erik Nunez [US],Unknown
Kristian Steinnagel [US],Unknown
emily carter [US],Unknown
Richard Mejia [US],Unknown
Austin Ellis [CA],Unknown
Joseph Zelis [US],Unknown
Nick Spence [US],Unknown
Christian Olinger [US],Unknown
Logan Foley [US],Unknown
Benjamin Riascos [US],Unknown
Jake Pilch [US],Unknown
Brandon May [US],Unknown
Ellen Ethridge [US],Unknown
Leah Mejia [US],Unknown
Jared Alindogan [US],Unknown
James Smith [US],Unknown
Stephen Rice [US],Unknown
William Santiago [US],Unknown
Jarek Mead [US],Unknown
Courtney Ravers [US],Unknown
Dylan Yacuel [US],Unknown
Kade Johnson [US],Unknown
Darren Johns [US],Unknown
Corey Roca [US],Unknown
James McDaid [US],Unknown
Michael Ozpolat [US],Unknown
Jordan Hubbard [US],Unknown
Gino Meucci [US],Unknown
Jaeyoung Lee [US],Unknown
Jay Gelunas [US],Unknown
Reis Tipton [US],Unknown
Andy Sallavanti [US],Unknown
Yarden Segal [CA],Unknown
Dominic Viola [US],Unknown
Zander Tidwell [US],Unknown
Luis Maldonado [US],Unknown
Riley Harris [US],Unknown
Corey Dunn [US],Unknown
Mitchell Courtney [US],Unknown
Luke Smith [US],Unknown
Timothy Mills [US],Unknown
David Pack [US],Unknown
Zachary Rice [US],Unknown
Jesus Rodriguez [US],Unknown
Ryan Malinoski [US],Unknown
Matthew Tanase [US],Unknown
joseph halcomb [US],Unknown
Jake Nowacki [US],Unknown
Jonathan Andrews [US],Unknown
TJ Heying [US],Unknown
Cody Sowell [US],Unknown
Aidan Tauber [US],Unknown
Leah Roy [US],Unknown
Jeffrey Brown [US],Unknown
Tanner Hunt [US],Unknown
Samuel Hossain [US],Unknown
Ana Julia de Simone Brito dos Santos [BR],Unknown
Joseph McLean [US],Unknown
Joe Browning [US],Unknown
Harel Manhaim [IL],Unknown
Jennifer Murray [US],Unknown
Tyson Blatter [US],Unknown
Jacky Su [CA],Unknown
Yosha Riley [US],Unknown
Ethan Wauls [US],Unknown
Ricardo Lasalle Barreto [US],Unknown
Marvin White Jr. [US],Unknown
Matthew Hammond [US],Unknown
Alex Fletcher [US],Unknown
Noah Kaiser [US],Unknown
Patrick Lutz [US],Unknown
Javier Cruz [US],Unknown
Joshua Griffin [US],Unknown
Trisha McCarthy [US],Unknown
Dan Smith [US],Unknown
Andrew Fauver [US],Unknown
Esther Ehrlich [US],Unknown
Michael Stark [US],Unknown
Adam Narlock [US],Unknown
Matt Stachewicz [US],Unknown
Jordan Lipner [US],Unknown
Giovanni Tenikat [US],Unknown
Brendan Ecker [US],Unknown
Tania Gort [CA],Unknown
Cole Zinn [US],Unknown
Dave McLaren [US],Unknown
Adam Sack [US],Unknown
Andrew Lopez [US],Unknown
Charlie Hall [US],Unknown
Marco Mieses [US],Unknown
Richard Cornwall [US],Unknown
Max Leedy [US],Unknown
Christopher Torres [US],Unknown
Luis Sotelo [US],Unknown
Frank Jimenez [US],Unknown
Joseph Brown [US],Unknown
Benjamin Merritt [US],Unknown
Hunter Givone [US],Unknown
Brandon Turner [US],Unknown
Michael Allen [US],Unknown
Scott Garcia [US],Unknown
Cory Koehler [US],Unknown
Brian Coppola [US],Unknown
Tomas Vasquez [US],Unknown
Andrew M Phillips [US],Unknown
Logan Osborne [US],Unknown
Angelique Rivera [US],Unknown
Veronica Menotti [US],Unknown
Ram Rao [US],Unknown
Peter DeMartino [US],Unknown
Danielle Mckernan [US],Unknown
Allan Simmons [US],Unknown
Stephen Swarthout [US],Unknown
Benjamin bolton [US],Unknown
Josh Larew [US],Unknown
Nick Holmes [US],Unknown
Josh Vassey [US],Unknown
Conner Murphy [US],Unknown
Thomas Bain [US],Unknown
Cordell Chigbrow [US],Unknown
Joe Gayda [US],Unknown
Thomas Patterson [US],Unknown
Tremayne Stone [US],Unknown
Joe Bryant [US],Unknown
Ginger Rock [US],Unknown
Abigale Wynn [US],Unknown
Adam Peters [US],Unknown
Michael Dones [US],Unknown
Ethan Clark [US],Unknown
Frank Schneider [US],Unknown
Emma Francis [US],Unknown
DJ Alleyne [US],Unknown
Kyra Torch [US],Unknown
Jonathan Lupercio [US],Unknown
MICHAEL BELL [US],Unknown
Jay Newhard [US],Unknown
Ian Chapman,Unknown
Jeffery Lang,Unknown
Zac Pinales [US],Unknown
Matthew Sapienza [US],Unknown
Russell Smith [US],Unknown
Tyler Kranawetter [US],Unknown
Christopher Antrim [US],Unknown
Patrick Rhodes [US],Unknown
Nicholas Kinnear [US],Unknown
Anibal Picho [US],Unknown
Manuel Niola [US],Unknown
Timothy Thomas [US],Unknown
ERSON MARTINEZ [US],Unknown
Kevin Phillips [US],Unknown
Ethan Morgan [US],Unknown
Tobias Canino [US],Unknown
Donald Woolfrey Jr [US],Unknown
Chris Breithaupt [US],Unknown
Chris Aliano [US],Unknown
Chris Gonzalez [US],Unknown
Brendan Gleason [US],Unknown
Kyle Cook [US],Unknown
Scott Franta [US],Unknown
Brian Moreno [US],Unknown
Noah Zoldak [US],Unknown
Bryce Tynes [US],Unknown
Drew Carlisle [US],Unknown
Julian Eggers [US],Unknown
Justin Jacobs [US],Unknown
Joe Allen [US],Unknown
Scott Homer [US],Unknown
Jaime Marrero [US],Unknown
Dillon Barrows [US],Unknown
>3 TABLE Bonnie Alvarez [US],Unknown
Anthony Taleon [US],Unknown
Luke Therrien [US],Unknown
Tristan Rojas [US],Unknown
Ben DeGarmo [US],Unknown
Colin Bellerose [US],Unknown
Jeremy marin [US],Unknown
Chris Bargeron [US],Unknown
Mark Anthony Bondoc [US],Unknown
Chris Leandro [US],Unknown
Joshua Everly [US],Unknown
Luke Shepard [US],Unknown
Sydney Hamann [US],Unknown
Jonathan Herrera [US],Unknown
Tyler Tasch [US],Unknown
Christopher McCullick [US],Unknown
Kevin Johns [US],Unknown
Isabella Greet [US],Unknown
Jason Lloyd [US],Unknown
Xavier Ramirez [US],Unknown
Cole Stellato [US],Unknown
Dean young [US],Unknown
Steven Lahlou [US],Unknown
Brian Garcia [US],Unknown
Daniel Thompson [US],Unknown
Ali Wright [US],Unknown
CJ Deerman [US],Unknown
Jayven Golden [US],Unknown
Landon Overton [US],Unknown
Kyle Mullanack [US],Unknown
NAM KIM [US],Unknown
Jason Nieves [US],Unknown
Robby Harris [US],Unknown
Joshua Tolan [US],Unknown
Tristen Roundtree [US],Unknown
Andrew Reinhart [US],Unknown
Gaer Garduno [US],Unknown
Kyle Haywood [US],Unknown
Anthony Miceli [US],Unknown
James Gillespie [US],Unknown
Cody Leigh [US],Unknown
Bennett Canino [US],Unknown
Collin Hand [US],Unknown
Cristian Hernandez-Ledezma [US],Unknown
Ben Edwards [US],Unknown
Riley Kline [US],Unknown
Pierce Langley [US],Unknown
Benjamin Peacock [US],Unknown
Alec Noah [US],Unknown
Ivan Chan [US],Unknown
Adam Burns [US],Unknown
Drew Lunstead [CA],Unknown
Eric Mei [US],Unknown
Kenneth Mead [US],Unknown
Ian Munro [US],Unknown
cody townsend [US],Unknown
Max Keenan [US],Unknown
Isaac Wilson [US],Unknown
Erik Vrielink [US],Unknown
Rebeca Perea [US],Unknown
Jesse Colon [US],Unknown
Alex Wilson [US],Unknown
Alex Fedo [US],Unknown
Robert Brecht [CA],Unknown
Joseph Amaral [US],Unknown
Nicholas Lanier [US],Unknown
Sevrin Layden [US],Unknown
Jonathan Bach [US],Unknown
Wesley Goodnow [US],Unknown
Chris Evans [US],Unknown
Alexander Huesca [US],Unknown
Kimberly Serocki [US],Unknown
Thomas Chick [US],Unknown
Alejandro Arce [US],Unknown
Alex Sims [US],Unknown
Chris Malone [US],Unknown
Walter Lopez [US],Unknown
Ashish Varma [US],Unknown
Avery Stone [US],Unknown
Dat Nguyen [US],Unknown
Zach Kowalski [US],Unknown
George King [US],Unknown
Alex Clark [US],Unknown
Richard Brown [US],Unknown
Spencer Johnson [US],Unknown
Zachary Kennedy [US],Unknown
Oliver Shuchart [US],Unknown
Adam Dorelas [US],Unknown
Bryan Chauveau [US],Unknown
Arnon Sithi-Oum [US],Unknown
>6 TABLE Juliana Brisco [US],Unknown
Jack Basmaci [US],Unknown
Skye Tagliavia [US],Unknown
David Hedlund [US],Unknown
Michael Lin [US],Unknown
Jacob Noel [US],Unknown
Russell Dilley [US],Unknown
Eduardo Melendez [US],Unknown
Paris Yiotis [US],Unknown
Andrew Gilbert [US],Unknown
Chelsea-Rose Halkyard [US],Unknown
Tim Eure [US],Unknown
tyler frink [US],Unknown
Ruchika Gehlot [US],Unknown
Jason Pagan [US],Unknown
Curtis Potter [US],Unknown
AJ Frazier [US],Unknown
Matthew Melton [US],Unknown
Pedro Hernandez [US],Unknown
Nicole Latham [US],Unknown
Olivia Madaras [US],Unknown
Vic Jones [US],Unknown
Xaviar Morrison [US],Unknown
Jeremiah Moloney [US],Unknown
Shennell Spencer [US],Unknown
Michael Beverley [US],Unknown
Charlotte Anderson [US],Unknown
Michael Kuchinsky [US],Unknown
Megan Adams [US],Unknown
Phoebe DePerry [US],Unknown
Rachel Conroy [US],Unknown
Zach Nolan [US],Unknown
Anthony Sasso [US],Unknown
Aaron Wright [US],Unknown
Liz Catrino [US],Unknown
Mike Newey [US],Unknown
Caedmon Chatterton [US],Unknown
Carlos Sobrino [US],Unknown
Eric Williams [US],Unknown
Matthew Bowie [US],Unknown
Noah Spinale [US],Unknown
Jacob Fusco [US],Unknown
Krista Oscapinski [US],Unknown
Vincent Cerullo [US],Unknown
Michael Shepard [US],Unknown
Joseph Rebernik [US],Unknown
Avery Merenda [US],Unknown
Jerry Reinhart [US],Unknown
India Gillis [US],Unknown
Michael Melgar [US],Unknown
Andrew Weiss [US],Unknown
Tyler Maloney Maloney [US],Unknown
Johny Vu [US],Unknown
Riley Higgins [US],Unknown
Nicholas Hughes [US],Unknown
Aykan Yavas [US],Unknown
Jonathan Crump [US],Unknown
Charles Hutchinson [US],Unknown
Clayton Keel [US],Unknown
Noah Nicorvo [US],Unknown
Kelvin Moreaux [US],Unknown
Patrick Robinson [US],Unknown
Joshua Frawley [US],Unknown
Victoria Malone [US],Unknown
>9 TABLE Link Maynard [US],Unknown
Grant Henderson [US],Unknown
thomas Sotomayor [US],Unknown
Cody Gibson [US],Unknown
Anthony Le [US],Unknown
Anastazja Clappison [CA],Unknown
Jahziah Christie [US],Unknown
Nickolis Johnson [US],Unknown
Jose Nava [US],Unknown
Jeremy Klug [US],Unknown
Yizhi Ren [US],Unknown
Michael Ramos [US],Unknown
Logan Anna [US],Unknown
Robert Browne [US],Unknown
Aaron Shicora [US],Unknown
Joshua Davies [US],Unknown
Haley Porath [US],Unknown
Amanda Hutton [US],Unknown
Zachary Roggina [US],Unknown
Vincent Geiger [US],Unknown
Christopher Morales [US],Unknown
Gabriel Perez [US],Unknown
Anthony Palmero [US],Unknown
Will Blake [US],Unknown
Kyle Stickell [US],Unknown
AJ DeLalla [US],Unknown
George Burdine [US],Unknown
Adrain Gallimore [US],Unknown
Kayla Plotkin [US],Unknown
Jonathan Twigg [US],Unknown
Frederick Rodriguez [US],Unknown
Kristen Ochoa [US],Unknown
Sebastion Heilman [US],Unknown
ryan gerhart [US],Unknown
nick plude [US],Unknown
ulises perez [US],Unknown
Cameron Scotland [US],Unknown
Daniel Torres [US],Unknown
Val McFarland [US],Unknown
Daniel Smith [US],Unknown
Joshua Sanchez [US],Unknown
Donnie Voyzey [US],Unknown
Miguel Taboada [US],Unknown
Frank Thorne [CA],Unknown
Konstantinos Kousidis [US],Unknown
Ryan Leduc [CA],Unknown
Ian Baumgarner [US],Unknown
Nathan Auringer [US],Unknown
Christian Farley [US],Unknown
Dylan Dreyer [US],Unknown
Bailey Giltner [US],Unknown
matthew seifstein [US],Unknown
Ricky Nava [US],Unknown
John Melissari III [US],Unknown
David Wilber Jr [US],Unknown
Jeff England [US],Unknown
Mark Dizon [CA],Unknown
Luca Polsinelli [US],Unknown
Dylan Bratten [US],Unknown
Cesar Valcarcel Camacho [US],Unknown
Sakura Clanan [US],Unknown
James Flanagan [US],Unknown
Jose Villarreal [US],Unknown
Fredrick Lansford [US],Unknown
Adam Kosmowski [US],Unknown
Hunter Todd [US],Unknown
Lauren Kosta [US],Unknown
Jesus Martinez [US],Unknown
Curtis Dezso [US],Unknown
Gerard Casuga [US],Unknown
John Bonnet [US],Unknown
Brandon Anderson [US],Unknown
Michael Gray [US],Unknown
Arron Sanyer [US],Unknown
Summer Plesko [US],Unknown
Nick Tannous [CA],Unknown
Samuel Gay [US],Unknown
Peter Doroshenko [US],Unknown
Jose Rocha [US],Unknown
Dylan Au [US],Unknown
Jeremy Stout [US],Unknown
Andrew Argueta [US],Unknown
Nathan Krueger [US],Unknown
Fenley Scurlock [US],Unknown
Isaiah Marks [US],Unknown
Nathan Guzman [US],Unknown
Geneva Bass [US],Unknown
Shannon Garrahy [US],Unknown
Andre Jones [US],Unknown
Anthony Sudol [US],Unknown
Rob Swiencki [US],Unknown
Erin Nixon [US],Unknown
Niclas Allison [US],Unknown
Hanna Thorne [CA],Unknown
Michael Podguski [US],Unknown
Phillip Lineberry [US],Unknown
Michael Gowan [US],Unknown
Josh Szafranski [US],Unknown
Clare Murphy [US],Unknown
Luis Reyes [US],Unknown
Nolan Avery [US],Unknown
Chantzen Imes [US],Unknown
Kyle Sims [US],Unknown
Aidan DePietropaolo [US],Unknown
Von Roach [US],Unknown
Jeff Javier [US],Unknown
Matthew Dwyer [US],Unknown
Lindsay Harris [US],Unknown
Calvin Humphries [US],Unknown
Lucas Dernetz [US],Unknown
Kennitra Foote,Unknown
Jan Michael Ortiz [US],Unknown
Antonios Marios Chionis [US],Unknown
James Judlick [US],Unknown
Nicholas Marchand [US],Unknown
steven dunleavy [US],Unknown
Benjamin Nace [US],Unknown
Leticia Menchaca [US],Unknown
Marc Benson [US],Unknown
Michael Rodriguez [US],Unknown
Dalten Allen [US],Unknown
Matthew Shiflet [US],Unknown
>14 TABLE Jesse Lee [US],Unknown
Alain TrÃ©panier [CA],Unknown
Sophia Flores [US],Unknown
Benjamin Atkinson [US],Unknown
Jordan Householder [US],Unknown
>8 TABLE Brendan Oakes [US],Unknown
Brant Lesher [US],Unknown
Aaron Starzyk [US],Unknown
Sean Hsu [US],Unknown
Chris Warren [US],Unknown
Robin Hatch [US],Unknown
Thomas Hennessy [US],Unknown
Mikey Bishara [US],Unknown
Kegan Morin [US],Unknown
Angel Smith [US],Unknown
Tate Hile [US],Unknown
Ryan Rafferty [US],Unknown
Aaron King [US],Unknown
Checona Alexander [US],Unknown
Jo Forstall [US],Unknown
Pamela Sakiel [US],Unknown
brian myers [US],Unknown
Jeff Mendel [US],Unknown
Adrian Song [US],Unknown
Quinn Rowland [US],Unknown
Alexander Wang [US],Unknown
Jeremiah Traeger [US],Unknown
Shana Lira [US],Unknown
Andrew Ericsson [US],Unknown
Kameron Buttenschon [US],Unknown
Joseph Benonis [US],Unknown
Alexander Burton [US],Unknown
Matt Spitzer [US],Unknown
Andrew Cook [US],Unknown
John Puduski [US],Unknown
Brian Wallenmeyer [US],Unknown
James Brady [US],Unknown
Lydia Haulman [US],Unknown
James Kwon [US],Unknown
Andrea Fernandez [US],Unknown
Brandon Chavez [US],Unknown
Diego Principe [US],Unknown
Aca Gillis [US],Unknown
David Nguyen [US],Unknown
James Connors [US],Unknown
Warren Wellman [US],Unknown
David Gordon [US],Unknown
Jace Troutman [US],Unknown
Martin Barnes [US],Unknown
pedro parreno [US],Unknown
Morgan Purdy [US],Unknown
Nicholas Galbraith [US],Unknown
Jakob Rentschler [US],Unknown
Nelson Normandia,Unknown
Nate Kirksey [US],Unknown
Scott Cottrell [US],Unknown
Austin Larson [US],Unknown
David Riemenschneider [US],Unknown
Maia Meadows [US],Unknown
AJ Sullivan [US],Unknown
Miranda Baily [US],Unknown
Justin Santacroce [US],Unknown
Joseph Sheridan [US],Unknown
Johnny Banasijan [US],Unknown
Jie Ran [US],Unknown
Jordan Fields [US],Unknown
Armando Cervantes [US],Unknown
Tyler Dantuma [US],Unknown
Nelson Brangman [US],Unknown
Nolo Pasaro [US],Unknown
David Hansen [US],Unknown
>11 TABLE Norah Bowman [US],Unknown
Joshua Roman [US],Unknown
Daniel Altavilla [US],Unknown
Hannah Eveland [US],Unknown
Alex Fiorini [US],Unknown
Anthony Ellis [US],Unknown
Adam Folberg [US],Unknown
Jonathan Uy [US],Unknown
Zachary Rodriguez [US],Unknown
Alexander LaRoche [US],Unknown
Matthew Wright [US],Unknown
Matthew Keller [US],Unknown
Alex Zelkas [US],Unknown
cory jackson [US],Unknown
Joshua Sexton [US],Unknown
Jack Williams [US],Unknown
Matthew Wilcox [US],Unknown
Morgan Schoop [US],Unknown
Adam Long [US],Unknown
Sean Keane [US],Unknown
Alex Gonzalez [US],Unknown
Troy Vratarich [US],Unknown
Diego Barredo [US],Unknown
Antonio Mencos [US],Unknown
Julius Caballero [US],Unknown
Caroline Shepard [US],Unknown
Jesse Parker [US],Unknown
Andy Zepeda [US],Unknown
Holden Dougherty [US],Unknown
Paolo Perez [US],Unknown
Tevon Rossich [US],Unknown
Laura Paul [US],Unknown
Ethan Browne [US],Unknown
Andre Segarra [US],Unknown
Armon Colzie [US],Unknown
Conrad Snyder [US],Unknown
Diane Schemanske [US],Unknown
Ho Tang [US],Unknown
John Owen [US],Unknown
James Johnson [US],Unknown
Thomas Foxton [US],Unknown
Evan Sloan [US],Unknown
Kolbe kruczek [US],Unknown
Adam Starliper [US],Unknown
Vincent Cialdella [US],Unknown
Jordi Paredes [US],Unknown
Brianna Boatner [US],Unknown
Travis Trotto [US],Unknown
Aya Armstrong [US],Unknown
Colin Devenney [US],Unknown
Laura Wilson [US],Unknown
Jeremy Hannah [US],Unknown
Bryan Mejia [US],Unknown
luis diaz [US],Unknown
Cam Pampena [US],Unknown
Juan Revelo Georgescu [US],Unknown
Hunter Passon [US],Unknown
Carl Simpson [US],Unknown
Denver Hartman [US],Unknown
Alon Silver [US],Unknown
Luke Brandow [US],Unknown
Ryan Rink [US],Unknown
scott morris [US],Unknown
timothy tunks [US],Unknown
Maddy Willette [US],Unknown
Brandon Stires [US],Unknown
Christopher O'Hara [US],Unknown
Yajie Zhang [CA],Unknown
Mike Dyer [US],Unknown
Marcio Midence [US],Unknown
McKinley Keel-Atkins [US],Unknown
Samuel Estes [US],Unknown
Joshua Mottesheard [US],Unknown
Jackson Keel-Atkins [US],Unknown
Jason Glaeser [US],Unknown
Austin mcnielly [US],Unknown
Stephanie Johnson [US],Unknown
Chris Abernethy [US],Unknown
Andre Conroy [US],Unknown
Braden Selmer [US],Unknown
Bobby Duphily [US],Unknown
Johnny Macario [US],Unknown
Dale Babey [US],Unknown
Vincent Monaro [US],Unknown
Topher Edwards [US],Unknown
Zach Steele [US],Unknown
Dilan Solanki [US],Unknown
Tyler Bottom [US],Unknown
Patrick DAurora [US],Unknown
Robert Manella [US],Unknown
Kenna Sarver [US],Unknown
Max Quint [US],Unknown
Nelson Babilonia [US],Unknown
Alexander Lanier [US],Unknown
Alexander Phillips [US],Unknown
