Tord Reklev [NO],Charizard ex
Isaiah Bradner [US],Lost Giratina
Alessandro Cremascoli [IT],Pidgeot Control
William Azevedo [BR],Charizard ex
Uffe Axelsen [DK],Future Hands
Juho Kallama [FI],Future Hands
Mark Høstrup [DK],Ancient Moon
Bert Wolters [NL],Pidgeot Control
FABIEN Pujol [FR],Gardevoir
Simone Soldo [IT],Future Hands
João Pedro Medeiros Zambrano [BR],Ancient Box
Pedro Eugenio Torres [ES],Lost Box
George Giannoulidis [GR],Charizard ex
Azul Garcia Griego [US],Lost Giratina
Solomon Shurge [US],Future Hands
Andres David Torres [CO],Ancient Moon
Julian Gort-Barry [CA],Arceus/Armarouge
Piper Lepine [US],Gardevoir
Caleb Gedemer [US],Lost Giratina
Tom Hellkamp [US],Chien Pao/Baxcalibur
Simon Tschan [CH],Future Hands
Ryan Miller [US],Chien Pao/Baxcalibur
Stéphane Ivanoff [FR],Gardevoir
Christian Graziano [IT],Lugia
Aidan Khus [US],Charizard ex
Braiden Elfert [US],Espathra
Brent Tonisson [AU],Charizard ex
Alessandro Frenda [IT],Arceus variant
Fabrizio Inga Silva [PE],Chien Pao/Baxcalibur
Samuel Gay [US],Pidgeot Control
Weifeng Lu [CN],Charizard ex
Austin Drake [CA],Charizard ex
Allan Xu [CA],Chien Pao/Baxcalibur
HECTOR IBARRA [US],Chien Pao/Baxcalibur
Hiromu Sasaki [JP],Unknown
Emma Hagen [NO],Pidgeot Control
facundo facio [AR],Lost Giratina
Callum Thomas [UK],Lugia
Adam Knowles [US],Lugia
Sackett Brehmer [US],Chien Pao/Baxcalibur
Julius Krag [DK],Charizard ex
Riccardo Coviello [IT],Ancient Box
Daichi Tamai [JP],Lost Giratina
Manuel Wiechert [DE],Chien Pao/Baxcalibur
Steven Mao [DE],Charizard ex
Ryan Prusak [US],Pidgeot Control
Matteo Galanti [UK],Future Hands
Yerco Valencia [CL],Chien Pao/Baxcalibur
Anastazja Clappison [CA],Chien Pao/Baxcalibur
Matias Matricardi [AR],Ancient Box
Taisei Kodama [JP],Charizard ex
Calvin Connor [US],Charizard ex
Vicente García Távora [ES],Charizard ex
Goncalo Pereira [PT],Future Hands
Zheng Wei Gerrard Ng [SG],Lost Giratina
Grant Manley [US],Lost Giratina
Jared Grimes [US],Chien Pao/Baxcalibur
Jan Hausmann [DE],Snorlax Stall
jesse spencer [US],Lugia
Lucas Xing [CA],Charizard ex
Alex Northey [UK],Charizard ex
Maddox Corcoran [US],Future Hands
Jeremy Gumila [US],Charizard ex
Edwyn Mesman [NL],Lost Box
Nathan Ginsburg [US],Pidgeot Control
Luke Kirkham [UK],Ancient Moon
Dalten Cross [US],Future Hands
Michael Pramawat [US],Arceus/Giratina
Dor Eshel [IL],Lugia
James Hart [US],Future Hands
Sebastian Uziuk [PL],Lugia
Leonardo Martins [PT],Lugia
Ciaran Farah [CA],Chien Pao/Baxcalibur
Leandro Fernandes [BR],Lost Box
Vinícius fernandez [BR],Ancient Box
Morgan Edwards [UK],Future Hands
German Herrera [US],Snorlax Stall
Karl Fletcher [UK],Gholdengo
Konsta Kallama [FI],Chien Pao/Baxcalibur
Bastian Silva [CL],Chien Pao/Baxcalibur
masahiro iwamoto [JP],Chien Pao/Baxcalibur
Daniel Husevik [NO],Gardevoir
Cristian Sarnataro [IT],Chien Pao/Baxcalibur
Jack Moore [CA],Lost Box
Ian Robb [US],Charizard ex
Raz Wolpe [IL],Lost Box
Giorgio Danesino [IT],Lost Giratina
Noah Sawyer [US],Future Hands
Michael Bergerac [US],Charizard ex
Case Bennink [US],Chien Pao/Baxcalibur
Mike Pianka [US],Charizard ex
Alex Hamilton [US],Arceus/Giratina
Karel Maertens [BE],Charizard ex
Lennard Kolletzki [DE],Lost Giratina
Nerses Fatunz [DE],Snorlax Stall
Arjun Khadse [US],Chien Pao/Baxcalibur
Diego Cassiraga [AR],Ancient Box
Damian Gabriel Riquel [AR],Chien Pao/Baxcalibur
Reiji Nishiguchi [JP],Charizard ex
Jake Walvin [UK],Arceus/Giratina
Jonathan Sharpling [UK],Future Hands
Adel Moussaoui [DE],Lost Box
Louis Westmoreland [UK],Ancient Box
Joey Gaffney [CA],Lost Box
Robin Schulz [DE],Ancient Box
Kian Amini [US],Lost Giratina
Martyn Tristram [UK],Charizard ex
Frank Donald Dewald [DE],Lugia
Nicholas Moffitt [US],Chien Pao/Baxcalibur
Michael Diaz [US],Lost Box
Evan Jensen [US],Charizard ex
Jon Eng [US],Lost Giratina
Franck Mêlé [FR],Arceus/Giratina
Sebastián Iturra [CL],Charizard ex
Cameron McDonald [UK],Snorlax Stall
Thomas Naylor [UK],Future Hands
Luca Jahns [DE],Snorlax Stall
William Shestock [US],Lost Giratina
Cameron Shenoy [US],Ancient Box
João Lagrifa [PT],Arceus/Giratina
Nathan Stratford [US],Ancient Box
Joseph Nawal [US],Lugia
Sergio Ravelli [IT],Future Hands
Gerard McCullough [UK],Dialga/Metang
James Simms [US],Charizard ex
Sam evans [UK],Charizard ex
Anthony Argente [FR],Arceus/Giratina
Stian Nilsson [NO],Sablezard
Yan Pisani [MT],Arceus/Armarouge
Michele Schiraldi [CA],Chien Pao/Baxcalibur
Juan Pablo Castelli [AR],Charizard ex
Scott Burgess [UK],Future Hands
Nikolai Røssel [DK],Ancient Moon
Manuel Betancort Pérez [ES],Charizard ex
David Weir [UK],Lost Box
Luis Gadea [MX],Snorlax Stall
Vincent Marcus Munk [DK],Pidgeot Control
Joe Pearcey [UK],Future Hands
Dalibor Vukelic [DE],Gardevoir
Rahul Reddy [US],Lost Giratina
Nick Dela Torre [US],Lugia
Dom Owen [UK],Arceus/Giratina
Michael Chen [US],Lost Box
Frank Diaz [US],Lost Box
Oscar Rivas [ES],Arceus/Armarouge
blake wray [US],Lost Giratina
Tapio Ikonen [FI],Lugia
Iosac Gallagher [IE],Lugia
Nicola Milella [IT],Chien Pao/Baxcalibur
Christian LaBella [CA],Arceus/Armarouge
Cody Criner [US],Snorlax Stall
Sander Wojcik [NL],Pidgeot Control
Donald MacGillivray [UK],Future Hands
Michael Cornwall [UK],Chien Pao/Baxcalibur
Patrik Bartošovič [CZ],Lugia
Raymond Long [CA],Chien Pao/Baxcalibur
Angus Johnson [AU],Pidgeot Control
Mads Jensen [DK],Lugia
Yasuyuki Handa [AU],Arceus/Armarouge
Jamie Miller [UK],Lugia
Travis Beckwith [US],Chien Pao/Baxcalibur
Tobias Andersen [DK],Charizard ex
Ryan Mauger [UK],Lugia
Alex Hill [US],Lost Giratina
Chriso Amanatidis [DE],Dialga/Metang
Gabriel Perez [US],Ancient Box
Nofoume Ben Ahmed Aly [FR],Charizard ex
Oscar Madsen [DK],Charizard ex
Thomas Jones [UK],Lost Box
Jaume Torrelles [ES],Arceus/Giratina
Alex Neseyif-Deakin [UK],Sablezard
Marco Perico [IT],Lost Box
Brando Longino [IT],Lost Giratina
Francesco Parazzini [IT],Lost Giratina
Ethan Rible [US],Charizard ex
Gracjan Sass [PL],Charizard ex
Grant Shen [US],Lost Giratina
Lisa Steinmüller [DE],Chien Pao/Baxcalibur
Nick Flores [US],Ancient Moon
Jacob Kendrick [UK],Lost Box
Daniel Zhou [CA],Chien Pao/Baxcalibur
Cynthia Scholtus [BE],Arceus/Giratina
Raúl Méndez Horcas [ES],Arceus/Armarouge
Will Schoeffler [US],Charizard ex
Dustin Bachmann [DE],Chien Pao/Baxcalibur
Addie Ward [US],Lost Giratina
Logan Turley [US],Snorlax Stall
Alberto Conti [IT],Lost Giratina
Andrew Kennett [US],Dialga/Metang
Michael Czajkowski [UK],Charizard ex
Jacob Tunbridge de Orfe [UK],Chien Pao/Baxcalibur
Maximilian Teubert [DE],Pidgeot Control
Sean van Dijk [NL],Charizard ex
Justin Tse [CA],Arceus/Giratina
Sai Fung Lau [UK],Lugia
Peter Lo [AU],Pidgeot Control
Jac Carter [US],Charizard ex
Gregory Playter [US],Future Hands
Guilherme Fernandes [PT],Charizard ex
Sami Sekkoum [UK],Chien Pao/Baxcalibur
Matt Vandersluys [UK],Lost Giratina
Michael He [CA],Charizard ex
Marius Hinderberger [DE],Chien Pao/Baxcalibur
Ben Rodgers [UK],Great Tusk Mill
Jimmy O'Brien [US],Lost Box
Sawyer Melban [US],Chien Pao/Baxcalibur
Joshua Galys [DE],Lost Box
Jakub Koenner [PL],Lost Giratina
Giovanni Schroevers [NL],Lugia
Michael Hessing [NL],Chien Pao/Baxcalibur
Julio Sánchez Rodríguez [ES],Pidgeot Control
McKinley Freeman [US],Lugia
Tyler Vaughn [US],Chien Pao/Baxcalibur
Antoine Lestarquis [FR],Charizard ex
Zach Lesage [CA],Charizard ex
Jakub Obdržálek [CZ],Chien Pao/Baxcalibur
Rory Licken [IE],Arceus/Giratina
Iain Harding [US],Lost Box
Kristian Hodas [SK],Chien Pao/Baxcalibur
Michael Ginchereau [US],Snorlax Stall
Lorenzo Falai [IT],Arceus/Giratina
Jimmy Marcus Munk [DK],Dialga/Metang
Josh Bond [UK],Charizard ex
Alex Junior [BR],Charizard ex
Arthur VINCENT [FR],Ancient Moon
Iván Rodríguez Rosa [ES],Lugia
Owen Rhoads [US],Charizard ex
Jon Lowe [UK],Future Hands
Jerrick Gumila [US],Lugia
Jordy Vanhaelst [BE],Gardevoir
András Lukáts [HU],Gardevoir
Dennis Petru [DE],Snorlax Stall
Niels Van Ravenzwaaij [NL],Arceus variant
Joseph Franzo [US],Lost Giratina
Joao Antonio Cavalcanti [BR],Lost Box
Alec Geissler [US],Lugia
Matthew Kayser [ZA],Arceus/Giratina
Neddy Kosek [CZ],Lugia
Chris Wilkinson [US],Charizard ex
Henry Wu [CA],Chien Pao/Baxcalibur
Alessandro Tomé [IT],Future Hands
Théo Grimoud [FR],Future Hands
james barclay [UK],Future Hands
Sylvain Flaction [CH],Arceus/Giratina
Philip Rowley [UK],Lugia
Jack Blyth [UK],Lost Giratina
Joe Bernard [UK],Arceus/Giratina
Taylar Atherton [UK],Arceus/Giratina
Ben Ahmadi [UK],Chien Pao/Baxcalibur
Peter Stone [ZA],Gholdengo
Jari Bonsee [NL],Chien Pao/Baxcalibur
Hiroshi Takeda [JP],Pidgeot Control
Mario Barbera [IT],Arceus variant
Adam Williams [UK],Arceus/Giratina
Sergio Marcos [ES],Future Hands
Aapo Antikainen [FI],Arceus/Giratina
Ryan Pang [UK],Future Hands
Rafal Gizinski [PL],Future Hands
Raz Shamir [IL],Charizard ex
Hugo De Torres [ES],Chien Pao/Baxcalibur
Sam Chen [US],Charizard ex
Fares Sekkoum [UK],Charizard ex
Anssi Balk [FI],Arceus variant
David Edelson [US],Charizard ex
Dominik Blache [DE],Charizard ex
Jelle van Kampen [NL],Gholdengo
Jingyu Jiang [UK],Dialga/Metang
Jan Fischer [DE],Pidgeot Control
Jack Snell [UK],Charizard ex
Craig Pendrill [UK],Chien Pao/Baxcalibur
Jack Lor [US],Lugia
Julius Schürhoff [DE],Gholdengo
Bozhan Vegenov [UK],Charizard ex
Tristan Batman Macek [US],Unknown
Edwin Arrollo [US],Unknown
Jeffrey Criss [US],Unknown
harvey scheinman [UK],Unknown
Drew Allen [CA],Unknown
francois gauye [CH],Unknown
Jesse Parker [US],Unknown
Julius Rosengren [SE],Unknown
Colin Müller-Kersting [DE],Unknown
Aldra Carrillo [ES],Unknown
Gage Rull [UK],Unknown
Teodor Skjæveland [NO],Unknown
Alex Schemanske [US],Unknown
Tomoki Inoue [JP],Unknown
Brennan Kamerman [NL],Unknown
Rune Heiremans [BE],Unknown
Aaron Walker [US],Unknown
Ethan Jenkins [UK],Unknown
Nick Aminzadeh [NL],Unknown
Filippo Colamorea [IT],Unknown
Tristan Rojas [US],Unknown
Eugenio Paoloni [IT],Unknown
Ethan Chew [UK],Unknown
Allan Dubreuil [FR],Unknown
Rowan Stavenow [CA],Unknown
Caleb Rogerson [US],Unknown
Pedro Coelho [PT],Unknown
Senén Lara Moreno [ES],Unknown
Yoann Barszezak [FR],Unknown
Landen Kaetler [CA],Unknown
Daniele Maccari [IT],Unknown
Aaron Rozbicki [CA],Unknown
Minh C [UK],Unknown
BILLY CHAN [CA],Unknown
Aarni Karjala [FI],Unknown
Aaron Rucker [US],Unknown
Timothy Cox [UK],Unknown
Arata Sakuma [JP],Unknown
Yosha Riley [US],Unknown
Diego omar Campos [MX],Unknown
Joshua Sagar [AU],Unknown
Diego Varea [PE],Unknown
Anthony Salomone [US],Unknown
Shun Takahashi [JP],Unknown
Simon Luong [CA],Unknown
Ethan Chow [IE],Unknown
Ramon Morales [US],Unknown
Senad Insanić [CZ],Unknown
Chris Brewer [US],Unknown
Jose Montiel [ES],Unknown
Brandon Ikin [UK],Unknown
Ryan Harris [US],Unknown
Rhys Horlock [UK],Unknown
Malthe Bogø [DK],Unknown
TAKUYA MITSUMUNE [JP],Unknown
Junyang Tu [UK],Unknown
Nicolas GIRARDIN [FR],Unknown
Axel Fournier [FR],Unknown
Jonatas Pires [PT],Unknown
Tymoteusz Dziedzic [PL],Unknown
giancarlo granata [IT],Unknown
Aleksi Jäntti [FI],Unknown
Andy Hyun [US],Unknown
Brent degens [BE],Unknown
Shane Addy [UK],Unknown
Connor Simpson [UK],Unknown
Aleksander Rutowicz [PL],Unknown
Dominik Fink [DE],Unknown
Sen Caubergh [BE],Unknown
Jack Pauling [UK],Unknown
Luc Gantner [CH],Unknown
Pascal Middel [NL],Unknown
James Rodber [UK],Unknown
Dean Marsh [US],Unknown
Elizabeth Willet [DK],Unknown
Alejandro Felices Puértolas [ES],Unknown
Jed Whippey [UK],Unknown
Michal Jelínek [CZ],Unknown
Nathan Hargreaves [UK],Unknown
Cameron O’Shea [UK],Unknown
Dylan Smeigh [US],Unknown
Pedro Vicêncio [PT],Unknown
João Gabriel Penteado [BR],Unknown
Zhou Chen Chee [UK],Unknown
Jeffrey Deka [CA],Unknown
Rain Keuma [US],Unknown
Justin Turner [US],Unknown
Ryan Moorhouse [UK],Unknown
Aaron Freetos Friedman [US],Unknown
Jeremy Gibson [US],Unknown
Ricki Madsen [DK],Unknown
Stefan Tabaco [US],Unknown
Bryan de Vries [NL],Unknown
Kyle Warner [US],Unknown
Victor De Velasco [MX],Unknown
Roberto Divano [IT],Unknown
Simon Trottier-Lacasse [CA],Unknown
Antonio Marcone [IT],Unknown
oliver beckwith [UK],Unknown
鈴木隼斗 すずきはやと [JP],Unknown
Annachiara Rigo [IT],Unknown
Grant Walworth [US],Unknown
Antoine Boulay [FR],Unknown
Jan Romaňák [CZ],Unknown
Byun Seo Taek [KR],Unknown
Sammy Allen [US],Unknown
Stefano Bassis [IT],Unknown
Trevor Bustamante [US],Unknown
Jan Lesenko [CZ],Unknown
Benjamin Martinsen [NO],Unknown
Thomas Veazie [US],Unknown
Julien Charnet [FR],Unknown
Reuben Davidson [UK],Unknown
Matěj Nesvadba [CZ],Unknown
Peter Vasko [CZ],Unknown
Finn Bakewell [UK],Unknown
>TGMA-ST18>Alexis Sosa [ES],Unknown
David Forsythe [UK],Unknown
Jocelyn Le Goff [FR],Unknown
Connor Woolf [US],Unknown
Joel Bergman [CA],Unknown
Julia Cavanaugh [US],Unknown
Charles Osei-Braimah Junior [UK],Unknown
Thomas Standaert [BE],Unknown
Erik Finnerud [NO],Unknown
Michael Godla [US],Unknown
Tetsu Watanabe [IT],Unknown
Alp Ehliz [DE],Unknown
Michał Baranowski [PL],Unknown
Dan Coyne [UK],Unknown
Austin Daniels [US],Unknown
Cobi Kawasaki [US],Unknown
Phillip de Sousa [UK],Unknown
Marcel Coucouvis [DE],Unknown
Jake Burnyeat [UK],Unknown
Francesco Pasquale Caterino [IT],Unknown
Samer Krayem [UK],Unknown
Patrick Ton [CH],Unknown
Jack Old [UK],Unknown
Joshua Frink [US],Unknown
Lucas Salvador [US],Unknown
Chang Qu [UK],Unknown
Fraser Anderson [UK],Unknown
Nick Morin [US],Unknown
Jason Whittle [US],Unknown
John Stonehouse [UK],Unknown
Pedro Pertusi [BR],Unknown
Ziquan Yang [NL],Unknown
Cody Graham [US],Unknown
Philipp Leciejewski [DE],Unknown
Alex Hernandez [MX],Unknown
Antoine Betti [FR],Unknown
Alejandro García moreno [MX],Unknown
Philip White [UK],Unknown
Yuqing Shi [CN],Unknown
Matt McGrath [US],Unknown
JAMIE LAMOON [UK],Unknown
Edmund Mazur [PL],Unknown
Lewis Beck [UK],Unknown
Anaël Lièvre [CH],Unknown
German Arribas Gongora [ES],Unknown
Lorenzo Medina [ES],Unknown
>TGMA-ST14>Sanne van Hoogstraten [NL],Unknown
Edward Burden [UK],Unknown
Bodhi Robinson [US],Unknown
Vo NGUYEN [FR],Unknown
Yuji Fukuta [UK],Unknown
Vicente Canales-Loyola [PY],Unknown
Sebastian Lashmet [US],Unknown
Benedetta Todaro [IT],Unknown
Viktor Fehér [HU],Unknown
Michael Davidson [US],Unknown
Max van Leeuwen [NL],Unknown
Trevor hooper [UK],Unknown
Toby Clark [UK],Unknown
Diego Barrera Moreno [MX],Unknown
Andi Cheung [AU],Unknown
Hermanni Hietalahti [FI],Unknown
Alfredo Oros [IT],Unknown
Yim Ho Chuen [UK],Unknown
Jamie Henderson [UK],Unknown
Sam Taylor [UK],Unknown
Corentin METGE [FR],Unknown
Dustin Ashford [CA],Unknown
Merlin Bresinski [DK],Unknown
Valentin Golaz [CH],Unknown
Joseph Philip [UK],Unknown
DANIEL WATSON [UK],Unknown
Raymond Liu [US],Unknown
miloslav posledni [CZ],Unknown
Regan Retzloff [US],Unknown
Edmund Khoo [SG],Unknown
Jonathan O’Mara [UK],Unknown
Yuanyuan Chen [UK],Unknown
Patrik Holler [CZ],Unknown
Matthew Molloy [US],Unknown
>TGMA-ST12>Marco Facchin [IT],Unknown
Adam Polak [SK],Unknown
Matt Walter [US],Unknown
Shawn Chauvin [CA],Unknown
Andrew Nisen [US],Unknown
Stephan Nørregård [DK],Unknown
Paul Shail [UK],Unknown
Eric uriel Patlallan [AR],Unknown
Gianmarco Greco [IT],Unknown
Jose Antonio Araquistain Gómez [ES],Unknown
Nelson Chua [SG],Unknown
Jonathan Lupercio [US],Unknown
Max Schlehaider [DE],Unknown
Christian Burton [UK],Unknown
Amer Bikic [SE],Unknown
Brent Coosemans [BE],Unknown
Mason Hans [US],Unknown
Michael Natto [US],Unknown
Jamie Hindley [UK],Unknown
Christian Fontenot [DK],Unknown
Akira Kurasaki [JP],Unknown
Keito Arai [JP],Unknown
Angel Grandati [FR],Unknown
Will Gracie [UK],Unknown
Jet Waterman [NL],Unknown
Katy Montgomerie [UK],Unknown
Noah Haberland [US],Unknown
Vinicius Augusto Gomes [BR],Unknown
Jose Jorge Sayegh Lens [ES],Unknown
Chris-Harry Finch [DE],Unknown
Simone Canziani [IT],Unknown
Emerson Baillie [UK],Unknown
Öjvind Svinhufvud [FI],Unknown
Mathias Cohen-Solal [FR],Unknown
Nicola Bortolotti [IT],Unknown
Tony Santos [US],Unknown
Samuel Smith [UK],Unknown
Daniel Rao [CA],Unknown
Jack Cheshire [UK],Unknown
Erick Emmanuel Villaseñor Chagoya [MX],Unknown
Mustafa Tobah [US],Unknown
Lee Moore [UK],Unknown
Patryk Pawelski [UK],Unknown
Harry Dunn [UK],Unknown
Oscar Thorpe [UK],Unknown
alfredo manzanares [US],Unknown
Thomas Wojtysiak [FR],Unknown
Alexandre Solé [BE],Unknown
Cian Rushe [IE],Unknown
Juancho Saldana [PH],Unknown
Hunter Butler [US],Unknown
Jakub Krajewski [PL],Unknown
Marcelo Antonio Turra [BR],Unknown
Nathan Flanders [CA],Unknown
Ben Dobberstein [US],Unknown
Drue Townsend [US],Unknown
Adam Denk [CZ],Unknown
Johannes Forster [DE],Unknown
Giuseppe Ametrano [IT],Unknown
Luke Sneddon [UK],Unknown
Yuhao Fu [UK],Unknown
Elliot Levi Kent [UK],Unknown
Aimé Ducret [CH],Unknown
Ferdi van Schijndel [NL],Unknown
Nicholas Grech [MT],Unknown
Alejandro Rodriguez Jr [US],Unknown
Murat Gursoz [US],Unknown
Bolly Olufon [UK],Unknown
Kyan Rogers [UK],Unknown
Jim O’Heron [US],Unknown
Matthieu DELOBELLE [FR],Unknown
Thomas Karg [DE],Unknown
Autumn Lamb [UK],Unknown
Tomáš Žukovský [CZ],Unknown
Benjamin Nackman [US],Unknown
Alexander Chea [US],Unknown
Danny Thach [US],Unknown
Ryan Antonucci [US],Unknown
Krzysztof Fryca [PL],Unknown
Kevin Kitzig [DE],Unknown
Nino Anderluh [SI],Unknown
Cédric Paporello [FR],Unknown
Louis Mowatt [UK],Unknown
Gino Meister [CH],Unknown
Jose Cruz [US],Unknown
Dylan Zeller [FR],Unknown
Borja Carmona [ES],Unknown
Andrea Mario Schroder [IT],Unknown
Mario Franz [NO],Unknown
Nuno Fernandes [PT],Unknown
Edgardo Rey [MX],Unknown
Justin Perea [US],Unknown
Lennert De Clercq [BE],Unknown
Bernard Kościk [PL],Unknown
Luis Joaquin Guillo Garri [ES],Unknown
Daniel Monticelli [IT],Unknown
Michael Zele [US],Unknown
Liliana Imrichová [SK],Unknown
Jón Ellert [IS],Unknown
Jake Santiago [CA],Unknown
Drew Ahlberg [US],Unknown
Tomohiro Iezaki [JP],Unknown
Kin hin Fung [UK],Unknown
Liam Conant [US],Unknown
Julien Hammer [DE],Unknown
Adrian Hernandez Fernandez [ES],Unknown
Pol Ortega Serna [ES],Unknown
Yota Inoue [FR],Unknown
Raquel Hazim [ES],Unknown
Fabrizio Cremascoli [IT],Unknown
Michael Slutsky [US],Unknown
Miroslav Mojik [UK],Unknown
Bo Vinke [NL],Unknown
Michael Laundrie [US],Unknown
Paul Margold [CA],Unknown
haoqing yang [CN],Unknown
Benjamin Preece [UK],Unknown
Ákos Filiczki [HU],Unknown
Alex krekeler [US],Unknown
Nicholas Crawford [UK],Unknown
Rafael Yuiti [BR],Unknown
Gioele Dell'Andrino [CH],Unknown
Juan Andree [CL],Unknown
Alex Frindt [SK],Unknown
christian skagemo [NO],Unknown
James Leek [UK],Unknown
Andrew Murray [US],Unknown
Rogelio Espinoza [MX],Unknown
Janek Jagiełło [PL],Unknown
Christian Badenas [AR],Unknown
Nolan O'Brien [CA],Unknown
Marcel Čampa [SI],Unknown
Karl Blake [UK],Unknown
Harrison Frazier [US],Unknown
Daniel Powell [UK],Unknown
Alex Vega [US],Unknown
Viktor Andersson [SE],Unknown
Kurt Setchell [UK],Unknown
Matthew Shafik [UK],Unknown
Ross Warren [UK],Unknown
Jan Vincent Aalbers [DE],Unknown
Vincenzo Enrico Zappalà [IT],Unknown
Ren Fukuoka [JP],Unknown
Enrico Grimaldi [IT],Unknown
Michael Clazzer [IT],Unknown
Manuel Frenda [IT],Unknown
Carter Malnaik [US],Unknown
Daniel Dymond [UK],Unknown
Lucas Jordão [BR],Unknown
Joshua Vanoverschelde [BE],Unknown
Warre Haghedooren [BE],Unknown
Nikolaos Winter [DE],Unknown
Thibault Delahaye [FR],Unknown
James Moxon [UK],Unknown
Ramiro Galindo [US],Unknown
Marco Garcia [BR],Unknown
Luke Doran [UK],Unknown
Simone Fiorito [IT],Unknown
Anthony Blanchard [FR],Unknown
Tom Miles [UK],Unknown
Trenton Staley [US],Unknown
Stephen Law [UK],Unknown
Jeremy Castro [US],Unknown
Karl Kujak [US],Unknown
Justin Bean [US],Unknown
Finlay Wyllie [UK],Unknown
Tobias Roberts [UK],Unknown
Arne Van Braeckel [BE],Unknown
Zeryx Schaefer [US],Unknown
Yang SHI [FR],Unknown
FRANCISCO TORANZO [ES],Unknown
Terry Tai [SG],Unknown
Thomas Davies [UK],Unknown
Nico Alabas [DE],Unknown
Justin Kempley [UK],Unknown
Christopher Venier [CA],Unknown
heitor duperron [BR],Unknown
Jesper S.H Eriksen [DK],Unknown
Daniel Gauci [MT],Unknown
Daniel Dempster [CA],Unknown
Gabriel Tinio [CA],Unknown
Gijs van Schie [NL],Unknown
Juan Sánchez Rodríguez [ES],Unknown
Robert Lau [DK],Unknown
Alexander Stoppel [DE],Unknown
Alix Dufour [FR],Unknown
Arthur Van Audenrode [BE],Unknown
Justin Graff [DE],Unknown
Joe Bates [UK],Unknown
Tobias Jakhöfer [DE],Unknown
Javier Tengo Jofre [ES],Unknown
andres estefano gajardo lopehandia [CL],Unknown
Tobias Strømdahl [NO],Unknown
Jose María Sánchez Fuentes [ES],Unknown
Andrea Ceolin [IT],Unknown
Vito Tse [CA],Unknown
Greg Minklei [US],Unknown
Sanjay Sundararajan [US],Unknown
Adam Travers [UK],Unknown
Kurtis Broughton-King [UK],Unknown
Jory Koot [NL],Unknown
Alex Demorizi [CA],Unknown
Jack Wong [CA],Unknown
Mike Sprague [NO],Unknown
Toby Woolner [UK],Unknown
Conner Hurst [US],Unknown
César Fernandes [PT],Unknown
Konstantinos Anagnostopoulos [GR],Unknown
Steven Lavoie [US],Unknown
Darran Messom [UK],Unknown
William Harris [UK],Unknown
Noah Brown [UK],Unknown
Ola Petersen Nordby [NO],Unknown
Victor ZHAO [FR],Unknown
Tim Hinz [DE],Unknown
Gwen Tran [US],Unknown
Tony Dong [UK],Unknown
Ben Anuworakarn [UK],Unknown
Erik Bladh [SE],Unknown
James Cox [NL],Unknown
Kaya Lichtleitner [DE],Unknown
Elias Azagra Næss [NO],Unknown
Nicholas Forsinetti [IT],Unknown
Christian D'Onofrio [IT],Unknown
Tom Nardello [US],Unknown
Lucian Hargreaves [UK],Unknown
Elvis Caccin [IT],Unknown
Jason Sayle [IM],Unknown
Paulo Freitas [PT],Unknown
Dennis Peroff [CA],Unknown
ryan troullier [US],Unknown
Wesley Tam [CA],Unknown
Francisco Osorio [CL],Unknown
Mauro Spanò [IT],Unknown
Gabriel Cruz [US],Unknown
Adam Hawkins [UK],Unknown
Ethan Wilde [UK],Unknown
Roberto Costanzo [FR],Unknown
Simon Copenhaver [US],Unknown
Seth Savage [US],Unknown
Derek Hu [US],Unknown
Simone Pietropaolo [UK],Unknown
Marek Stolarik [SK],Unknown
Samir Sookhan [UK],Unknown
Nicolas Magnoni [IT],Unknown
Fabio Spanò [IT],Unknown
Eric Hendrickson [DE],Unknown
Marijn van Duivenboden [NL],Unknown
Kevin Cruz [US],Unknown
Miikka Mannerlehto [FI],Unknown
Robyn Wilkinson [UK],Unknown
Matt Bacnis [US],Unknown
Chaz Gagne [DE],Unknown
Ajay Sridhar [US],Unknown
Manuel Penco [IT],Unknown
Michal Grebenár [CZ],Unknown
Kévin NEPHTYS Semlali [FR],Unknown
Richard Allen [UK],Unknown
David Veronica [US],Unknown
Gonçalo Xavier [PT],Unknown
Austin Byard [UK],Unknown
Chris Degner [US],Unknown
Omar Taha [US],Unknown
Steven Mills [UK],Unknown
Lewis Thomas [UK],Unknown
Rene Ess [DE],Unknown
Yury Aleksanyan [UK],Unknown
Martin Risting [NO],Unknown
Vebjørn Kveberg Opsanger [NO],Unknown
Christoph Okun [DE],Unknown
Santiago Fernandez-Cid [ES],Unknown
Charles matthew Magnaye [IT],Unknown
William Timmermeyer [US],Unknown
Jamie Coate [FI],Unknown
Marino Rodriguez [US],Unknown
Alberto Benvenga [IT],Unknown
Raquel Ricoy Carballo [ES],Unknown
Tony Herrera [US],Unknown
Indico Reis [UK],Unknown
Matthew Rowberry [IM],Unknown
Santiago José Santos Rodríguez [ES],Unknown
Miguel A M L [ES],Unknown
Demetris Eaton [UK],Unknown
Michael Bio [US],Unknown
Jan Rodek [CZ],Unknown
Nick Alvarez [US],Unknown
Deo Halili [US],Unknown
Mattia Sposito [IT],Unknown
Erik Støwer [NO],Unknown
Carlo Bellello [IT],Unknown
Vincent Fatunz [DE],Unknown
Cyrus Davis [CA],Unknown
Ryan Tongue [US],Unknown
Nathan James [UK],Unknown
Hunter Slack [US],Unknown
Austin Brown [US],Unknown
Franco Takahashi [US],Unknown
Ivan Chan [US],Unknown
Tanner Drabek [US],Unknown
Soeren Oez [DE],Unknown
Tiger Hickman [US],Unknown
Simran Sahota [UK],Unknown
Michael Dellenbach [CH],Unknown
Seán McCormack [IE],Unknown
Ithiel Arki [FR],Unknown
David Zheng [US],Unknown
Jamie Bradbury [UK],Unknown
Brandon Lane [US],Unknown
Jarno De Vuyst [BE],Unknown
Arthur Greenwood [UK],Unknown
Carlos Medina Astete [PE],Unknown
Marc Torres Jimenez [ES],Unknown
Marcelo Guarita [BR],Unknown
Tommy Eriksson [NO],Unknown
Matteo Albieri [IT],Unknown
Aleksander Domek [PL],Unknown
Matthew Brower [US],Unknown
Lewis Cupoli [UK],Unknown
Dario Scarnò [IT],Unknown
Filipe Saúde [PT],Unknown
DAIKI ARAUCHI [JP],Unknown
Caroline Ferino [FR],Unknown
Vincent Jouare [FR],Unknown
andrea Zorat [IT],Unknown
Mike Reynolds [UK],Unknown
Christopher Silver [US],Unknown
Leomar Alcantara [CA],Unknown
Henri Abbott [UK],Unknown
Lennert Van Overloop [BE],Unknown
Jonah De ruyck [BE],Unknown
Mikołaj Plich [PL],Unknown
Federico Rossi [IT],Unknown
Nico Gist [US],Unknown
Miloslav Suchanek [CZ],Unknown
Stephen Lowe [US],Unknown
Andrew Emerson [UK],Unknown
Simon Fritz [AT],Unknown
Paul Irish [UK],Unknown
Tyler Perry [US],Unknown
Callum Griffiths [UK],Unknown
Jakub Berus [PL],Unknown
Kevin Král [CZ],Unknown
Nicholas Moses [US],Unknown
Glenn Bauwens [BE],Unknown
tienthomas pham [US],Unknown
Trevor Wilson [US],Unknown
Andrea Foffi [IT],Unknown
Bastien LAMOTTE [FR],Unknown
Marek Šalgovič [SK],Unknown
Konstantin Shapkin [UK],Unknown
Stephen Eshghy [US],Unknown
Aleks Rogič [SI],Unknown
Claudio Foglia [IT],Unknown
Vincent Vuong [CA],Unknown
Paulos Liakopoulos [GR],Unknown
Patryk Brzezinski [PL],Unknown
Gabor Van Meenen [DE],Unknown
Tai Pitman [UK],Unknown
Alberto De Torres Rivera [ES],Unknown
Jasmine Hinshelwood [UK],Unknown
Ingvar Hjartarson [DK],Unknown
Chris Cassells [UK],Unknown
Steve Zhang [US],Unknown
Magnus Pedersen [DK],Unknown
Joel Pires [PT],Unknown
ward knuts [BE],Unknown
Jacob Nemeth [US],Unknown
Yixi Ou [CN],Unknown
Sebastian Hansen [DK],Unknown
Emmi Stonier [US],Unknown
Robert Deyk [PL],Unknown
Teddy Vataire [FR],Unknown
Michael Dones [US],Unknown
Matteo Quoiani [IT],Unknown
Matteo Sanna [IT],Unknown
Anthony Flemate [UK],Unknown
Sonja Irrgeher [DE],Unknown
denis posocco [IT],Unknown
Robin Karvonen [SE],Unknown
McElroy Quinney [UK],Unknown
Roberto Rueda [CO],Unknown
ANDREW ESPIRITU [US],Unknown
Jason Phua [SG],Unknown
Alex Scopini [IT],Unknown
Felipe Luna [MX],Unknown
Charlie Blakemore [UK],Unknown
Romain CHAT [FR],Unknown
Austin Roop [US],Unknown
Connor Bellyou [UK],Unknown
Carlos Uribe [CL],Unknown
Erik Nance [US],Unknown
Renaud LEVAIN [FR],Unknown
André Castela [PT],Unknown
Maxwell Johnson [US],Unknown
Pruthvi Pursnaney Jaggi [ES],Unknown
Alexandre peplaw [FR],Unknown
Henri Heiskanen [FI],Unknown
Harry Miller [UK],Unknown
Lyder Iversen [NO],Unknown
Rone Nielsen [DK],Unknown
Ferdi Mak [AU],Unknown
Beat Christen [CH],Unknown
Lennart Timmers [NL],Unknown
Brandon Salazar [US],Unknown
Jake Gearhart [US],Unknown
Ben Shannon [UK],Unknown
Luke Parkes [UK],Unknown
Timothy Tsang [UK],Unknown
Adam Reinhardt [US],Unknown
frankie vines [UK],Unknown
Baptiste DUPUY [FR],Unknown
Krzysztof Figas [PL],Unknown
Kim Pobega [IT],Unknown
Christopher H. Melgar [AR],Unknown
xiaoyang wang [UK],Unknown
Adam Hanuš [CZ],Unknown
Elias Stratmann [DE],Unknown
Rick Verwaal [NL],Unknown
Matthew Vanoli [UK],Unknown
Geovany Ramirez [US],Unknown
Eduardo Melendez [US],Unknown
Justin Teng [US],Unknown
Alexander Deegener [DE],Unknown
Tom Woodward [UK],Unknown
Louis-Serge Gagné [CA],Unknown
>TGMA-ST11>Amy Wosley [UK],Unknown
Liam Benitez-Bitton [UK],Unknown
Aaron Edwards [UK],Unknown
André Miranda [BR],Unknown
Carlo Antonio del Vescovo [IT],Unknown
Troy Campbell [US],Unknown
Xuanwen Zhang [CN],Unknown
Jack Culkin [UK],Unknown
Simone Venticinque [IT],Unknown
David Keep [UK],Unknown
Erick Laurentino Ramirez Rodriguez [MX],Unknown
Patrick Brigman [US],Unknown
Emma Marcelle [FR],Unknown
Marcel Edlinger [DE],Unknown
Charles Lloyd [UK],Unknown
Kyle Best [UK],Unknown
Gunter Van Roey [BE],Unknown
Alex Jackson [UK],Unknown
Beth RW [UK],Unknown
Takuya Yamaguchi [US],Unknown
Lorenzo Fulco [IT],Unknown
Kacper Mazurkiewicz [PL],Unknown
Anca Cosma [UK],Unknown
Łukasz Mazurkiewicz [PL],Unknown
Elia Perrone [IT],Unknown
Jesus Ramirez [US],Unknown
Ashley Baldry [UK],Unknown
Jose López [ES],Unknown
Rúben Gouveia [PT],Unknown
Jonathan Fabrizio Bellucci Lanciano [AR],Unknown
Kamil Świstuń [PL],Unknown
Bernardo Dias [PT],Unknown
Jose Marrero [US],Unknown
Yarno Van der fraenen [BE],Unknown
Andrew Hayward [UK],Unknown
João Lopes [PT],Unknown
Benjamin Cheynubrata [DE],Unknown
Pedro Carrasco [PT],Unknown
Thomas White [UK],Unknown
Kenneth Dew [UK],Unknown
Andreas Döring [DE],Unknown
Thiago Silva [BR],Unknown
Anthony Bruno [US],Unknown
Nam Paul Nguyen [DE],Unknown
>TGMA-ST10>Daniel Pastor [ES],Unknown
Frederik Riis-Jacobsen [DK],Unknown
Óscar Batalha [PT],Unknown
Ryan Ginsburg [US],Unknown
RUI XU [CN],Unknown
emmanouil vamvoukas [GR],Unknown
Neo Erlandsson [US],Unknown
Benjamin PHAM [NL],Unknown
Shaon Sen [UK],Unknown
Aidan Ulian [CA],Unknown
Marvin Lu Banzon [CA],Unknown
Mauricio Martinez [US],Unknown
Jean-Sébastien d'Anchald [FR],Unknown
Thomas Williams [UK],Unknown
Rose Gregson [UK],Unknown
Jasmin Kirchherr [DE],Unknown
Tim Haffmanns [DE],Unknown
Quentin Carlier [FR],Unknown
Andreas Nordeng [NO],Unknown
Emanuele Del Sorbo [IT],Unknown
Andrew Martin [US],Unknown
Jack Taylor [UK],Unknown
Marco Jackowski [DE],Unknown
Marco Ceccon [IT],Unknown
Dmytro Prykhodchenko [UA],Unknown
Justin Fedorenka [CA],Unknown
Max Green [UK],Unknown
Nicolas DUNIKOWSKI [FR],Unknown
Jason Gireaud--Lemoine [FR],Unknown
Max Theeuwen [NL],Unknown
Lucas Legaz [FR],Unknown
Angelo De Domenico [IT],Unknown
Niels Jürgensen [DE],Unknown
Darragh Buckley [IE],Unknown
Asher Donnell-Ford [UK],Unknown
Tobias Thesing [DE],Unknown
Shai Burton [UK],Unknown
Ryan Bielak [AU],Unknown
Kevin Gomez [CA],Unknown
JOEL NGUYEN [FR],Unknown
Joe Lamb [UK],Unknown
clement courbois [FR],Unknown
Ryan Tonge [UK],Unknown
Ali Salame [DE],Unknown
Liam Burden [UK],Unknown
Sion Griffiths [UK],Unknown
Alex Bailey [UK],Unknown
Benji Hutchings [UK],Unknown
Marcos Gonzalez [US],Unknown
Ely Greenfeld [US],Unknown
Darren Chi hung Tang [UK],Unknown
Oliver Brice [UK],Unknown
Benjamin Shum [UK],Unknown
Jamie Collumbell [UK],Unknown
ryan hulatt [UK],Unknown
Carol de Nadai [IE],Unknown
Aaron McMordie [UK],Unknown
Dorota Jarocka [PL],Unknown
Carlos Sosa [UK],Unknown
Julian Gabor [DE],Unknown
Dario Tosolini [IT],Unknown
Yuki Nishi [UK],Unknown
REN ABE [JP],Unknown
João Requena [BR],Unknown
Tony Vuong [US],Unknown
Dominic Stroud [UK],Unknown
Anthony Richardson [UK],Unknown
David Sturm [DE],Unknown
Niklaus Christen [CH],Unknown
Guillermo Pascual Sánchez [ES],Unknown
Dominic Charlton [UK],Unknown
Alex Raymond [US],Unknown
Cristo Peña [ES],Unknown
Emanuel Rivera [US],Unknown
Marieke Strothmann [DE],Unknown
Callum loud [UK],Unknown
Daniel Rinaldi [IT],Unknown
Sebastian Krizek [AT],Unknown
Manuel Jose Cuenca Padilla [ES],Unknown
Thom Vaknin [US],Unknown
Wei Fang [NO],Unknown
Dale Coombs [UK],Unknown
Aaron Dekkers [HU],Unknown
Greg Pope [UK],Unknown
Priya Bodha [NL],Unknown
Ashwin van Gool [NL],Unknown
Michael Ledeboer [NL],Unknown
Sam Callow [UK],Unknown
Jonathan Gorgos [DE],Unknown
>TGMA-ST19>Michael Hunter [IE],Unknown
Tom Needham [UK],Unknown
Ye Wang Chen [LU],Unknown
Andrew Weiss [US],Unknown
Crisdean MacQuarrie [UK],Unknown
Bernardo Mocho [PT],Unknown
John Best [US],Unknown
Mick de Jong [NL],Unknown
Jun Hui Ryan Wong [SG],Unknown
Vianney Leroy [FR],Unknown
Ondřej Škubal [CZ],Unknown
Alfredo Devars Ventura [MX],Unknown
Yunan Peng [UK],Unknown
Christopher Oeltjendiers [DE],Unknown
Stefano Carta [IT],Unknown
Rosie Spink [UK],Unknown
Xabier Arauzo [ES],Unknown
Luca De Costanzo [IT],Unknown
Valkyrie Kraemer [US],Unknown
Alex Rubin [US],Unknown
Robert Kinbrum [UK],Unknown
Leiming Qi [UK],Unknown
Philippe GUILEMENT [FR],Unknown
Ian Elliott [UK],Unknown
Will Jenkins [US],Unknown
Christian Connelly [UK],Unknown
Lawrence Morillo [CH],Unknown
Melvin Gartland [UK],Unknown
James Beeching [UK],Unknown
Marvin Eduardo Drewry Cortez [MX],Unknown
PJ Witusik [US],Unknown
Zakaria Aossey [US],Unknown
César Carbajo García [ES],Unknown
Cory Koehler [US],Unknown
Elliott Chereches [CA],Unknown
David Burness [AU],Unknown
Dillon Barta [US],Unknown
Oscar Videla [CL],Unknown
Ian Neilson [UK],Unknown
Sean Hibbert [UK],Unknown
Yuki Oka [JP],Unknown
Tobias Smutkowski [DE],Unknown
Dan Hugar [US],Unknown
Jamie Livingstone [UK],Unknown
Jonathan Beckwith [UK],Unknown
Eugene Brown [US],Unknown
Lukas Eßer [DE],Unknown
Matthew Burris [AU],Unknown
Yarden Segal [CA],Unknown
Luke Mills [UK],Unknown
Simon Dallas [UK],Unknown
Eric Wu [US],Unknown
Jamie Frankland [UK],Unknown
Victor Van Moer [BE],Unknown
Owen Wilson [UK],Unknown
Miguel Angel Aguilar [ES],Unknown
Joah Wiegner [DE],Unknown
Teddy Bard [FR],Unknown
nicky paradis [BE],Unknown
Jake Keast [UK],Unknown
Gary Andrè Rosales Morales [IT],Unknown
Lee Powell [UK],Unknown
Kora Liao [UK],Unknown
Brad Taylor [UK],Unknown
Mario Martín Núñez [ES],Unknown
Xander Pero [US],Unknown
Andrea Stranieri [IT],Unknown
Yannick Leemans [BE],Unknown
Ewan West [UK],Unknown
Ethan Yi [US],Unknown
Ismael Malpica López [ES],Unknown
Bartosz Wdowiak [PL],Unknown
Ewan Price [UK],Unknown
Menno van der Linden [NL],Unknown
Aaron Othmane [UK],Unknown
Bryson Hunt [CA],Unknown
Adam Parkins [UK],Unknown
Paul Michaelis [DE],Unknown
Michele Lesage [CA],Unknown
King Sum Bevis Wong [UK],Unknown
Hao Liang [US],Unknown
Aron Wright [SE],Unknown
Andrea Zamboni [IT],Unknown
Zane Roach [NZ],Unknown
Andrew Spence [UK],Unknown
Fabia Slaughter [UK],Unknown
Joshua Richards [UK],Unknown
Eric Correa [US],Unknown
Thomas Abbott [UK],Unknown
Connor Morgan [UK],Unknown
Adam Karlbom [SE],Unknown
Vittorio Antonio Lavacca [IT],Unknown
Abe Morales [US],Unknown
Joseph Morse [US],Unknown
Jonatan Benítez [ES],Unknown
Bryan Villa [FR],Unknown
Christopher Hau [UK],Unknown
Oliver Shrigley [UK],Unknown
Thibault Dezutter [BE],Unknown
riyad mechel [CA],Unknown
Anya Kolberg Johansson [NO],Unknown
Keagan Barr [UK],Unknown
Margherita Caponeri [IT],Unknown
Philip Nguyen [CA],Unknown
Kristján Þór [IS],Unknown
Roxie Church [UK],Unknown
Gianluca Greco [IT],Unknown
Dario Giuseppe Volpe [IT],Unknown
Christopher Mcgill [UK],Unknown
Francesco Maria Boniello [IT],Unknown
Colin Mazur [AT],Unknown
Malcolm Whelan [NL],Unknown
Nicholas Fullerton [US],Unknown
David Walerian Rzepka [DE],Unknown
Harrison Hunter [UK],Unknown
kyle mason [UK],Unknown
Jari Senne [NL],Unknown
Leon Kesselring [CH],Unknown
Mark Mizzi [MT],Unknown
Rosario Andrea La Spina [IT],Unknown
Adrien Iseli [CH],Unknown
Dillon Piebenga [NL],Unknown
Jack Gregory-Campbell [UK],Unknown
Liam Murray [UK],Unknown
Quentin Fens [NL],Unknown
Jordan Green [UK],Unknown
Kallab Fierro [US],Unknown
Hakim Moussaoui [AU],Unknown
Mathieu Benard [FR],Unknown
Daryl Magri [MT],Unknown
Alejandro Rodriguez [ES],Unknown
Eric Ridgeway [US],Unknown
Gabriel Quintans Vila [ES],Unknown
Steven Hamula [US],Unknown
Corey Weidner [US],Unknown
Samuel Klemetsson [SE],Unknown
Devin Ardissono [US],Unknown
Bradley Smith [UK],Unknown
Aaron del Pino Omar Hernandez [ES],Unknown
Guillermo Huelin [ES],Unknown
Adam Knight [UK],Unknown
Aaron Pannell-Cottier [IM],Unknown
Muhammad Hamza [UK],Unknown
Fabio Zeppetella [CH],Unknown
Dario Van Meenen [DE],Unknown
Owyn Kamerman [NL],Unknown
Jose Manuel Garcia Diaz [ES],Unknown
Matthew Webb [UK],Unknown
Wilfred Worland [US],Unknown
Gauthier Vesseron [FR],Unknown
Ashley Mckay [UK],Unknown
Gustav Olsson [SE],Unknown
Ivan Vega Romero [ES],Unknown
Marc Brittain [GG],Unknown
Aaron Holdsworth [UK],Unknown
Miriana Grandolfo [IT],Unknown
Sebastian Arias [CL],Unknown
Lucas GUITTON [FR],Unknown
Alex Downham [UK],Unknown
Pascal Tillenberg [DE],Unknown
Kimberly Serocki [US],Unknown
Tom Willetts [UK],Unknown
Adrian Marsilla [ES],Unknown
Gabriel Smart [US],Unknown
Harrison Leven [US],Unknown
Jolene Jordan [US],Unknown
Luke Williams [UK],Unknown
Laura Takeda [UK],Unknown
Chun Yip Tam [UK],Unknown
Leon Gbasai [UK],Unknown
Jack Wong [UK],Unknown
Ben Cook [UK],Unknown
Alexis MARTIN [FR],Unknown
Brandon Oviatt [US],Unknown
DILIP Vernekar [UK],Unknown
Fabian Schlieckau [DE],Unknown
Tamao Takeda [UK],Unknown
Daniel Dean [UK],Unknown
Geneses Pabuna [CA],Unknown
Rory Barnes [UK],Unknown
Duncan Swift [UK],Unknown
Duncan Crowley [US],Unknown
Pedro Leão [PT],Unknown
Koen Moors [NL],Unknown
Ken Hwang [CA],Unknown
Tou Moua [US],Unknown
Clifton Dalgard [US],Unknown
Danny Dowling [UK],Unknown
Daniel Pochman [CZ],Unknown
Tommy Butcher [UK],Unknown
Keanu Luc Schreckenberg [DE],Unknown
Haukur Hildimar Davidsson [IS],Unknown
Joshua Bird [UK],Unknown
Ferdo Belanyi [SK],Unknown
Mateusz Klawikowski [UK],Unknown
Cesar Guerrero [US],Unknown
Daniel Jones [UK],Unknown
Lúkas Máni Gíslason [IS],Unknown
Rebecca van der Lee [UK],Unknown
Philippe Zhao [FR],Unknown
Louis Leterme [FR],Unknown
timothy lai [UK],Unknown
Alex Lonnecker [UK],Unknown
Asher Campbell [US],Unknown
Graeme Docherty [UK],Unknown
Hjalte Jonas Vandel Byskov [DK],Unknown
Giulio Raggi [IT],Unknown
Vito Butković [HR],Unknown
Peter Židek [SK],Unknown
Paul Windibank [UK],Unknown
Luca Digiovanni [IT],Unknown
Tash Williams [UK],Unknown
Matt Tarabadi [UK],Unknown
Jacob Carrasco [US],Unknown
Stephen Chan [UK],Unknown
Jared Mahelona [US],Unknown
Nicholas Santosuosso [US],Unknown
Stephen Riley [US],Unknown
Adrian Mora [ES],Unknown
Arthur Kerbiquet [FR],Unknown
David De Bruyne [BE],Unknown
Nick Harsch [BE],Unknown
Matthew Goodridge [UK],Unknown
Vicente Javier Ibanez Porras [ES],Unknown
Jacob Rose [UK],Unknown
Ian Edgar [UK],Unknown
Ygor Peixoto [UK],Unknown
Nicklas Danielsen [DK],Unknown
Ali Westmacott [UK],Unknown
Alex Piller [HU],Unknown
Alex Bortolini [IT],Unknown
Amir Oppenheim-Nevo [IL],Unknown
Denis Provázek [CZ],Unknown
Luke Fisher [UK],Unknown
Luke Shore-Jones [UK],Unknown
Mariusz Kwiatkowski [PL],Unknown
Ky Vong Nguyen [FR],Unknown
Natalia Balcer [PL],Unknown
Rhys Binks [UK],Unknown
Justin Kulas [US],Unknown
Maciej Chojnacki [PL],Unknown
Sam Eddy Kelly [US],Unknown
Thomas Goodson [UK],Unknown
davide carangelo [IT],Unknown
>TGMA-ST33>Alex Phipps [UK],Unknown
Lucia Koonings [NL],Unknown
Michael Batten [IE],Unknown
Kamil Colatosti [CA],Unknown
>TGMA-ST36>Kai Chun So [UK],Unknown
James Washer [US],Unknown
Francisco Guzmán [ES],Unknown
Jimbo Coleman [UK],Unknown
Jonatan Arellano [ES],Unknown
Dylan Yuen [UK],Unknown
>TCGMA/ST8>Matthew De-Veale Cutts [UK],Unknown
Nathan Potter [US],Unknown
Gino van Klaveren [NL],Unknown
Ashraf Dewan [UK],Unknown
Jason Lee [UK],Unknown
Dariusz Włodarski [PL],Unknown
Sean Jolly [UK],Unknown
Alexander Sturgess [IM],Unknown
Pere Arbós Parets [ES],Unknown
Haydn Ward [UK],Unknown
Andrea Calciolari [IT],Unknown
Lars Andersen [DK],Unknown
Kai Wainwright [UK],Unknown
Adam Luck [UK],Unknown
Nathan Brower [US],Unknown
Marc Haslauer [CH],Unknown
Andy Bird [UK],Unknown
Robert Carmody [UK],Unknown
Sarush Chansuwan [UK],Unknown
Manuel Jorach [AT],Unknown
Sean Cunningham [UK],Unknown
Manuel Vazquez [ES],Unknown
Ole Stognief [DE],Unknown
Jack Wallace [US],Unknown
Michelle Brown-Brine [UK],Unknown
Albert Bañeres [ES],Unknown
Gabriel Hernández Ortega [ES],Unknown
Lukas Pessy [NL],Unknown
Sebastian Emtell [SE],Unknown
Julien Dallé [FR],Unknown
Jan Siddiqi [DE],Unknown
Manny Bebbington [UK],Unknown
Connor Bird [UK],Unknown
Megan Szekely [UK],Unknown
Ryka Esmaeili [UK],Unknown
James de Boer [UK],Unknown
Mike Davies [UK],Unknown
Reuben Bolante [CA],Unknown
Mike de Bruijn [NL],Unknown
Miika Kostermaa [FI],Unknown
Oliver Parkes [UK],Unknown
Mathieu Vidal [FR],Unknown
Luke Negus [UK],Unknown
Piotr Matliński [PL],Unknown
Jack Fedrow [US],Unknown
Kris Krueger [US],Unknown
Stuart Collishaw [UK],Unknown
Kaia Leikarnes [NO],Unknown
Nicolas Agurto Espinoza [ES],Unknown
Joseph Kidd [UK],Unknown
Thomas Crane [UK],Unknown
Dario Herrera [ES],Unknown
Walter Pollo [IT],Unknown
Sai Hoang [UK],Unknown
Lee Williams [UK],Unknown
Cait Clarke [UK],Unknown
Ivan Finamore [IT],Unknown
Marvin Zimmermann [DE],Unknown
Julian Riveros [CO],Unknown
James Drake [UK],Unknown
Krzysztof Lesik [PL],Unknown
Antony ladley [UK],Unknown
Núria Curto Benet [ES],Unknown
Vincenzo Cannata [IT],Unknown
Mart Hoekstra [NL],Unknown
Ben Vasquez [US],Unknown
Alexander Gindlhumer [AT],Unknown
Gabriel Fischer [CH],Unknown
Martin Desombre [FR],Unknown
Clint Vancliff [UK],Unknown
Jędrzej Biniszkiewicz [PL],Unknown
Sean Massey-Pawadyira [UK],Unknown
Michael Martindale [CA],Unknown
Julia Mars [DE],Unknown
Peter Ma [CA],Unknown
Gilbert McLaughlin [UK],Unknown
Tad Hansen [UK],Unknown
Jérémy Vindrola [FR],Unknown
Mathias Bøcker Jakobsen [DK],Unknown
Gary ENTEN [FR],Unknown
Dallas White [US],Unknown
Tom Mosquera [UK],Unknown
Owen Waghorn [UK],Unknown
Jonah Alter [ZA],Unknown
>TGMA-ST16>Alec White [UK],Unknown
Bartosz Różewski [PL],Unknown
Dominick Caparotti [US],Unknown
Christian Primus [US],Unknown
Martin Callegari [AR],Unknown
José Domingo Franco [ES],Unknown
Kristopher Kemp [US],Unknown
Alexis Molineau [FR],Unknown
Marco Ometti [IT],Unknown
Ashley Haynes [UK],Unknown
Jan-Patrick Strohmeier [DE],Unknown
ANDREAS CHARALAMPOUS [UK],Unknown
Scott Pahnke [UK],Unknown
Adiris Milascevic [DE],Unknown
Simone Valdez [UK],Unknown
Dan White [UK],Unknown
Guillermo Pérez Calle [ES],Unknown
Geffrey Van der Veken [BE],Unknown
Liam Wagstaff [UK],Unknown
Wang Hin Lau [UK],Unknown
Oscar Juhle Lager [DK],Unknown
Andrea Terranova [IT],Unknown
Austin Ellis [CA],Unknown
Leon Thiemann [DE],Unknown
Tomáš Kadeřábek [CZ],Unknown
>TGMA-ST25>ján Vaľo [SK],Unknown
James Timms [UK],Unknown
Lukas Coenraats [NL],Unknown
Fernando Poblete [CL],Unknown
Cyrille ROGET-RICARD [FR],Unknown
Meng-Yu Wang [US],Unknown
Laura Crawford [UK],Unknown
Pauline Bareille [FR],Unknown
Jack Le Blancq [GG],Unknown
George Graham [UK],Unknown
Owen Gilbert [UK],Unknown
Perrine Boissieres [FR],Unknown
Aaron Santos [US],Unknown
Harri Darley [UK],Unknown
Dylan Vargas [IT],Unknown
Joseph Welch [UK],Unknown
Ky N'guyen [FR],Unknown
Karl Fogarty [UK],Unknown
kevin winberg [SE],Unknown
Emily Douglas [UK],Unknown
Ruben van der Sluis [NL],Unknown
Maxime grubert [FR],Unknown
Elmar Tresp [DE],Unknown
Ricky Kwok [UK],Unknown
Jan Schäfer [DE],Unknown
Angel Miguel Sifuentes Oliveira [ES],Unknown
Declan Easter [UK],Unknown
Conor Tendai Pawadyira [UK],Unknown
Charlie Belfield [UK],Unknown
Calvin Tathanhlong [CA],Unknown
Youry De Bruyn [BE],Unknown
Simon Hussain [UK],Unknown
Keenan Grange [UK],Unknown
Daniel Bate [UK],Unknown
Spencer Johnson [US],Unknown
Fernando Henry [CL],Unknown
Bo Vandermarliere [BE],Unknown
Matthew Tam [US],Unknown
Matthew Bown [UK],Unknown
Michael Christodoulakis [SE],Unknown
Mason Lovato [US],Unknown
Ewen Hayter [UK],Unknown
Florian Devos [BE],Unknown
Alexandra Smith [UK],Unknown
Kévin Vacquier [FR],Unknown
Jeffrey Cheung [UK],Unknown
Danny Vander Wel [NL],Unknown
Mark Fox [UK],Unknown
Piotr Orleański [PL],Unknown
James Butler - Royal [UK],Unknown
david meredith [UK],Unknown
Thomas Asare [NL],Unknown
Kieran Smith [UK],Unknown
James Whitby [UK],Unknown
Andrew Reinhardt [US],Unknown
Harry Gray [UK],Unknown
Luigi Vezzoni [IT],Unknown
Enrique Expósito [ES],Unknown
Jonathan Talsma [UK],Unknown
Gautier Garcia [FR],Unknown
Rebecca Morgan [UK],Unknown
Isaac Lewis [UK],Unknown
Kieran Hodson [UK],Unknown
Mike Galbreath [US],Unknown
Oriol Tauleria [ES],Unknown
Miller Bateman [NO],Unknown
Diego Caron [UK],Unknown
Daniel Brunsch [DE],Unknown
Matthew Smith [UK],Unknown
Mika Nokelainen [FI],Unknown
Sunny Blaggan [UK],Unknown
Nathan Doyle [IE],Unknown
Chris Bull [UK],Unknown
Nicolas Baumann [DE],Unknown
Baptiste Baronnet [FR],Unknown
Omar Ben-Gacem [UK],Unknown
Carlos Román Cruz [ES],Unknown
Cameron Bell [UK],Unknown
Ravinesh Bhoep [NL],Unknown
Josh Jones [UK],Unknown
Jack Harchuk [UK],Unknown
Nick Bohdan [SK],Unknown
Charlie Humphreys [UK],Unknown
Marton Skjæveland [NO],Unknown
Nikoline Pedersen [DK],Unknown
Kyle Salmond [UK],Unknown
Anna Wenham [UK],Unknown
Tim Davis [UK],Unknown
Charles Driesler [UK],Unknown
Ray-Leonard Marshall [UK],Unknown
Cooper Kull [US],Unknown
Derrick Hong [CA],Unknown
Jaime García Inguanzo [ES],Unknown
yago forestier [FR],Unknown
Adam East [UK],Unknown
Matt Gracie [UK],Unknown
Enrico Agata [IT],Unknown
Alexander Simons [DE],Unknown
Rastislav Slavkovský [CZ],Unknown
Sziffer Gergő [HU],Unknown
Hidetoshi Hasegawa [JP],Unknown
Rhys Gunning [UK],Unknown
Alexander Nazemi [UK],Unknown
Michaël Garmyn [BE],Unknown
Jake Gamblen [UK],Unknown
PEILI ZHOU [UK],Unknown
Filip Muchiński [PL],Unknown
Austin Romerein [US],Unknown
Dennis Brechmann [DE],Unknown
Robert Eduardo Acuña Jimenez [CR],Unknown
Ben Bailey [UK],Unknown
Francesco Riccio [IT],Unknown
Habib Solinas [ES],Unknown
Alejandro Chacon [CR],Unknown
Adria Duran Portell [ES],Unknown
Kostas Tektonidis [GR],Unknown
Thierry Manjard [FR],Unknown
Phillip Schendera [DE],Unknown
Sadie Weldes [UK],Unknown
Raymond Ramsay [UK],Unknown
Alex Mondlak [US],Unknown
Kieran Ogilvie [UK],Unknown
Chao Wang [CN],Unknown
Alessio Carmignani [IT],Unknown
Jonas Pedersen [DK],Unknown
Halvor Borgstroem [NO],Unknown
ray fernandez [US],Unknown
Asako Ito [JP],Unknown
Henrik Simonsen [DK],Unknown
Cian Kavanagh [UK],Unknown
Rodney van den Velden [NL],Unknown
Paolo Visone [IT],Unknown
Amy Jones [US],Unknown
Kacper Nawojski [PL],Unknown
Andrew Elliott [UK],Unknown
Patrick Wilkins [UK],Unknown
Todd Stockley [UK],Unknown
Peter S [UK],Unknown
Matthew Durkan [UK],Unknown
Nick Guzman [US],Unknown
Enrique Real Perdomo [UK],Unknown
Sebastian Nielsen [DK],Unknown
Thomas Forster [UK],Unknown
Oskar Skog [NO],Unknown
Robyn Banks [UK],Unknown
Charles Ames [CA],Unknown
liam collins [UK],Unknown
Joshua Galea Logan [FR],Unknown
Alan Birchall [UK],Unknown
Bethanie Burgin [UK],Unknown
Jamie Brocklehurst [UK],Unknown
Joan Bonamich Gonzalez [ES],Unknown
José Samaniego [ES],Unknown
Bernd Weber [DE],Unknown
Edmilson Rocha [BR],Unknown
Jack Oliver [UK],Unknown
Nitish Doolub [UK],Unknown
Jessica Burden-Cheresna [CA],Unknown
Zachary Brotherton [UK],Unknown
Matteo Spalletta [IT],Unknown
Freddie Saunders [UK],Unknown
Matthias Titz [AT],Unknown
Juan Manuel Camacho Sánchez [ES],Unknown
Meng Hon Chow [AU],Unknown
Alexandre Lozac'h [FR],Unknown
Alessandro Arca [IT],Unknown
Sergio Trapanese [IT],Unknown
Iago Montes Flores [ES],Unknown
Andrea Haltuff Tangen [NO],Unknown
Angus Chow [CA],Unknown
Jak Hall [UK],Unknown
Zak Holness [UK],Unknown
Stepan Suchanek [CZ],Unknown
Rob Hopper [CA],Unknown
Caer Greatbatch [UK],Unknown
Jack Chambers [UK],Unknown
Mattia Puglisi [IT],Unknown
Olanrewaju Ogunnaike [UK],Unknown
>TGMA-ST5>Luc LACHENAUD [FR],Unknown
Mario Martinez [US],Unknown
Pepijn Langeraert [BE],Unknown
Eunjin Kim [DE],Unknown
Michał Machowski [PL],Unknown
Matthew Plowright [UK],Unknown
Jaden Ogilvie [UK],Unknown
Chris Bailey [UK],Unknown
William Groom [UK],Unknown
Paul Burgoyne [UK],Unknown
Stephen Rodriguez [SE],Unknown
Rafael Figueiredo de Oliveira [UK],Unknown
Matteo Cavani [IT],Unknown
Christopher Berry [UK],Unknown
Yanick Sommer [CH],Unknown
LuisM AR [ES],Unknown
Ruby Unwin [UK],Unknown
Nico Sommerfeld [DE],Unknown
Filippa Dorais [SE],Unknown
Tyler Herrmann [US],Unknown
Ryan Griffiths [UK],Unknown
Jeremy Medina [US],Unknown
Ilias Moutsopoulos [UK],Unknown
Joseph Clarke [UK],Unknown
David Marel [CZ],Unknown
Scot Symonds [UK],Unknown
Salvatore Camiolo [IT],Unknown
Friedrich Illbruck [DE],Unknown
Matthew Thomas [UK],Unknown
Janielk Jiménez Gómez [ES],Unknown
Danveer Kalirai [UK],Unknown
Fabio Battistella [IT],Unknown
Evens Cheung [NO],Unknown
Rob James [UK],Unknown
Nikolas Herbst [AT],Unknown
john riches [UK],Unknown
Edward Valencia [US],Unknown
Malik Hisyam Zaihan [IE],Unknown
Luke McHugh [UK],Unknown
Valentin Radet [FR],Unknown
Jassim Khelifi [FR],Unknown
Jamie Williams [UK],Unknown
Darren Brown [UK],Unknown
Rúben Cardoso [PT],Unknown
Daniel Chandler [UK],Unknown
Jonathan Lernpeiss [AT],Unknown
George Chave [UK],Unknown
Joan Esmandia [ES],Unknown
Matej Kermavner [SI],Unknown
Olivia Braddock [UK],Unknown
Quentin Quenet [FR],Unknown
Dejan Ilici [UK],Unknown
Pascal Lohrer [DE],Unknown
Derwen Fay [UK],Unknown
Cris Manlangit [US],Unknown
Pele Ifill [UK],Unknown
Daniele Antonazzo [IT],Unknown
Maxime Ameloot [FR],Unknown
Chris Moir [UK],Unknown
Andy Gray [US],Unknown
Toki Aso [UK],Unknown
Tom-Cedric Hinz [DE],Unknown
Brendan Cevasco [US],Unknown
Ruth Karczewski [UK],Unknown
Yasin Yasar [CH],Unknown
josh de jesus [CA],Unknown
Ben Scott [UK],Unknown
Timothy Scholle [US],Unknown
Adrián Gómez Muñoz [ES],Unknown
Shankithan Thevakumar [FR],Unknown
Eliot Liversidge [UK],Unknown
Seb Symonds [UK],Unknown
Edward Firmin [UK],Unknown
Georgia Shearn [UK],Unknown
Rhys Cooksley [UK],Unknown
Kate Farrell [UK],Unknown
Kieran Hopton [UK],Unknown
Mario Lorenzo Abad [ES],Unknown
Jay Robertson [UK],Unknown
Mac Morrison [UK],Unknown
Tom Leary [UK],Unknown
Quentin MATERNAT [FR],Unknown
Aria Stevenson [UK],Unknown
Agustín Miguel Beltrán Caro [ES],Unknown
Michal Němeček [CZ],Unknown
David Griggs [UK],Unknown
Jason Schmidt [US],Unknown
Blake Geary [UK],Unknown
Massimiliano Vitiello [UK],Unknown
Holly Reynolds [UK],Unknown
Pedro Estrada [US],Unknown
Andrea Franco [IT],Unknown
Joe Emmerson [UK],Unknown
Corey Godfrey [US],Unknown
Riccardo Scopini [IT],Unknown
Mark Taylor [UK],Unknown
Charlie Wells [UK],Unknown
Daan Kort [NL],Unknown
Eric Pujol [FR],Unknown
Pablo Grossi [ES],Unknown
Matteo Ginanneschi [UK],Unknown
Mitchel Hunt [UK],Unknown
Liam Oliver-Worth [UK],Unknown
Romain Lavaut [FR],Unknown
Botteri Stefano [IT],Unknown
Luke Gardner [UK],Unknown
Ryan Thomas [US],Unknown
Ben Rollason [UK],Unknown
Justin Hogg [UK],Unknown
Stefano Da Silva Fontinha Coelho [IT],Unknown
Maxwell Johnson [UK],Unknown
Benjamin Kraus [AT],Unknown
Jose Angel Cuadrado Mingo [ES],Unknown
Keld Juhl [DK],Unknown
Jaryl Sapkitjakarn [UK],Unknown
David Ferreira [PT],Unknown
Maximilian Seitz [DE],Unknown
Alex Kerrigan [GG],Unknown
Andrew Riffe [US],Unknown
Pavol Fabry [UK],Unknown
Felix Hoffmann [UK],Unknown
Kenneth Mauder [US],Unknown
Christian Baimai [DE],Unknown
Matteo Manfré [IT],Unknown
Jarod Newbury [UK],Unknown
Rhory Hendry [UK],Unknown
Rob Spronken [NL],Unknown
Kiyoshi Saito [UK],Unknown
Quentin Chéron [FR],Unknown
Scott Harwood [US],Unknown
Mark Graham [UK],Unknown
Igor Michale [DE],Unknown
Koon Tang [NL],Unknown
Alexandre CAMELO [FR],Unknown
Norikazu Sasaki [JP],Unknown
Anthony Zheng [US],Unknown
Jelle Baijer [NL],Unknown
Howard Bermudez [US],Unknown
Matias Ramirez Marianetti [CL],Unknown
Samuel Leong [UK],Unknown
Andrea Bozzi [IT],Unknown
Bryan Marwi [NL],Unknown
Daniel Cecil [UK],Unknown
Kilian Barth [DE],Unknown
Paul Flynn [UK],Unknown
Marco Manca [IT],Unknown
Jose Padilla Macias [US],Unknown
David Lehoux [FR],Unknown
Fabrizio Dessì Pistis [IT],Unknown
Ian Williams [UK],Unknown
Kazu Okura [US],Unknown
Daniel Llosá García [ES],Unknown
Ferran Romero Baró [ES],Unknown
Steven Smith [UK],Unknown
Fabio Fiorentino [IT],Unknown
Anh Dung Pham [DE],Unknown
Danny Sirotin [IL],Unknown
Kieran Cotterell [UK],Unknown
Daniel Scanlan [UK],Unknown
Lorenzo Di Loreto [IT],Unknown
Alberto Velasco [ES],Unknown
Rei Babb [UK],Unknown
Mike Hoskins [UK],Unknown
Antonio Manuel Ortega Pérez [ES],Unknown
Shawn Fazzani [UK],Unknown
Jose Viera [US],Unknown
>TGMA-ST2>Louis Toulmin [UK],Unknown
Piotr Puławski [PL],Unknown
Richard Coleman [UK],Unknown
James Taylor [UK],Unknown
Darren Ward [UK],Unknown
David Marshall [UK],Unknown
Edmund Ng [UK],Unknown
Eric Zhao [US],Unknown
Enzo Vergnon [FR],Unknown
Tineke Schuil [NL],Unknown
Joseph Webb [GG],Unknown
Olivia Whittaker [UK],Unknown
Charlotte Hale [UK],Unknown
Fausto Guerrero [US],Unknown
Tomoya Kaneko [CA],Unknown
Innes Donaldson [UK],Unknown
Claudio Ferla [BR],Unknown
Charlie Cresswell [UK],Unknown
Okada Ryuki [JP],Unknown
Alexander Bauer [DE],Unknown
Connor Lancaster [UK],Unknown
Pearce Wilton [UK],Unknown
Kieran Turner [UK],Unknown
Jawad Chowdhury [UK],Unknown
Maximilian Brinkhoff [DE],Unknown
Riccardo Maganza [IT],Unknown
See Long Wong [UK],Unknown
Steven Hembo Nielsen [DK],Unknown
Matej Glavnik [SI],Unknown
Gemma Symons [UK],Unknown
Darren Wood [UK],Unknown
Lloyd Blount [UK],Unknown
Fabien Devos [FR],Unknown
Marc Cabezas [ES],Unknown
Adam Balela [UK],Unknown
Andrew Estrada [CA],Unknown
Aaron Luk [UK],Unknown
Jiahao Ye [CN],Unknown
Manuele Tartaglia [IT],Unknown
Ben Pollock [UK],Unknown
Grant Mathey [US],Unknown
Maciej Dmoch [PL],Unknown
Elena Gómez [ES],Unknown
simone colombo [IT],Unknown
Tyéfenn Bouvron [FR],Unknown
Bo Zhao [UK],Unknown
Joseph Perez [US],Unknown
Matteo Bucci [IT],Unknown
Luis angel Ramos rodriguez [MX],Unknown
Fletcher Mace [UK],Unknown
Derek OBryan [US],Unknown
Corey Beaumont [UK],Unknown
Jacob Challis-Wagstaff [UK],Unknown
Albert Priego Bravo [ES],Unknown
Pia-Marie Wittig [DE],Unknown
Andrew Patterson [UK],Unknown
Matthew White [UK],Unknown
Nikita Kazunko [IL],Unknown
Andy Dixon [UK],Unknown
brian myers [US],Unknown
Cameron Gray [UK],Unknown
Ewann Lesage [FR],Unknown
RANTARO KATAYAMA [JP],Unknown
Bert Asher [UK],Unknown
Damian Górski [PL],Unknown
Florian Schlabes [DE],Unknown
Connor James [UK],Unknown
Charles Poulet [FR],Unknown
Ivan Gonzalez [CO],Unknown
Maxime Launay [FR],Unknown
Edward Kettle [UK],Unknown
Jasper van der Meulen [NL],Unknown
Samuel Shepherd [UK],Unknown
Sebastian Teague [UK],Unknown
Reuben Bennett [UK],Unknown
Malick KAABECHE [FR],Unknown
Jacopo Tesse Anzani [IT],Unknown
Michael Hand [UK],Unknown
Tom Pettersson [SE],Unknown
Craig Standen [UK],Unknown
guillaume stephen [FR],Unknown
>TGMA-ST13>Barnum Pedryc [UK],Unknown
Jenny Flemate [UK],Unknown
Richard Howford [UK],Unknown
Elizabeth Howell [UK],Unknown
Connor Mehew [UK],Unknown
Jia-Hao Ma [NL],Unknown
Jamie Curtis [UK],Unknown
Scott Young [UK],Unknown
Joshua Woods [UK],Unknown
Tuesday McCarthy [UK],Unknown
Christoph Kochseder [AT],Unknown
>TGMA-ST4>Jennifer Vasey [UK],Unknown
Valentino Hahn [US],Unknown
Hiroki Nakashima [UK],Unknown
Christopher Harvey [UK],Unknown
andrew amistad [CA],Unknown
Sebastian Lehmann [DE],Unknown
Timotej Klepanec [SK],Unknown
Ben Robinson [UK],Unknown
Chris Barry [US],Unknown
Zak Dawson [UK],Unknown
Sofie Van Braeckel [BE],Unknown
Anthony Barragan [US],Unknown
Richard Blows [UK],Unknown
Patrik Lesko [SK],Unknown
Chris Marley [UK],Unknown
Markus Barsuhn [DE],Unknown
Gaer Garduno [US],Unknown
Roni Rapaport [UK],Unknown
Nereis Dugaleix [FR],Unknown
Adeline Davoli [FR],Unknown
Juan De Dios Santos [US],Unknown
Pete Holland [UK],Unknown
Myles Lightfoot [UK],Unknown
Oliver Forder-wilcox [UK],Unknown
Matic Pirnat [SI],Unknown
Marc Cabble [UK],Unknown
Hélène Moreau [CA],Unknown
Juan Manuel Sancho Ujueta [CR],Unknown
Jack Chamberlain [UK],Unknown
Jessica Morton [UK],Unknown
Scott Sullivan [UK],Unknown
Alex Monks [UK],Unknown
Patrick Landis [CH],Unknown
Sergio Carranza Chamizo [ES],Unknown
Laura Abbott [UK],Unknown
Andreas Tvedt Waagø [NO],Unknown
Drew Baigent [UK],Unknown
Jakob Wagner [DK],Unknown
Jaden Trustfull [NL],Unknown
Jess Hornby [UK],Unknown
Mauro Marcante [IT],Unknown
Daniel Holloway [UK],Unknown
Jean-Jacques Calbayrac [UK],Unknown
>TGMA-ST22>Cory Walker [UK],Unknown
Ollie Russell [UK],Unknown
Matthew Green [UK],Unknown
Antonio Barrera [ES],Unknown
Michael Brown [UK],Unknown
Kate Wright [UK],Unknown
Jordan Peacock [UK],Unknown
Alessandro Cont [IT],Unknown
Jared Milligan [UK],Unknown
Gabriele Mastropasqua [IT],Unknown
Joshua Collinson [UK],Unknown
Gino Pili [NL],Unknown
Ivan Bubalo [HR],Unknown
Omer Leibovich [IL],Unknown
Juan Carlos Alvarado Hurtado [MX],Unknown
Jacob Mallender [UK],Unknown
Fabio Viveiros [UK],Unknown
Henry Windibank [UK],Unknown
Karl Gaughan [UK],Unknown
Josh Gorringe [UK],Unknown
Jack Ho [MY],Unknown
Carl Staton [UK],Unknown
Daniel Lynch-Buckley [IE],Unknown
Lukáš Novotný [CZ],Unknown
Liberty Scarborough [UK],Unknown
Tom La-Vallin [UK],Unknown
Louise Barron [UK],Unknown
Paul Frowen [UK],Unknown
Frank Van der Wielen [NL],Unknown
Simon Dewhurst [UK],Unknown
Tarnia Mears [UK],Unknown
Kirill Mokshin [UK],Unknown
Morgan Abreu [US],Unknown
Jade Dayna Warner-Clayton [UK],Unknown
Connor Atkins-Mcilwaine [UK],Unknown
>TGMA-ST38>Anqi Li [CN],Unknown
Yakira Tate [US],Unknown
Eric Rodriguez [US],Unknown
Patrick Johansen [NO],Unknown
Aaron Brown [UK],Unknown
Benjamin Goodridge [UK],Unknown
Clément Levignon [FR],Unknown
Josh Leech [UK],Unknown
Tyler Schoenfeld [US],Unknown
Julie BRUDER [FR],Unknown
Jon Bull [UK],Unknown
Niklas Schäfer [DE],Unknown
Luis Perrusquia [US],Unknown
Alix Hatton [UK],Unknown
Ruben Copley [UK],Unknown
Jamie Harold [UK],Unknown
Eric Vexenat [FR],Unknown
Killian Tessier [FR],Unknown
Michele Rossi [IT],Unknown
Jamie Tarrant [UK],Unknown
Daisy Eaton-Evans [UK],Unknown
Martin Hermann [SK],Unknown
Jeremie G. [US],Unknown
Matthew Upton [US],Unknown
Robert Gillis [UK],Unknown
Lukas Wiechert [DE],Unknown
Wayne Dolphin [UK],Unknown
>TGMA-ST24>Ben Furmedge [UK],Unknown
Alan Hayes [UK],Unknown
Anthony Smith [US],Unknown
Pau Palou Cuenca [ES],Unknown
Yaw-Wang Truong [DE],Unknown
Tarjei Torvik [NO],Unknown
Jonathan Widdicombe [UK],Unknown
Arthur Terceira [US],Unknown
Marcel Fries [UK],Unknown
Ryan Lightbody [UK],Unknown
Celso Bispo [PT],Unknown
Emilio Jose Montoro Fernandez [ES],Unknown
Samuel Jost [CH],Unknown
Craig Tristram [UK],Unknown
Thomas Duggan [UK],Unknown
Artur Bagrancev [DK],Unknown
James Tait [UK],Unknown
Ryan Carroll [UK],Unknown
Jamal Wilson [UK],Unknown
Noel Taschini [IT],Unknown
Rachel Hughes [UK],Unknown
Tom CLEENEWERCK [FR],Unknown
Vincent Perez [FR],Unknown
Chester Werrett [UK],Unknown
Artur Szczygielski [PL],Unknown
Austin Frailing [US],Unknown
Tobias Gervin [IE],Unknown
Aaron Hopton [UK],Unknown
Zakaria Erraji [IT],Unknown
Luke Jennings [UK],Unknown
Thomas Neseyif-Deakin [UK],Unknown
Daphne Tonge [UK],Unknown
Torfi Sveinn Asgeirsson [IS],Unknown
Tierry Rasmussen [BE],Unknown
Tessa Isberg [FI],Unknown
Daniel Derbyshire [UK],Unknown
Jorge Ruiz [ES],Unknown
Jan Bartow [DE],Unknown
Benjamin Dowie [UK],Unknown
Tom Tyrrell [UK],Unknown
Adam Marshall [UK],Unknown
FRANCOIS CARRERA [FR],Unknown
Marian Nicolas Daniel [CZ],Unknown
Juuso Ihalainen [FI],Unknown
Pawel Burza [PL],Unknown
George Latham [UK],Unknown
Magnus Kalland [NO],Unknown
Rico Van Klaveren [NL],Unknown
David Roodhof [NL],Unknown
Tian Gao [UK],Unknown
Kamil Gill [PL],Unknown
lida zhao [UK],Unknown
Sydney Lyons [UK],Unknown
Kamil Bukalski [PL],Unknown
Simon Fish [UK],Unknown
Alejandro Escribano [ES],Unknown
Victor Meneses [ES],Unknown
Florient Nave [FR],Unknown
Will Simpson [UK],Unknown
Jasmine Dickinson [UK],Unknown
Lewis Wilsher [UK],Unknown
Jonathan Cowley [UK],Unknown
Khanafiya Tuleshov [UK],Unknown
Andrew Said [NL],Unknown
>TGMA-ST30>Dan Samples [US],Unknown
Jonathan Hourdequin [FR],Unknown
Thalia Greenhalgh [UK],Unknown
Sebastian Ernst [DE],Unknown
Benjamin Grover [UK],Unknown
Ash Zheng [UK],Unknown
Craig Prentice [UK],Unknown
Oliver Elwick [UK],Unknown
Pedros Gebrehiwet [CH],Unknown
Nicholas Dennis [US],Unknown
Stephen Wright [UK],Unknown
Harry Jay [UK],Unknown
Steve White [UK],Unknown
Dan Shaw [UK],Unknown
Edwin Hogan [UK],Unknown
Marshall Corby [UK],Unknown
Kim-Kevin Pajonk [DE],Unknown
Francesc Viudez rosa [ES],Unknown
Noel McMahon [IE],Unknown
thomas royere [FR],Unknown
Christoffer Bak [DK],Unknown
Tom Eaton-Evans [UK],Unknown
Thomas Gaskill [UK],Unknown
Kurtis Riley [UK],Unknown
Nicholas Bradshaw [CA],Unknown
Andrew Nunez [US],Unknown
Chris Cooney [UK],Unknown
Jack Solley [UK],Unknown
Anthony Kelly [US],Unknown
George Hale [UK],Unknown
Michael Aubin [UK],Unknown
Gordon Ferguson [UK],Unknown
Tom Denyer [UK],Unknown
Ayline Alkan [NL],Unknown
Onuma Wiset [UK],Unknown
Robert Parkinson [UK],Unknown
Vinnie Schelfhaut [BE],Unknown
Alexander Wagner [DE],Unknown
David Noble [UK],Unknown
JUAN MARIN [CO],Unknown
Stéphane Benabdeslam [CH],Unknown
Robin Jatzek [DE],Unknown
Peter Hughes [UK],Unknown
Roko Pavic [HR],Unknown
Jacopo Toselli [IT],Unknown
Aleaner Pabonnie [US],Unknown
Rigoberto Panessa [IT],Unknown
Greg Calderon [UK],Unknown
>TGMA-ST9>Emily Varney [UK],Unknown
Niklas Domnik [DE],Unknown
Dimitrios Gasteratos [GR],Unknown
Alan Grnja [SK],Unknown
Logan Coles [US],Unknown
Tony Chen [UK],Unknown
Connor Dilworth [UK],Unknown
Paulo Coelho [PT],Unknown
Kevin Stephenne [FR],Unknown
Hibiki Namiki [JP],Unknown
Óscar Pérez Tobarra [ES],Unknown
Joshua Horne [UK],Unknown
Diego Fernández Casal [ES],Unknown
Pascal Centner [DE],Unknown
Rebecca Hirst [UK],Unknown
Fabio Becce [CH],Unknown
Sebastià Casas Mendonça [ES],Unknown
Scott Tysoe [UK],Unknown
Peter Saavedra [IT],Unknown
Adrien Neret [BE],Unknown
T-Jay Harfleet-Diboll [UK],Unknown
Mimi Haydon-Grime [UK],Unknown
Pedro Espinosa Ortuño [ES],Unknown
James Lee [UK],Unknown
Matthew Steelyard [UK],Unknown
Kathrine Roe [UK],Unknown
Danny Wilson [UK],Unknown
Luke Long [UK],Unknown
Henry Bray [UK],Unknown
owen black [UK],Unknown
Andrew Wood [UK],Unknown
Markus Jakob [DE],Unknown
Paul Roche [UK],Unknown
Jonathan Pfeifer [DE],Unknown
Menahem Shafir [IL],Unknown
Taylan Carr [UK],Unknown
Timothy Thimpont [BE],Unknown
Bethany Smith [UK],Unknown
>TGMA-ST23>Felix Schill [DE],Unknown
Andrew Mitchell [UK],Unknown
Penny Hopkins [UK],Unknown
Ben Williams [UK],Unknown
Jean Batchelor [UK],Unknown
Charlie Hallam [UK],Unknown
David Watson [UK],Unknown
Christopher Cummiskey [UK],Unknown
Liam Black [UK],Unknown
Michael Battaglia [CA],Unknown
Luke Perry [UK],Unknown
Oliver Newson [UK],Unknown
Niels Uten [BE],Unknown
Vanessa Balletta [IT],Unknown
Caelan Galloway [UK],Unknown
Oli Wiles [UK],Unknown
>TGMA-ST34>Matt Mitchell [UK],Unknown
Adrian Sanchez Bayona [ES],Unknown
Bridget De Ruiter [NL],Unknown
Daz Skubich [UK],Unknown
Chris Phillips [UK],Unknown
Luke Shelley [UK],Unknown
Kristoffer Duggen [DE],Unknown
Laurens van Brecht [NL],Unknown
Zach Robinson [US],Unknown
Lewis Davies [UK],Unknown
JAMES COLLINS [UK],Unknown
Booy Stik [NL],Unknown
Lukas Dellenbach [CH],Unknown
Maaz Vali [UK],Unknown
Wai Leung [UK],Unknown
Jason Alex Young [UK],Unknown
heddi Brahmi [FR],Unknown
Adrian Fjell [NO],Unknown
Diego Martinez [ES],Unknown
Marcin Nowacki [PL],Unknown
Alberto Comeche [ES],Unknown
Jordan Stoddard [CA],Unknown
Francesca Harrison [UK],Unknown
Ben Lawrence [UK],Unknown
George Rolfe [UK],Unknown
Noah Allerton [UK],Unknown
Mark Worrell [UK],Unknown
Ryan Mooney [US],Unknown
Peter Dixon [UK],Unknown
Kenny Ngo [US],Unknown
Jason Kim [US],Unknown
Rebecca Halliwell [UK],Unknown
Mikey Block [UK],Unknown
javier menta [ES],Unknown
Luke Smith [UK],Unknown
Shutuo Guo [CN],Unknown
Kieren Reynolds [UK],Unknown
Riccardo Danesino [IT],Unknown
Kai Davies [UK],Unknown
Derrick Schwarz [US],Unknown
George Slinger [UK],Unknown
LJ Wenger [US],Unknown
Mario Jimenez [ES],Unknown
Hiro Yaoka [JP],Unknown
Yu-San Chan [DE],Unknown
Nathan Price [UK],Unknown
Steven Whitton [NL],Unknown
Michael Williams [UK],Unknown
Denis Cicek [DE],Unknown
Liam Kinne-Hall [UK],Unknown
Rabah Zibouche [FR],Unknown
Christopher May [UK],Unknown
Christian Jahrbacher [AT],Unknown
Alberto Justo Bartual [ES],Unknown
Zac France [UK],Unknown
Vaughn Swae [US],Unknown
Leighton Searcy [UK],Unknown
Jamie Russell [UK],Unknown
Denis Tintchev [BG],Unknown
Sebastian Braun [DE],Unknown
Oscar Finlay [UK],Unknown
Axel Richet [UK],Unknown
Echo Stuart [UK],Unknown
Taylar Cockbill [UK],Unknown
Darren Jacques [UK],Unknown
Leon Ruge [DE],Unknown
Tom Kaiser [LU],Unknown
Lydia Cumming [UK],Unknown
Nick Brown [UK],Unknown
Felim Boulheouchat [UK],Unknown
Gavin Hoebeeck [UK],Unknown
Luke Enness [UK],Unknown
Yehoshua Tate [US],Unknown
Galen Pedryc [UK],Unknown
Joseph Sumner [US],Unknown
tom Trueman [UK],Unknown
Matej Slama [SK],Unknown
Jonathan Crespo [US],Unknown
>TGMA-ST26>Brad Liddle [UK],Unknown
Adrián Fernández Abuelo [ES],Unknown
Greg Kerien [US],Unknown
richard owens [UK],Unknown
David Eccles [UK],Unknown
Rodrigo Gálvez [ES],Unknown
Ryan Jesty [UK],Unknown
Jemma GOLDWATER [UK],Unknown
Jared Moss-Coomes [UK],Unknown
Andrea Mason [UK],Unknown
Chester Hack [UK],Unknown
Wissam Dbouk [UK],Unknown
Michael Marshall [UK],Unknown
Kenny Mansfield [UK],Unknown
Mariana Dias [IE],Unknown
Servando Pascual [NL],Unknown
Felipe Sousa [PT],Unknown
Zhen Dong [CN],Unknown
Oliver Dörfling [DE],Unknown
Sara Barbuto [IT],Unknown
Maria Dorais [SE],Unknown
David Gade [US],Unknown
Jeremy Maximilian Koch [DE],Unknown
John McLoughlin [UK],Unknown
Adam Denton [UK],Unknown
Jacob O'Hara [UK],Unknown
Ed Baker [UK],Unknown
Sara Mannucci [IT],Unknown
Jorge Martínez Mendoza [ES],Unknown
yihe xue [UK],Unknown
>TGMA-ST7>Ellie Ricketts [UK],Unknown
Omar Mahmood [UK],Unknown
Nova Enderson [UK],Unknown
Sian Roberts [UK],Unknown
Alex Nicolaou [UK],Unknown
Nadim Itani [UK],Unknown
Bryony Holmes-Dixon [UK],Unknown
Cameron Rickard [UK],Unknown
Harry Clarke [UK],Unknown
Bartolome Cortijos Perez [ES],Unknown
arnaud vanhaesebrouck [FR],Unknown
Eddy Maguire [UK],Unknown
Sean Mundy [UK],Unknown
Jake Pearson [UK],Unknown
María Silvia Coronel [AR],Unknown
Keval Rana [UK],Unknown
Daniel Parras [UK],Unknown
CJ Smith [UK],Unknown
Michael Sorbera [UK],Unknown
Oliver Kidby-Hunter [UK],Unknown
Igor Morais [PT],Unknown
Noel Totomoch [US],Unknown
Miguel Moreno López [ES],Unknown
Sheldon Kuppan [ZA],Unknown
Mattie Edwards [UK],Unknown
Kyla Seaman [UK],Unknown
Jason Muirhead [UK],Unknown
Vee Vincent [UK],Unknown
Daniel Emms [UK],Unknown
Eva Maria Nicia [NO],Unknown
Adam Spencer [UK],Unknown
Aymeric Besse [FR],Unknown
Andy Cheung [NO],Unknown
Kaeden Mehta [UK],Unknown
Domenico Corniola [NL],Unknown
Oscar Osornio [MX],Unknown
Yunxun Ma [UK],Unknown
Anton Gericke [DE],Unknown
Marta Walczyk [UK],Unknown
Tom Saxton [UK],Unknown
Jamie Elliott [UK],Unknown
Mike Wilson [UK],Unknown
Charles Gautier [FR],Unknown
Yuqi Zhang [UK],Unknown
Toby Borthwick [UK],Unknown
Laurens Monstrey [BE],Unknown
Mark Ellis [UK],Unknown
Ha Nguyen [FR],Unknown
Caleb Mall [UK],Unknown
theo merienne [FR],Unknown
Joseph Vickers [UK],Unknown
Aaran Barrett [UK],Unknown
Matthew Wright [UK],Unknown
Ryan Jacques [UK],Unknown
Tyler Annaert [CA],Unknown
Baptiste Mesot [CH],Unknown
>TGMA-ST17>Aaron Lolley [UK],Unknown
Raymond Tang [UK],Unknown
Alessandro Cirillo [UK],Unknown
Maxime Edom [FR],Unknown
Rafael Cardoso [PT],Unknown
Jake Hodgson [UK],Unknown
Stephen Lodwig [UK],Unknown
Alessandro Heaney [US],Unknown
Christian Files [UK],Unknown
Marion Andrews [UK],Unknown
Luke Barrett [UK],Unknown
Andrew Dixon [UK],Unknown
Ryan Joseph Sulit Velasquez [UK],Unknown
Amine Ketrouci [UK],Unknown
Priya H [UK],Unknown
Winnie Wong [UK],Unknown
Foulon Sophie [FR],Unknown
Andy Van Acker [BE],Unknown
Oliver Seymour [UK],Unknown
Haydn Anderson [UK],Unknown
Nathan McIntyre [UK],Unknown
Katarzyna Śpik [PL],Unknown
>TGMA-ST6>Stephii Leslie [UK],Unknown
Mateusz Śpik [PL],Unknown
>TGMA-ST35>Avery Holdom [UK],Unknown
Lee Birchall [UK],Unknown
Tal Shemesh [IL],Unknown
Pablo Vicente García [ES],Unknown
Lee Barlow [UK],Unknown
Mike Lasseel [BE],Unknown
Stuart Gibbons [UK],Unknown
Davey Poot [NL],Unknown
Chris Bowers [UK],Unknown
Massimiliano Fieni [IT],Unknown
Hei Yin Wong [UK],Unknown
Nicolás Barber [ES],Unknown
Tobias Jung [DE],Unknown
Zacherius Farrell [UK],Unknown
Rune Krogh [DK],Unknown
Josh Birchnall [UK],Unknown
Adam Hollow [UK],Unknown
Karol Blesak [SK],Unknown
>TGMA-ST3>Lew Rogers [UK],Unknown
Vic Jones [US],Unknown
Eason Shi [UK],Unknown
James Wright [UK],Unknown
Erik Backman [MT],Unknown
Mitchell Gough [UK],Unknown
Daniel Burridge [UK],Unknown
Jamie Gilman-Lewis [UK],Unknown
Leah Theakston [UK],Unknown
Kieran Rowe [UK],Unknown
Jasmin Holze [DE],Unknown
Wyatt Palguta [US],Unknown
Andrew Mahone [US],Unknown
Sam Wakerley [UK],Unknown
Joshua Marsden [US],Unknown
Harley Moore [UK],Unknown
Leigha Shakespeare [UK],Unknown
Flavie BLOUIN [FR],Unknown
Lasse Nielsen [DK],Unknown
Richard Nicholas-Pearson [UK],Unknown
Ryan Edney [UK],Unknown
Federico Gallo [AR],Unknown
Daniel Kelly [UK],Unknown
Charlotte Tollan [UK],Unknown
James Clark [UK],Unknown
Kirstin Hose [US],Unknown
Paul Edwards [UK],Unknown
Harry Hespe [UK],Unknown
>TGMA-ST32>John Hawkins [UK],Unknown
Ilona Hawkins [UK],Unknown
Stephen Chu [UK],Unknown
Daniel Rowe [UK],Unknown
Simon White [UK],Unknown
Steve Lawson [UK],Unknown
Tom Davies [UK],Unknown
Adrian Barco [UK],Unknown
Edmund Wang [UK],Unknown
Matthew Byrom [UK],Unknown
Michał Hejduk [PL],Unknown
Benjamin Kvist Tornbo [DK],Unknown
Peadar O'Connor [IE],Unknown
Matt Cutts [UK],Unknown
>TGMA-ST15>Tobi Fox [UK],Unknown
Frédéric KAPSTEIN [FR],Unknown
Deney Chu [UK],Unknown
Linus Tomlinson [UK],Unknown
Francisco Ginés Cerdán Sánchez [ES],Unknown
Marc Weigel [DE],Unknown
Noa Loisy [FR],Unknown
Rowan Marsh [UK],Unknown
Chay Cooper [UK],Unknown
Veronika Moravcová [CZ],Unknown
Álex Jávega Toledo [ES],Unknown
Alexis BOUCHERY [FR],Unknown
Callum Swain [UK],Unknown
Elliott Dixon [UK],Unknown
Leon Stakne [SI],Unknown
Emmanuel Chua [UK],Unknown
Edward Suter [UK],Unknown
Bas Juffer [NL],Unknown
Martin Lombard [FR],Unknown
Kyle Wallace [UK],Unknown
Chris van Oekel [NL],Unknown
Rayhan Rafiq-Omar [UK],Unknown
Edouard Poulet [FR],Unknown
Jack Slater [UK],Unknown
Adriano Cirne [PT],Unknown
Luke Ayla Mallia [UK],Unknown
Plank Roughley [UK],Unknown
Samuel Reynolds-Hunt [FR],Unknown
Daniel Aylward [UK],Unknown
Seamus Moran [UK],Unknown
Joshua Ng [UK],Unknown
Mateus Reis [BR],Unknown
Alejandro Conti [ES],Unknown
Finnian Houghton [UK],Unknown
Thianchai Thimmuang [NL],Unknown
Alessandro Garanzini [IT],Unknown
Grace Ferridge [UK],Unknown
Scott Spencer [US],Unknown
Paul McPherson [UK],Unknown
Diane Schemanske [US],Unknown
simon james [UK],Unknown
Hung Phan Le [DE],Unknown
jon ander ayerdi [ES],Unknown
Gabriel Bateman [UK],Unknown
Pim van Valkengoed [NL],Unknown
Arthur Milligan [UK],Unknown
Tünde Nagy [ES],Unknown
Maria Camacho [CA],Unknown
Kinwai Lee [UK],Unknown
Robert Simpson [CA],Unknown
Daniel Heddle [UK],Unknown
Zachary Fisher [UK],Unknown
Joseph Lee [UK],Unknown
Victoria Navarrete [UK],Unknown
Reece Sanderson [UK],Unknown
Koen Kort [NL],Unknown
Artur Mychalski [UK],Unknown
Nathan Mizzi [MT],Unknown
Deniz Cengiz [DE],Unknown
Serena Manassero [IE],Unknown
Anthony van der land [NL],Unknown
Andrea Leone Salsi [IT],Unknown
Diego Cebollero [ES],Unknown
Hannah Conner [UK],Unknown
Frederik Bech Nielsen [DK],Unknown
Luke Johnson [UK],Unknown
>TGMA-ST31>Jamie Turner [UK],Unknown
Kyle Burton [UK],Unknown
Etienne Ottavi [FR],Unknown
Steven Kamintgi [UK],Unknown
Toby McMaster [UK],Unknown
Joe Yeates [IE],Unknown
Jordon Hannant [UK],Unknown
Cristina Lliso Esteban [ES],Unknown
Niklas Schröder [DE],Unknown
Nils Harbich [DE],Unknown
Conor Wilkinson [UK],Unknown
Ruth Wilkins [UK],Unknown
Connor Kilty [UK],Unknown
Shane O'Neill [UK],Unknown
>TGMA-ST20>Ben Elliott [UK],Unknown
Jack Clinton [IE],Unknown
Jasper Busch [NL],Unknown
Gloria Frutos [ES],Unknown
Leyton Hindle-Cain [UK],Unknown
Emily Bilsland [UK],Unknown
Glen Payne [UK],Unknown
Alejandro Bronchal [ES],Unknown
Alec Mason [UK],Unknown
Will Jowett [UK],Unknown
Amelia Eastham [UK],Unknown
Gaz Mead [UK],Unknown
David Lay [SE],Unknown
Andrew Horton [UK],Unknown
Yinshi Shan [CN],Unknown
michael Oxborough [UK],Unknown
Callum Clark [UK],Unknown
>TGMA-ST28>Vikki Smith [UK],Unknown
Damon walker [UK],Unknown
victor Combeau Masson [FR],Unknown
Hannah Green [UK],Unknown
Jeffrey Honea [US],Unknown
Chatez Jones [DK],Unknown
Cade Morris [UK],Unknown
Nathaniel Tate [US],Unknown
Billy Clark [UK],Unknown
Romain Cognard [FR],Unknown
Jack Stevens [UK],Unknown
Nico Etzbach [DE],Unknown
Lewis Roach [UK],Unknown
Adam Shutz [UK],Unknown
>TGMA-ST27>felix child [UK],Unknown
Robert Nemeth [UK],Unknown
Sean Flavin [IE],Unknown
John Owen [US],Unknown
Nicky New [UK],Unknown
Abi Spreadbury [UK],Unknown
Alanis Ballans [UK],Unknown
Richard Gao [UK],Unknown
Ben Howe [UK],Unknown
Craig Hearn [UK],Unknown
Harry Sanderson [UK],Unknown
Robin Van Wilgen [NL],Unknown
Nicholas Catania [MT],Unknown
Nerea Nevarro Garcia [ES],Unknown
Darion Ludkins [UK],Unknown
Tommy Aken [UK],Unknown
>TGMA-ST29>Liam Downey [UK],Unknown
James Herlin [FR],Unknown
Ellis Wood [UK],Unknown
Senday Mora [ES],Unknown
Luke Rosser-Jones [UK],Unknown
Aaron Hatton [UK],Unknown
Sebastian Chinchilla Arguedas [CR],Unknown
Simon Sahadevan [UK],Unknown
James Doolin [UK],Unknown
Hari Gardiner [UK],Unknown
Laura Allitt [UK],Unknown
Rodrigo Ezequiel Díaz Lopez [ES],Unknown
Summer Doherty [UK],Unknown
Daniel Ferridge [UK],Unknown
Dario Gistri [IT],Unknown
Georgina Williams [UK],Unknown
Luca Joos [BE],Unknown
Megan Allington [SE],Unknown
Jacqueline Fredrikze [NL],Unknown
Sam Warner [UK],Unknown
Bobbie Jo Kull [US],Unknown
Jeremy Lee [UK],Unknown
Stephen Roberts-Pratt [UK],Unknown
Daniel Pearson [UK],Unknown
Adam Smith [UK],Unknown
Daniel Robertson [UK],Unknown
Katelyn May [UK],Unknown
Jarra Pennington [UK],Unknown
Gavin Irving [UK],Unknown
Paul Doherty [UK],Unknown
Mahraz Abdullah [UK],Unknown
Kieran Burling [UK],Unknown
Raymond Church [UK],Unknown
Clément Labydoire [CH],Unknown
Andrew Gutierrez [US],Unknown
Alex Ruiz Estradera [ES],Unknown
Theo McLaren [UK],Unknown
Charlie Merryweather [UK],Unknown
Chris Allan [UK],Unknown
Monika Glevická [SK],Unknown
Antonio Teruel [ES],Unknown
Jonathon Ward [UK],Unknown
Jonas Ude [DE],Unknown
Skylar Townsend [UK],Unknown
Chase Davies [UK],Unknown
Dan Middleton [UK],Unknown
Sam Grant [UK],Unknown
Daniel Mercer [UK],Unknown
Will Banks [UK],Unknown
Zishan Wang [UK],Unknown
Diego Molina Fernández [ES],Unknown
Kevin Bui [UK],Unknown
Tommaso Pegoraro [ES],Unknown
Niklas Bannach [DE],Unknown
Thomas Robinson [UK],Unknown
Barrie Martin-Brennan [UK],Unknown
Oli Rich [UK],Unknown
Dominik Klossner [CH],Unknown
Cameron MacDonald [UK],Unknown
Timur Yusuf [UK],Unknown
Duc Tien Le [DE],Unknown
enzo hallynck [FR],Unknown
Jordan Jones [UK],Unknown
Ryan Docherty [UK],Unknown
James Mercer [UK],Unknown
Guilhem Raucau [CH],Unknown
Jose Miguel Cañete Hidalgo [ES],Unknown
Dean Taylor [UK],Unknown
Lukas Simokaitis [LT],Unknown
Jonathan Dodge [UK],Unknown
Dino Duarte [LU],Unknown
Fábio Gomes [DK],Unknown
Mellie CAMUS [FR],Unknown
Harry Page [UK],Unknown
Sascha Haslauer [CH],Unknown
Miguel Ángel Ortega Durán [ES],Unknown
Giuseppe Ranno [IT],Unknown
Gilles Heyndrickx [BE],Unknown
Felix Weiher [DE],Unknown
Paul Jones [UK],Unknown
Kalem Gage [UK],Unknown
Shawn Christensen [UK],Unknown
Laura Bolger [UK],Unknown
Tanu Ellison [US],Unknown
Antonio Ramirez Lopez [ES],Unknown
Jake Wilson [UK],Unknown
Andrew Swann [UK],Unknown
Luke Burke [UK],Unknown
Chris Dubelt [UK],Unknown
James Dayalsingh [UK],Unknown
Nozomu Okamoto [HU],Unknown
daniel lomax [UK],Unknown
Conor Horne [UK],Unknown
Raul Pier [US],Unknown
Adam Boros [HU],Unknown
haizea monje valenzuela [ES],Unknown
Joe Eacott [UK],Unknown
Chris Horrex [UK],Unknown
Mees Brenninkmeijer [NL],Unknown
Riley Hulbert [US],Unknown
Ben Durrant [UK],Unknown
Mayuran Baladas [UK],Unknown
Gary Pulver [CH],Unknown
Tom Dodd [UK],Unknown
Ivan Noriega [ES],Unknown
Jeremias Gomez [ES],Unknown
Jake kempley [UK],Unknown
Jason Chein [US],Unknown
James Whipps [UK],Unknown
Nicholas Yuen [UK],Unknown
Jai Tuckett [UK],Unknown
José Enrique Bravo Gómez [ES],Unknown
Kévin BALL [LU],Unknown
Jack Stone [UK],Unknown
Michal Truban [SK],Unknown
Richard Glevicky [SK],Unknown
>TGMA-ST1>Sasha Smith [UK],Unknown
Madison-Lea Steventon [UK],Unknown
>TGMA-ST8>Katie Lolley [UK],Unknown
Garry Baldam [UK],Unknown
Mingyuan Zhou [UK],Unknown
kai lu [UK],Unknown
Jessica Acosta Cabello [ES],Unknown
Cory Tangman [US],Unknown
Gabriel Massaroth [BR],Unknown
Mikołaj Wojtczak [PL],Unknown
Henry Cann [UK],Unknown
Byron Forgan [UK],Unknown
Michał Gadomski [PL],Unknown
