Okada Ryuki [JP],Dragapult Dusknoir
Rahul Reddy [US],Lugia Archeops
Jelle van Kampen [NL],Gholdengo ex
Stéphane Ivanoff [FR],Terapagos Dusknoir
Jan Hausmann [DE],Raging Bolt Ogerpon
Stephen Law [UK],Iron Thorns ex
Glenn Bauwens [BE],Miraidon ex
James de Boer [UK],Lugia Archeops
Tord Reklev [NO],Terapagos Dusknoir
Yoann Barszezak [FR],Regidrago VSTAR
Tom-Cedric Hinz [DE],Raging Bolt Ogerpon
Giorgio Gatti [IT],Dragapult Dusknoir
Guido Mielke [DE],Raging Bolt Ogerpon
Mateusz Łaszkiewicz [PL],Banette Gardevoir
Jon Eng [US],Regidrago VSTAR
Mathias Cohen-Solal [FR],Gardevoir ex
Sergio Ravelli [IT],Terapagos Dusknoir
Nina Eisenblätter [DE],Regidrago VSTAR
Hermanni Hietalahti [FI],Terapagos Dusknoir
Phillip Linney [CZ],Charizard Pidgeot
Miłosz Dyrlica [PL],Terapagos Dusknoir
Keito Arai [JP],Dragapult Dusknoir
Jamie Hindley [UK],Gardevoir ex
Björn Reinsdorf [DE],Palkia
Rune Heiremans [BE],Regidrago VSTAR
Julius Kerkis [FI],Regidrago VSTAR
Francesco Pasquale Caterino [IT],Terapagos Dusknoir
Vinnie Schelfhaut [BE],Dragapult Pidgeot
Jack Gregory-Campbell [UK],Terapagos Dusknoir
Koen Moors [NL],Raging Bolt Ogerpon
andrea Zorat [IT],Terapagos Dusknoir
Leon Thiemann [DE],Snorlax Stall
Pearce Wilton [UK],Charizard Pidgeot
Max Theeuwen [NL],Pidgeot Control
Bryan de Vries [NL],Charizard Pidgeot
Edwyn Mesman [NL],Charizard Pidgeot
Riley Malik [US],Charizard Pidgeot
Grant Manley [US],Terapagos Dusknoir
Julius Krag [DK],Pidgeot Control
Ashwin van Gool [NL],Raging Bolt Ogerpon
Rasmus Wagner [DK],Lost Zone Box
Alex Bortolini [IT],Iron Thorns ex
Jack Oliver [UK],Charizard Pidgeot
Benjamin Cheynubrata [DE],Charizard Pidgeot
Bartosz Pawlik [PL],Snorlax Stall
Julius Brunfeldt [FI],Regidrago VSTAR
Chatez Jones [DK],Iron Thorns ex
Alberto Conti [IT],Dragapult Dusknoir
miloslav posledni [CZ],Regidrago VSTAR
Toby Clark [UK],Iron Thorns ex
Thomas Ducrot [FR],Terapagos Dusknoir
Finn Looft [DE],Regidrago VSTAR
Vincent Fatunz [DE],Charizard Pidgeot
Timo Dell [DE],Other
Philipp Leciejewski [DE],Charizard Pidgeot
Vincenzo Cannata [IT],Raging Bolt Ogerpon
Steven Mao [DE],Charizard Pidgeot
Nozomu Okamoto [HU],Charizard Pidgeot
Ali Salame [DE],Lugia Archeops
Andrea Ceolin [IT],Snorlax Stall
Gunter Van Roey [BE],Terapagos Dusknoir
Ruben van der Sluis [NL],Gholdengo ex
Tim Peters [DE],Snorlax Stall
Joah Wiegner [DE],Snorlax Stall
Juho Kallama [FI],Raging Bolt Ogerpon
Alex Dao [UK],Palkia
Hlieb Smirnov [UA],Terapagos Dusknoir
Tammo Hauft [DE],Raging Bolt Ogerpon
Janne-Niklas Römer [DE],Lost Zone Box
Florian Mansuy [FR],Terapagos Dusknoir
Oliver Elwick [UK],Terapagos Dusknoir
César Carbajo García [ES],Miraidon ex
Kevin Krueger [US],Lugia Archeops
Aarni Karjala [FI],Gardevoir ex
Bolly Olufon [UK],Miraidon ex
Merlin Bresinski [DK],Terapagos Dusknoir
Jake Gamblen [UK],Dragapult Dusknoir
Joshua Vanoverschelde [BE],Lugia Archeops
Gabriel Smart [US],Charizard Pidgeot
Max van Leeuwen [NL],Dragapult Pidgeot
Anthony Blanchard [FR],Lugia Archeops
Joshua Bausch [DE],Terapagos Dusknoir
Alessandro Bax [IT],Terapagos Dusknoir
Michael Hunter [IE],Terapagos Dusknoir
Rone Nielsen [DK],Snorlax Stall
Frank Donald Dewald [DE],Iron Thorns ex
Mick de Jong [NL],Terapagos Dusknoir
Filippo Colamorea [IT],Terapagos Dusknoir
Philip Schulz [DE],Regidrago VSTAR
Kevin Balgar [DE],Gardevoir ex
Ethan Wilde [UK],Lugia Archeops
Julian Patz [DE],Lugia Archeops
Luke Kirkham [UK],Other
Christoph Stein [DE],Raging Bolt Ogerpon
Michael Cornwall [UK],Roaring Moon ex
James Cox [NL],Regidrago VSTAR
Steffen From [DK],Raging Bolt Ogerpon
Fabrizio Cremascoli [IT],Other
Kevin Král [CZ],Pidgeot Control
Andrea Mario Schroder [IT],Lugia Archeops
Owyn Kamerman [NL],Terapagos Dusknoir
Janek Jagiełło [PL],Charizard Pidgeot
FABIEN Pujol [FR],Terapagos Dusknoir
Youry De Bruyn [BE],Gardevoir ex
Pedro Eugenio Torres [ES],Regidrago VSTAR
Oscar Rivas [ES],Snorlax Stall
Andrew Hayward [UK],Charizard Pidgeot
Magnus Pedersen [DK],Terapagos Dusknoir
Eemeli Reijonen [FI],Terapagos Dusknoir
Samuel Scime [CA],Lugia Archeops
Riccardo Coviello [IT],Terapagos Dusknoir
Andreas Møller [DK],Raging Bolt Ogerpon
Julius Hoeptner [DE],Pidgeot Control
Alessio Cefola [IT],Charizard Pidgeot
Mikołaj Łaniecki [PL],Klawf Terapagos
Tim Schauder [DE],Iron Thorns ex
Luke Doran [UK],Lugia Archeops
Bo Vinke [NL],Charizard Pidgeot
Niels Jürgensen [DE],Regidrago VSTAR
Maximilian Teubert [DE],Pidgeot Control
James Whitby [UK],Terapagos Dusknoir
Sebastian Uziuk [PL],Raging Bolt Ogerpon
Robin Schulz [DE],Regidrago VSTAR
Lewis Beck [UK],Charizard Pidgeot
Samuele Roma [IT],Raging Bolt Ogerpon
Lukas Dellenbach [CH],Iron Thorns ex
Nam Paul Nguyen [DE],Other
Tobias Thesing [DE],Terapagos Dusknoir
Jose De las Casas [PE],Dragapult Pidgeot
Marco Ceccon [IT],Raging Bolt Ogerpon
Kevin Lenhardt [DE],Raging Bolt Ogerpon
nicky paradis [BE],Roaring Moon ex
Stefano Conti [IT],Regidrago VSTAR
Stepan Suchanek [CZ],Regidrago VSTAR
ward knuts [BE],Lugia Archeops
Simon Kolbe [DE],Roaring Moon ex
Aleksander Sowa [PL],Terapagos Dusknoir
Fabrizio Tallone [IT],Regidrago VSTAR
Benjamin Martinsen [NO],Lugia Archeops
David Booij [NL],Raging Bolt Ogerpon
Leon Rehberg [DE],Raging Bolt Ogerpon
Ceylan Sakrak [BE],Dragapult Pidgeot
David Cobelens [NL],Raging Bolt Ogerpon
Kamil Colatosti [CA],Lugia Archeops
Emil Khedher [MT],Terapagos Dusknoir
Rabah Zibouche [FR],Miraidon ex
Angelo De Domenico [IT],Raging Bolt Ogerpon
Arthur Van Audenrode [BE],Snorlax Stall
Kevin Ponthieux [IT],Raging Bolt Ogerpon
callum roulson [UK],Terapagos Dusknoir
Bastian Sellmaier [DE],Charizard Pidgeot
Eyüp Vroegop [NL],Miraidon ex
Nico Sommerfeld [DE],Raging Bolt Ogerpon
Eric Hendrickson [DE],Regidrago VSTAR
Anabel Funk [DE],Regidrago VSTAR
Christian Ballocco [IT],Dragapult Dusknoir
Sil van de Water [NL],Raging Bolt Ogerpon
ULADZIMIR MAZALEUSKI [PL],Banette Gardevoir
Aimé Ducret [CH],Terapagos Dusknoir
Shaon Sen [UK],Gardevoir ex
Mahdi Eftekhari [DE],Raging Bolt Ogerpon
Jaume Torrelles [ES],Unknown
Nico Alabas [DE],Unknown
Vo NGUYEN [FR],Unknown
Yang SHI [FR],Unknown
Eric Pujol [FR],Unknown
Neddy Kosek [CZ],Unknown
David Ferreira [PT],Unknown
Alexander Otte [DE],Unknown
Rebecca van der Lee [UK],Unknown
Ondřej Škubal [CZ],Unknown
Michael Clazzer [IT],Unknown
Maurizio Corimbi [DE],Unknown
Duy Manh Le [CZ],Unknown
Gracjan Sass [PL],Unknown
Dénes Szabó [HU],Unknown
Fernando Karolys [EC],Unknown
Fabian Schäfer [DE],Unknown
JOEL NGUYEN [FR],Unknown
Stefan Schwierz [DE],Unknown
Daniel Monticelli [IT],Unknown
Christoph Kochseder [AT],Unknown
Jia-Hao Ma [NL],Unknown
Nick Harsch [BE],Unknown
Marcel Nockemann [DE],Unknown
Benjamin PHAM [NL],Unknown
Roberto Sánchez [ES],Unknown
Andrea Calciolari [IT],Unknown
Ryan Harris [US],Unknown
>TCG-ST3>Thibaut Gerard [FR],Unknown
Finn Bakewell [UK],Unknown
Nathan McIntyre [UK],Unknown
Miguel Moreno López [ES],Unknown
Isaiah Bradner [US],Unknown
Charles matthew Magnaye [IT],Unknown
Ludovic Orban [FR],Unknown
Stefano Bassis [IT],Unknown
Kian Blount [UK],Unknown
Alex Pavlenko [DE],Unknown
Sebastian Ernst [DE],Unknown
Paul Doherty [UK],Unknown
Thibault Dezutter [BE],Unknown
Jari Bonsee [NL],Unknown
Dominik Wiśniewski [PL],Unknown
Patrik Bartošovič [CZ],Unknown
niccolò genna [IT],Unknown
Alix Dufour [FR],Unknown
Simone Fiorito [IT],Unknown
Matthew Houtput [BE],Unknown
Sai Fung Lau [UK],Unknown
Moritz Sandomeer [DE],Unknown
Nikolaj Busow [DE],Unknown
Thomas De Jong [NL],Unknown
Steve Van den Broeck [BE],Unknown
Wojciech Klimecki [PL],Unknown
Darran Messom [UK],Unknown
David Walerian Rzepka [DE],Unknown
Atilla Gedik [NL],Unknown
Sascha Bohnenkamp [DE],Unknown
Kamil Bukalski [PL],Unknown
Sven Kallert [DE],Unknown
Antoine Boulay [FR],Unknown
Jason Sayle [IM],Unknown
Paul Shail [UK],Unknown
Jonathan Sharpling [UK],Unknown
Arthur Trutzschler [NL],Unknown
Mox Mckimm [UK],Unknown
Sander Wojcik [NL],Unknown
Carlo Antonio del Vescovo [IT],Unknown
Aleksander Rutowicz [PL],Unknown
Thomas Franke [DE],Unknown
Kaya Lichtleitner [DE],Unknown
Johannes Forster [DE],Unknown
Luc Gantner [CH],Unknown
Jan Wiggers [NL],Unknown
Dwight Frinsel [NL],Unknown
Quy Duc Dao [DE],Unknown
Javier Tengo Jofre [ES],Unknown
Luke Burke [UK],Unknown
Konstantin Shapkin [UK],Unknown
Teirlinck Evan [BE],Unknown
Nino Anderluh [SI],Unknown
Bartosz Lasota [PL],Unknown
Alessandro Lo Monaco [IT],Unknown
Michał Hejduk [PL],Unknown
Soeren Oez [DE],Unknown
Daniel Powell [UK],Unknown
Matteo Zappalá [IT],Unknown
Elias Graf [DE],Unknown
Emma Hagen [NO],Unknown
Lukas Lang-Lajendäcker [DE],Unknown
Adam Lásko [CZ],Unknown
Christian D'Onofrio [IT],Unknown
Julien Hammer [DE],Unknown
Kamil Świstuń [PL],Unknown
Patrik Hofbauer [DE],Unknown
Dominik Reding [DE],Unknown
Alex Northey [UK],Unknown
Matthew Rowberry [IM],Unknown
Mario Lorenzo [ES],Unknown
Amir Jaa [DE],Unknown
Isaac Abadane [IT],Unknown
German Arribas Gongora [ES],Unknown
Jesus Villamizar [ES],Unknown
Alexander Gindlhumer [AT],Unknown
Philipp Litek [DE],Unknown
Florian Giesa [DE],Unknown
Ruben Resech [DE],Unknown
Frank Schaumann [DE],Unknown
Alessandro Cremascoli [IT],Unknown
Balint Smolka [SK],Unknown
Darren Chi hung Tang [UK],Unknown
Elias Apostolopoulos [GR],Unknown
Dominik Blache [DE],Unknown
Viktor Koch [HU],Unknown
Kevin Andriamanefo [FR],Unknown
Michael Rodgers [NL],Unknown
Marco Manca [IT],Unknown
Piotr Orleański [PL],Unknown
Frederic Dörre [DE],Unknown
Jesper S.H Eriksen [DK],Unknown
clement courbois [FR],Unknown
Claudio Berardi [IT],Unknown
Connor Platt [IE],Unknown
Jonas Thier [DE],Unknown
Damian Górski [PL],Unknown
René Wilksen [DE],Unknown
Antoni Pilarczyk [PL],Unknown
Ewan West [UK],Unknown
Lukas Eßer [DE],Unknown
Leon Kesselring [CH],Unknown
Ryan Bielak [AU],Unknown
Antoine Fichefet [FR],Unknown
Ross Wild [UK],Unknown
Sen Caubergh [BE],Unknown
Ashley Richards [UK],Unknown
Tom Boom [NL],Unknown
Quentin Carlier [FR],Unknown
Haojun Guan [CN],Unknown
Alessandro Frenda [IT],Unknown
Christian Fontenot [DK],Unknown
Igor Nowotnik [UK],Unknown
Malthe Bogø [DK],Unknown
Bernard Kościk [PL],Unknown
Karel Pavlis [CZ],Unknown
Sevim Aydogdu [DE],Unknown
Michał Mioduszewski [PL],Unknown
Eliot Liversidge [UK],Unknown
Gianmarco Morlé [IT],Unknown
mattia zoboli [IT],Unknown
Fabio Lembo [IT],Unknown
Lennert De Clercq [BE],Unknown
Yasin Yasar [CH],Unknown
Maciej Chojnacki [PL],Unknown
Nicolò Biffi [IT],Unknown
Kevin Gerritzen [DE],Unknown
jon ander ayerdi [ES],Unknown
Christophe Braquis [FR],Unknown
Alexander Deegener [DE],Unknown
Mathieu Vidal [FR],Unknown
Alberto Justo Bartual [ES],Unknown
Duc Viet Truong [DE],Unknown
Luca Cuscito [IT],Unknown
David Rosse [FR],Unknown
Karol Blesak [SK],Unknown
Kim Pobega [IT],Unknown
Niklas Bannach [DE],Unknown
Robert-Jan Bos [NL],Unknown
Max Hofmans [NL],Unknown
Kai Davies [UK],Unknown
Lewis Roach [UK],Unknown
Mikołaj Plich [PL],Unknown
Andrew Emerson [UK],Unknown
Alessia Zenatti [IT],Unknown
Stefano Verhaert [BE],Unknown
Thomas Becker [AT],Unknown
Francesco Parazzini [IT],Unknown
Martin Leclercq [FR],Unknown
Vianney Leroy [FR],Unknown
Markus Barsuhn [DE],Unknown
Jérémy Crapez [FR],Unknown
Justus Schöttl [DE],Unknown
Friedrich Illbruck [DE],Unknown
Liam Burden [UK],Unknown
Szymon Ulfig [PL],Unknown
Antony Palma [IT],Unknown
Jari Honraedt [BE],Unknown
Timo Lax [DE],Unknown
Giacomo Tiraboschi [IT],Unknown
Bart Bonekamp [NL],Unknown
De Haes Damien [BE],Unknown
Simon Persson [SE],Unknown
Daniell McMahon [UK],Unknown
Peeke Schüttler [DE],Unknown
Christian Schrader [DE],Unknown
Thomas Heijdemann [NL],Unknown
Alexander Wagner [DE],Unknown
Marc Torres Jimenez [ES],Unknown
Ivan Finamore [IT],Unknown
heddi Brahmi [FR],Unknown
Andy Roggow [DE],Unknown
Kacper Nawojski [PL],Unknown
Amer Bikic [SE],Unknown
Saim Akankan [DE],Unknown
Thibault Delahaye [FR],Unknown
Kristian Hodas [SK],Unknown
Valentin Radet [FR],Unknown
Joseph Clarke [UK],Unknown
Lennert Van Overloop [BE],Unknown
Amelia Vale [UK],Unknown
Rafael Medina [PT],Unknown
Ann-Christin Nickel [DE],Unknown
Yuliia Ilina [LV],Unknown
Sebastià Casas Mendonça [ES],Unknown
Milan Jarábek [SK],Unknown
Thai D. Nguyen [DE],Unknown
Chris Mastromarino [IT],Unknown
Philip Müller [DE],Unknown
Christiaan Smit [NL],Unknown
Ciro Savarese [IT],Unknown
Andre Gomes Oliveira [DE],Unknown
Manuel Jorach [AT],Unknown
Uffe Axelsen [DK],Unknown
Oliver Kreis [DE],Unknown
Falk Sascha Per Nagies [DE],Unknown
Ky Vong Nguyen [FR],Unknown
Gerrit Mück [DE],Unknown
Enzo DUVAL [FR],Unknown
Aurelien RITZLER [FR],Unknown
Leon Wenteler [NL],Unknown
Mario Milano [BE],Unknown
Enrique Casas [ES],Unknown
Kilian Barth [DE],Unknown
Priya Bodha [NL],Unknown
Kai Wainwright [UK],Unknown
nil font [ES],Unknown
Jan Fischer [DE],Unknown
Pedro Villarreal Paúl [ES],Unknown
Alejandro Chacon [CR],Unknown
Alessandro Fusi [IT],Unknown
José Carlos Peinado Laguna [ES],Unknown
Sergen Ecin [DE],Unknown
Luke Negus [UK],Unknown
Adam Denk [CZ],Unknown
Michael Fröhlich [AT],Unknown
Giuseppe Busanca [IT],Unknown
Josh Bond [UK],Unknown
Lars Andersen [DK],Unknown
Dennis Deden [DE],Unknown
Konsta Kallama [FI],Unknown
Andreas Reiger [AT],Unknown
Jawad Chowdhury [UK],Unknown
Tomasz Krzyzelewski [UK],Unknown
Patryk Róg [PL],Unknown
Mads Jensen [DK],Unknown
Joe Bernard [UK],Unknown
Dennis vis [NL],Unknown
Andrea Franco [IT],Unknown
Yuan Zhang [UK],Unknown
Alvaro BUENO BLANCO [ES],Unknown
Davide Maniscalco [IT],Unknown
Luigi Vezzoni [IT],Unknown
Gilles Garré [BE],Unknown
Jaden Trustfull [NL],Unknown
Tyler Furnell [UK],Unknown
Jay Robertson [UK],Unknown
Marcin Nowacki [PL],Unknown
Matthias Langenfeld [DE],Unknown
Samuele Gnoli [IT],Unknown
Hugo De Torres [ES],Unknown
Brennan Kamerman [NL],Unknown
Simon Francois [FR],Unknown
Manuele Tartaglia [IT],Unknown
Krisztián Kiss [HU],Unknown
Daniel Jahodka [SK],Unknown
Antonio Barrera [ES],Unknown
Danilo Laudati [IT],Unknown
Nicolai Stiborg [DK],Unknown
Joshua Galys [DE],Unknown
Oliver Newson [UK],Unknown
Michał Machowski [PL],Unknown
Adrian Slez [SK],Unknown
Oscar Madsen [DK],Unknown
Danny van der Wel [NL],Unknown
Christopher Dilday [DE],Unknown
Manuel Penco [IT],Unknown
Christopher Egger [AT],Unknown
Davide Parenti [IT],Unknown
Francisco jose Rodríguez Hernández [ES],Unknown
Lucas Coley [FR],Unknown
Daniel Brunsch [DE],Unknown
Martin Budka [DE],Unknown
Simone Mariotti [IT],Unknown
Nicholas Ignazio Junior Atzei [IT],Unknown
Nima Aliabasi [DE],Unknown
Jasmin Kirchherr [DE],Unknown
Mike de Bruijn [NL],Unknown
Alexander Dahm [DE],Unknown
Vincent Jouare [FR],Unknown
Romain CHAT [FR],Unknown
Jarno De Vuyst [BE],Unknown
Markus Schulze [DE],Unknown
Natalia Balcer [PL],Unknown
David Marel [CZ],Unknown
Duc Dao [DE],Unknown
JEAN MEUNIER [FR],Unknown
Ravinesh Bhoep [NL],Unknown
Simone Lasaponara [IT],Unknown
Elmar Tresp [DE],Unknown
nicola bergamaschi [IT],Unknown
Andrea Miggiano [IT],Unknown
Florian Petratzek [DE],Unknown
Simone Pandolfi [IT],Unknown
Tapio Ikonen [FI],Unknown
Joyce Funcke [NL],Unknown
Lukas Jazwinski [DE],Unknown
Warre Haghedooren [BE],Unknown
Dawid Mutwicki [PL],Unknown
Nicolas Alexander Neumann [DE],Unknown
Lucas GUITTON [FR],Unknown
Krzysztof Fryca [PL],Unknown
Giovanni Valenzano [IT],Unknown
>TCG-ST8>Alexander Krauß [DE],Unknown
Daniël Rietbergen [NL],Unknown
Jaden Berberich [DE],Unknown
Jonathan Gorgos [DE],Unknown
Manuel Graef [DE],Unknown
Christian Graziano [IT],Unknown
Julian Selimi [DE],Unknown
Iacopo Mareddu [IT],Unknown
Marvin Zimmermann [DE],Unknown
Piotr Matliński [PL],Unknown
Iago Losada [ES],Unknown
Lukas Claviez [DE],Unknown
Sebastian Quick [DE],Unknown
Matthias Titz [AT],Unknown
Endry Gostivari [IT],Unknown
Ivan Lopez Navarro [ES],Unknown
Sven Noack [DE],Unknown
JOSE MANUEL ROMAN BLANCO [ES],Unknown
Lauri Harmaja [FI],Unknown
Cynthia Scholtus [BE],Unknown
Robin Essig [DE],Unknown
axl Di Cicco [NL],Unknown
Cedric Berger [DE],Unknown
Niklas Knittel [DE],Unknown
Frank Van der Wielen [NL],Unknown
Philip White [UK],Unknown
Rob Aldridge [UK],Unknown
Rok Roškar [SI],Unknown
Maximilian Just [DE],Unknown
brice DODELLER [FR],Unknown
Marco Fulgosi [IT],Unknown
Ben Weidlich [DE],Unknown
Dawid Andrzejewski [PL],Unknown
Alexandre Solé [BE],Unknown
Patrick Schneider [DE],Unknown
Sophie Foulon [FR],Unknown
Hiroki Nakashima [UK],Unknown
Rosie Spink [UK],Unknown
Rafal Gizinski [PL],Unknown
Xander Pero [US],Unknown
Thomas Oldenhof [NL],Unknown
Santiago Ruiz [ES],Unknown
dimitri colaers [BE],Unknown
Cristian Pezzano [IT],Unknown
Francesco Antonio Contreras Mendo [IT],Unknown
Paulo Mimoso [PT],Unknown
Ben Jason Gebel [DE],Unknown
Naomi Murn [AU],Unknown
Alexander Simons [DE],Unknown
Christian Jahrbacher [AT],Unknown
Tobias Gervin [IE],Unknown
Alexandre CAMELO [FR],Unknown
Lukas König [AT],Unknown
Brent degens [BE],Unknown
Marcin Ogórek [PL],Unknown
David Boos [DE],Unknown
Boy Kouwenberg [NL],Unknown
Pascal Tillenberg [DE],Unknown
Patrick Breen [UK],Unknown
David Piechaczek [DE],Unknown
Tobias Jung [DE],Unknown
Constantin Geisbüsch [DE],Unknown
Jens Haushalter [DE],Unknown
Alfredo Oros [IT],Unknown
Alex Frindt [SK],Unknown
Georgio Pan [NL],Unknown
Jan Schäfer [DE],Unknown
Katy Montgomerie [UK],Unknown
Łukasz Mazurkiewicz [PL],Unknown
Kevin Kitzig [DE],Unknown
Vicente García Távora [ES],Unknown
Tony Yates [UK],Unknown
Alexandra Knuhr [DE],Unknown
Matteo Ferrari [IE],Unknown
Jet Waterman [NL],Unknown
>TCG-ST10>Maciej Dmoch [PL],Unknown
Filippo Migliori [IT],Unknown
Luuk den Toom [NL],Unknown
Jason Resto [US],Unknown
Christian Behr [DE],Unknown
Florian Walter [DE],Unknown
Rickard Udd [SE],Unknown
Michael Batten [IE],Unknown
Christian Wilhelm [DE],Unknown
Benjamin Lüdemann [DE],Unknown
Rose Gregson [UK],Unknown
Shankithan Thevakumar [FR],Unknown
Daniel Magda [CZ],Unknown
Jakub Koenner [PL],Unknown
Cian Rushe [IE],Unknown
Andreas Döring [DE],Unknown
Christoph Ackermann [DE],Unknown
Ngai Hei Easy Chan [CH],Unknown
Fiorenzo De Francesco [IT],Unknown
Bert Wolters [NL],Unknown
Michael Vandamme [BE],Unknown
Hendrik König [DE],Unknown
Anar Guliyev [DE],Unknown
Emanuele Sirini [IT],Unknown
Austin Byard [UK],Unknown
Ibrahim Ayar [DE],Unknown
Scott Pahnke [UK],Unknown
Romain Lavaut [FR],Unknown
Steven Mills [UK],Unknown
Jacob O'Hara [UK],Unknown
Juri Pavlik [DE],Unknown
Pia Schmidt [DE],Unknown
Sebastian Lehmann [DE],Unknown
David Kramer [IL],Unknown
Stephan Nørregård [DK],Unknown
Ákos Filiczki [HU],Unknown
Jannes Bellmann [DE],Unknown
Tiep Nguyen [DE],Unknown
Cem Kara [DE],Unknown
Josephine Schlauß [DE],Unknown
Wilken Jensen [DE],Unknown
Paul Stringer [UK],Unknown
Eva Scharntke [DE],Unknown
Maximilian Lehnen [DE],Unknown
Bizel Cyril [FR],Unknown
FRANCOIS CARRERA [FR],Unknown
Philipp Bechtel [DE],Unknown
Davide Onesti [DE],Unknown
Pepijn Langeraert [BE],Unknown
Alexander M. Turek [DE],Unknown
robbert olthof [NL],Unknown
Louis Leterme [FR],Unknown
Sean Cunningham [UK],Unknown
Mauro Wandoloh [BE],Unknown
Niels Van der planken [BE],Unknown
Matteo Pasqual [IT],Unknown
Tom CLEENEWERCK [FR],Unknown
Dennis Liepelt [DE],Unknown
Caroline Ferino [FR],Unknown
michael Oxborough [UK],Unknown
Krzysztof Figas [PL],Unknown
Bahadir Oncel [NL],Unknown
Bruno Orefice [IT],Unknown
Cedric Bürkel [DE],Unknown
Maic Eggeling [DE],Unknown
Marcel Listewnik [DE],Unknown
stef jonge [NL],Unknown
Benjamin Goodridge [UK],Unknown
Damian Dreßler [DE],Unknown
Daniel Ehrmann [DE],Unknown
Margherita Caponeri [IT],Unknown
Jessica Aguado [DE],Unknown
Sean van Dijk [NL],Unknown
Alexander Käppler [DE],Unknown
Patryk Gabryś [PL],Unknown
Alan Cattaneo [FR],Unknown
Jerico Fiestas Flores [PE],Unknown
Lennart Beaupoil [DE],Unknown
Beat Christen [CH],Unknown
Jory Koot [NL],Unknown
Mateusz Chacus [PL],Unknown
Thomas Van Engeland [BE],Unknown
Roland Sekerija [AT],Unknown
Francesco Febbo [BG],Unknown
Yves de Bernardy [DE],Unknown
Koen Smid [NL],Unknown
Tobias Schütz [DE],Unknown
Artur Lorbiecki [PL],Unknown
Christopher Lemm [DE],Unknown
Markus Jakob [DE],Unknown
Elia Enzo [IT],Unknown
Aleks Rogič [SI],Unknown
George Poutous [GR],Unknown
Bosco Mariño [ES],Unknown
Efkan Demirörs [DE],Unknown
Dennie de Wilde [NL],Unknown
Alexander Sylvester [DE],Unknown
Niklas Majewski [NO],Unknown
Hugo Blanco de las Heras [AT],Unknown
Hendrik Christiaan Hasenaar [NL],Unknown
Dominik Fink [DE],Unknown
Anthony Rebelo [FR],Unknown
Aaron Henman [UK],Unknown
Justin Kempley [UK],Unknown
Kian Trabula [DE],Unknown
Mees Brenninkmeijer [NL],Unknown
Christoph Ruf [DE],Unknown
Robert Lau [DK],Unknown
Clément Colombel [FR],Unknown
Marco Maccari [IT],Unknown
Esa Juntunen [FI],Unknown
Thomas Schön [DE],Unknown
Tim Nowak [DE],Unknown
Rubèn Schonewille [NL],Unknown
Franz Pache [DE],Unknown
Marco Toniolo [IT],Unknown
Kenny Nickolay [DE],Unknown
Franklin Snellink [NL],Unknown
Raul Cannizzo [IT],Unknown
Rhys Spinks [UK],Unknown
Laurent Chhou [FR],Unknown
Timothy Nicholson [IT],Unknown
Nicolas GIRARDIN [FR],Unknown
Alexander Lundberg [SE],Unknown
Connor Bird [UK],Unknown
Lennart Timmers [NL],Unknown
Elvis Caccin [IT],Unknown
Matthieu DELOBELLE [FR],Unknown
Charlie Belfield [UK],Unknown
Gioele Reitano [DE],Unknown
Juuso Toivanen [FI],Unknown
Torge Weinert [DE],Unknown
Nikoline Pedersen [DK],Unknown
Tobias Freitag [DE],Unknown
Gary Newcombe [UK],Unknown
Franck Mêlé [FR],Unknown
Ali Dogan Aslan [DE],Unknown
Rene Ess [DE],Unknown
Eugenio Favini [IT],Unknown
Brando Longino [IT],Unknown
Jonathan De Bock [BE],Unknown
Etienne Hellbrück [DE],Unknown
Elizabeth Willet [DK],Unknown
Matteo Abbiati [IT],Unknown
Teddy Vataire [FR],Unknown
Maxime Launay [FR],Unknown
Öjvind Svinhufvud [FI],Unknown
Robbert-Jan van Iwaarden [NL],Unknown
Dariusz Włodarski [PL],Unknown
Danny Dowling [UK],Unknown
Zachary Bokhari [US],Unknown
Tony Richter [DE],Unknown
Filippo Bisecco [IT],Unknown
Anca Cosma [UK],Unknown
Kévin Roussel [FR],Unknown
Volker Rösner [DE],Unknown
Ifet Dedic [DE],Unknown
Lara Bartnick [DE],Unknown
Alberto Benvenga [IT],Unknown
Sebastien Peray [FR],Unknown
Simone Canziani [IT],Unknown
Vicente Javier Ibanez Porras [ES],Unknown
Jan Bartow [DE],Unknown
Karol Muniak [PL],Unknown
Stefano Da Silva Fontinha Coelho [IT],Unknown
Johannes Rieck [DE],Unknown
Arne Van Braeckel [BE],Unknown
Davide Nicolini [IT],Unknown
Dániel Samu [HU],Unknown
Marcin Wilczek [PL],Unknown
Tobias Piontek [DE],Unknown
Niels Klatt [DE],Unknown
Moritz Kretschmer [DE],Unknown
Adam Booth [UK],Unknown
Philipp Purschke [DE],Unknown
Dirk Teske [DE],Unknown
Pedro Carrasco [PT],Unknown
Massimiliano Vitiello [UK],Unknown
Jahanbaba Mahilrasah [DE],Unknown
Alex Scopini [IT],Unknown
Paul McPherson [UK],Unknown
Juan Manuel Camacho Sánchez [ES],Unknown
Yanick Sommer [CH],Unknown
Renaud LEVAIN [FR],Unknown
Ky N'guyen [FR],Unknown
Ithiel Arki [FR],Unknown
Dario Tosolini [IT],Unknown
Lutz Voss [DE],Unknown
Anthony Gemmink [NL],Unknown
Luke Parkes [UK],Unknown
Owen Waghorn [UK],Unknown
Andrey Chaus [DE],Unknown
Bernardo Godinho [UK],Unknown
Luke Ayla Mallia [UK],Unknown
Joe Moran [UK],Unknown
Alexandre Demarque [FR],Unknown
>TCG-ST4>James Hathaway [UK],Unknown
jimmy Ketelaar [NL],Unknown
Michael Rippers [DE],Unknown
Kobi Waiss [IL],Unknown
Raffaele Chiocca [IT],Unknown
Daniel Palland [NL],Unknown
Raul Venturi [IT],Unknown
Sebastian Velasquez Salas [DE],Unknown
Baha Burak Ayaz [TR],Unknown
Tobias Barklage [DE],Unknown
Cyrille Leroy [FR],Unknown
Michelangelo Meulli [IT],Unknown
Jonas Ude [DE],Unknown
Dustin Brock [DE],Unknown
Philipp Woywod [DE],Unknown
Sean Calhoun [US],Unknown
Jules Courau [FR],Unknown
Ulas Gögdagöz [DE],Unknown
Luzian Kolb [DE],Unknown
harvey scheinman [UK],Unknown
Amir Oppenheim-Nevo [IL],Unknown
Elias Stratmann [DE],Unknown
Stephen Chan [UK],Unknown
Joe Bates [UK],Unknown
Mathias Bøcker Jakobsen [DK],Unknown
Laura Takeda [UK],Unknown
Marcel Edlinger [DE],Unknown
Marcel Waldmann [DE],Unknown
Eduardo Martinez [ES],Unknown
Marco Walz [DE],Unknown
Bernd Weber [DE],Unknown
Giuseppe Ametrano [IT],Unknown
Lucas Cruz [BR],Unknown
Quentin MATERNAT [FR],Unknown
Dario Scarnò [IT],Unknown
Berry Agricola [NL],Unknown
Kaleb Luetzen [DE],Unknown
Gabor Van Meenen [DE],Unknown
Maria Broullon [ES],Unknown
Luca Jahns [DE],Unknown
Adrian Sedlmayer [DE],Unknown
Philipp Hansen [DE],Unknown
Andrea Haltuff Tangen [NO],Unknown
Hesther Ansems [NL],Unknown
David Martinez [DK],Unknown
Angel Miguel Sifuentes Oliveira [ES],Unknown
Hugo Haas [DE],Unknown
Luca Garattini [IT],Unknown
Kristján Þór [IS],Unknown
Stanislav Barej [SK],Unknown
Antoine Betti [FR],Unknown
Michael Reil [DE],Unknown
Francesco Paolo Marino [FR],Unknown
Steven Whitton [NL],Unknown
Mondhor Chihi [FR],Unknown
Tim Mielke [DE],Unknown
Thomas Standaert [BE],Unknown
Fabian Klück [DE],Unknown
Roman Ostapenko [DE],Unknown
Lucian Hargreaves [UK],Unknown
Bertrand Feron [BE],Unknown
Vanessa Weber [DE],Unknown
Nguyen Dan Daniel Tran [DE],Unknown
>TCG-ST14>Philip Hesse [DE],Unknown
Timo Rehberg [DE],Unknown
Sam Van Tongerloo [BE],Unknown
Karel Maertens [BE],Unknown
Clément Hager [FR],Unknown
Justin Mulisch [DE],Unknown
Ben Michielsen [BE],Unknown
Callum Griffiths [UK],Unknown
Aurélien Colback [BE],Unknown
Jan Siddiqi [DE],Unknown
Alexander Schlemmer [DE],Unknown
Jose Jorge Sayegh Lens [ES],Unknown
Sasha Mueller [DE],Unknown
Tim Theisen [DE],Unknown
Anh Pham Ho Tuan [DE],Unknown
John Bioux [FR],Unknown
Chantal Wiesbrock [DE],Unknown
Jakub Sokólski [PL],Unknown
Jonas Moelle [DE],Unknown
Lennard Glinka [DE],Unknown
Colin Müller-Kersting [DE],Unknown
Leon Stakne [SI],Unknown
Maximilian Schmitz [DE],Unknown
David Basterrechea Mateos [ES],Unknown
Erik Støwer [NO],Unknown
Marcus Munkholm [DK],Unknown
Anjo Züfle [DE],Unknown
Sebastian Rink [DE],Unknown
Julius Rosengren [SE],Unknown
Andreas Metz [DE],Unknown
Duncan van de ven [NL],Unknown
Rudy Caparros [BE],Unknown
Lucas Boix [FR],Unknown
Shane Addy [UK],Unknown
Mateusz Kumosinski [PL],Unknown
Melf Jäkel [DE],Unknown
Emilio Jose Montoro Fernandez [ES],Unknown
Marco Ludwig Kölbl [DE],Unknown
Seán Breen [IE],Unknown
Radosław Musiał [PL],Unknown
Raúl Méndez Horcas [ES],Unknown
Dean Chibani [DE],Unknown
Geert Van Hoogstraten [NL],Unknown
Kostas Tektonidis [GR],Unknown
Michael From [DK],Unknown
Daniel Kelly [UK],Unknown
Yenal Yardim [DE],Unknown
Tad Hansen [UK],Unknown
Julian Bouaalam [DE],Unknown
Thierry Manjard [FR],Unknown
Adam Polak [SK],Unknown
jan Bryx [DE],Unknown
Timo Florian [DE],Unknown
Adrián Gómez Muñoz [ES],Unknown
Kristijan Pecirep [DE],Unknown
Ľubomír Šabík [SK],Unknown
Isabel Jahr [DE],Unknown
Marlon Ying [DE],Unknown
Hugo Flokstra [NL],Unknown
Thomas Duggan [UK],Unknown
Janus Wagner [DE],Unknown
Nofoume Ben Ahmed Aly [FR],Unknown
Rafal Blumkowski [PL],Unknown
Antonio Galotta [DE],Unknown
Julien GIORIA [FR],Unknown
Alex Conti [IT],Unknown
Albert Kalenczuk [DE],Unknown
Marcel Klein [DE],Unknown
Carlos Alonso [DE],Unknown
Jeroen Nijs [BE],Unknown
Kay Schaarschmidt [DE],Unknown
Philipp Chambers [DE],Unknown
Ole Bunjes [DE],Unknown
Daniel Díaz [ES],Unknown
Filiz Yavuz [DE],Unknown
Arvid Holl [DE],Unknown
Sven Porombka [DE],Unknown
Dominik Malicki [PL],Unknown
Murat Kuyanc [DE],Unknown
Alessio Carmignani [IT],Unknown
Dalibor Vukelic [DE],Unknown
Zak Dawson [UK],Unknown
Owen Gilbert [UK],Unknown
Petr Sába [CZ],Unknown
Marius Blumenthal [DE],Unknown
gianluca visconti [IT],Unknown
Kevin Freyer [DE],Unknown
Gerald Avila [US],Unknown
James-Andrew Sannad [DE],Unknown
Philipp Knapp [DE],Unknown
Philipp Zimmer [DE],Unknown
Adria Duran Portell [ES],Unknown
Hugues moine [FR],Unknown
Gavin Marshall [UK],Unknown
Mattia Carpineti [IT],Unknown
mahory vigneri [BE],Unknown
Can Durmusoglu [DE],Unknown
Thomas GERAUNON [FR],Unknown
Dominique Soudant [BE],Unknown
Mark Währa [AT],Unknown
Kirill Mokshin [UK],Unknown
Yoeri van Avermaete [NL],Unknown
Lenn Müggenburg [DE],Unknown
Stephanie Bernatz [DE],Unknown
Thom van de Vin [NL],Unknown
Joël Jost [CH],Unknown
Tim Krauß [DE],Unknown
Gil Herman [BE],Unknown
Nico Peinemann [DE],Unknown
Romain Bitton [FR],Unknown
Nico Freudenberg [DE],Unknown
William Forro [BE],Unknown
Marcel Coucouvis [DE],Unknown
Jan Ringel [DE],Unknown
Szymon Lysiak [BE],Unknown
Daniel Jones [UK],Unknown
reda zekkari [FR],Unknown
Julien Francart [BE],Unknown
Daphne Tonge [UK],Unknown
Finn Schleusner [DE],Unknown
Nicolas Darge [DE],Unknown
stefanos spyropoulos [GR],Unknown
Henning Sonntag [DE],Unknown
Khuong Duy Pham [DE],Unknown
Fábio Gomes [DK],Unknown
Alex Ghisleri [IT],Unknown
Matej Slama [SK],Unknown
Marcel Kury [DE],Unknown
Daniel Wieskant [DE],Unknown
Gino Pili [NL],Unknown
Jan Becker [DE],Unknown
Paweł Rekus [PL],Unknown
Max Schlehaider [DE],Unknown
brent hermans [BE],Unknown
Christian Lesaar [DE],Unknown
Perrine Boissieres [FR],Unknown
Dan Wigley [UK],Unknown
Adiris Milascevic [DE],Unknown
Riccardo Della Luna [IT],Unknown
Simon Fritz [AT],Unknown
Nico Bavay [DE],Unknown
Marc Grapengeter [DE],Unknown
Ji Hyman [LU],Unknown
Daniele del Rosso [IT],Unknown
Lorenzo Bencardino [IT],Unknown
Isto Okonhovi [FI],Unknown
Lukáš Novotný [CZ],Unknown
Soo-Bin Audouy [FR],Unknown
Thomas AIMO [FR],Unknown
Olivier Autelet [BE],Unknown
Alexander Rudjaka [DE],Unknown
Vincent Ott [DE],Unknown
Thomas Asare [NL],Unknown
Andrea Zamboni [IT],Unknown
Demetris Eaton [UK],Unknown
Jan Vincent Aalbers [DE],Unknown
Tom Stoffregen [DE],Unknown
Douglas Magin [BE],Unknown
Agustin Coraggio [IT],Unknown
Cor Steging [NL],Unknown
Michael Ledeboer [NL],Unknown
Michael Lilligreen [DE],Unknown
Lars Aquilino [LU],Unknown
Hermann Everink [DE],Unknown
Quentin Fens [NL],Unknown
Ciro Malafronte [IT],Unknown
Tim Hinz [DE],Unknown
Thomas Wojtysiak [FR],Unknown
fabian peick [DE],Unknown
Frank Hartman [NL],Unknown
Nils Harbich [DE],Unknown
Malaurie Goudard [FR],Unknown
Franz Holfeld [DE],Unknown
Ivan Al Faisal [NL],Unknown
Lukáš Kotek [CZ],Unknown
Tristan Russ [DE],Unknown
Marvin Häßler [DE],Unknown
Adrien Lobo [FR],Unknown
Bernd Draheim [DE],Unknown
Matthew Gilbert [UK],Unknown
Bas Juffer [NL],Unknown
Eric Vexenat [FR],Unknown
Kamil Chojnacki [PL],Unknown
Rastislav Slavkovský [CZ],Unknown
Sajjad Mannan [IT],Unknown
Marijn van Duivenboden [NL],Unknown
Ricardo Lopes [PT],Unknown
Florian Lehnen [DE],Unknown
Danny Schäfer [DE],Unknown
>TCG-ST15>Jari Senne [NL],Unknown
Lukas Boden [DE],Unknown
Anton Kuvshinnikov [SK],Unknown
Romain De Jonckheere [FR],Unknown
Florian Weidlich [DE],Unknown
Thomas Burger [DE],Unknown
Sander Klardie [NL],Unknown
Lukas Uhde [DE],Unknown
Thomas Karg [DE],Unknown
>TCG-ST13>Matt Mitchell [UK],Unknown
Bartosz Wdowiak [PL],Unknown
Michael Peuyn [DE],Unknown
Toon Souvereyns [BE],Unknown
Valentin Jordi Guitart Palonsky [ES],Unknown
Dirk Scholle [DE],Unknown
Dennis Rossa [DE],Unknown
Michael Dellenbach [CH],Unknown
Lukáš Langer [SK],Unknown
Kevin Nybratt Sandin [SE],Unknown
Sylvain Dewerchin [BE],Unknown
Youri van der Lans [NL],Unknown
Johannes Hagen [DE],Unknown
Martyna Gralak [PL],Unknown
Drägo Van Meenen [BE],Unknown
Ingvar Hjartarson [DK],Unknown
Michał Fryta [PL],Unknown
Noah Schade [DE],Unknown
Janneke van Gortel [NL],Unknown
James Tait [UK],Unknown
Freya Pearce [DK],Unknown
Pavol Šinkovic [SK],Unknown
Aaron Pannell-Cottier [IM],Unknown
Mattia Guglielmetti [IT],Unknown
Louis Andresen [DE],Unknown
Thomas GULINO [FR],Unknown
Joel Nadler [DE],Unknown
Jose Manuel Gonzalez Almagro [ES],Unknown
Ondřej Rýdl [CZ],Unknown
Nico Johnen [DE],Unknown
Pardo Andrea [IT],Unknown
Nora Schürmann [DE],Unknown
Robin Mölle [DE],Unknown
Louis HERR [FR],Unknown
Lukasz Gziut [IM],Unknown
Chiara Nicolussi [DE],Unknown
Jerko De Plancke [BE],Unknown
Pascal Bunjes [DE],Unknown
Myles Grayson [UK],Unknown
Alejandro José Roig Fernandez [ES],Unknown
Ivan Hornett [US],Unknown
Kelly Schreuder [NL],Unknown
Nadine Kuhn [DE],Unknown
Bebawy Antonyus [IT],Unknown
Ali Marcel Yildiz [DE],Unknown
Spiros Arkoudis [GR],Unknown
Luca Marchi [IT],Unknown
Lars Claessens [BE],Unknown
Stephanie MOULIN [BE],Unknown
Barbaros Büyükcakir [DE],Unknown
Alex Divivi [DE],Unknown
Oliver Bisztyga [AT],Unknown
Quentin Lima [FR],Unknown
Jouke Blum [NL],Unknown
Fabian Krabbe [DE],Unknown
Marlon Dreyer [DE],Unknown
Igor Michale [DE],Unknown
Giulia Casha [UK],Unknown
Christoph Okun [DE],Unknown
Shane-Connor Reimers [DE],Unknown
Matic Pirnat [SI],Unknown
Jan-Norbert Büttner [DE],Unknown
Stefan Bückert [DE],Unknown
Margaux Adam [FR],Unknown
Josef Schumann [DE],Unknown
Pascal Middel [NL],Unknown
Sascha Gabriel [DE],Unknown
theo merienne [FR],Unknown
Ruben Gomez de la Peña [ES],Unknown
Geronimo Thönies [DE],Unknown
Angelo Messina [IT],Unknown
Ben Durrant [UK],Unknown
Nick Cuypers [BE],Unknown
Tobias Jakhöfer [DE],Unknown
Umut G [NL],Unknown
Jenny Mainwaring [UK],Unknown
Alexandros Charaklias [DE],Unknown
Mehmet Altintas [DE],Unknown
Paul Strömer [DE],Unknown
Manuel Frenda [IT],Unknown
Karl Blake [UK],Unknown
Tim Haffmanns [DE],Unknown
Maicol Alfier [IT],Unknown
Jan-Eric Schneider [DE],Unknown
Romy Dokter [NL],Unknown
Victor De Torres Palacios [ES],Unknown
Arnaud STOLL [FR],Unknown
Sven Gustafson [DE],Unknown
Mauricio Bakker [NL],Unknown
Fabian Mayer [DE],Unknown
Maximilian Lorenz [DE],Unknown
Malik Hisyam Zaihan [IE],Unknown
Danilo Göbölös [DE],Unknown
Ole Spahlinger [DE],Unknown
Vincent Hasevoets [BE],Unknown
sofiane isbai Lo fermo [FR],Unknown
Fabian Kern [DE],Unknown
Anas Glesa [DE],Unknown
Mona Gorny [DE],Unknown
David Hennaut [BE],Unknown
Tracey-Charleen Fietz [DE],Unknown
Bilal Boui [DE],Unknown
Lucie Simickova [CZ],Unknown
Jana Karim [CZ],Unknown
Anthony Tutu [DE],Unknown
Demare Victor [FR],Unknown
Paulo Weissheimer [DE],Unknown
Henrik Quade [DE],Unknown
Jacob Kendrick [UK],Unknown
Irsjaad Nasroe [NL],Unknown
Liliana Imrichová [SK],Unknown
Maxime Blanc [FR],Unknown
Jan-Patrick Strohmeier [DE],Unknown
Gauthier Vesseron [FR],Unknown
Yuchen Qiu [DE],Unknown
Krystian Klesinski [DE],Unknown
Darren Jacques [UK],Unknown
Timo Flader [DE],Unknown
Rick Müller [DE],Unknown
Emeline Callenaere [BE],Unknown
Emanuel Renato Stan [GR],Unknown
Cameron McDonald [UK],Unknown
Davide Napoli [DE],Unknown
Rafał Duda [PL],Unknown
Maximilian Nußbickel [DE],Unknown
Dennis Von Sturm [DE],Unknown
Assam Younis [DE],Unknown
Alexis Dordevic [DE],Unknown
Finn Siebert [DE],Unknown
Marguerite AZAI [FR],Unknown
Albéric Lutz [FR],Unknown
Patrick Böllhoff [DE],Unknown
Sören Heuer [DE],Unknown
Bartosz Strzelecki [PL],Unknown
Andreas Deese [DE],Unknown
Maximilian Graefe [DE],Unknown
Calogero Tabbi' [IT],Unknown
Ricki Madsen [DK],Unknown
Brandon Balfour [UK],Unknown
Erik Glaser [DE],Unknown
Maximilian Schrap [DE],Unknown
Nico Martin [DE],Unknown
Bastian Licht [DE],Unknown
Ben Burghardt [DE],Unknown
Tony Kämpe [FI],Unknown
Thomas Farrow [UK],Unknown
Melanie van der Elsen [NL],Unknown
Tobias Riester [DE],Unknown
Ulisses Marques [PT],Unknown
Cem Özdemir [DE],Unknown
Fabien Devos [FR],Unknown
Gary ENTEN [FR],Unknown
Olivia Morgan [DE],Unknown
Benjamin Stickan [DE],Unknown
Nicolas Baumann [DE],Unknown
David Langhorst [DE],Unknown
Luca Kempenaers [BE],Unknown
Michaël Garmyn [BE],Unknown
alpay engin [DE],Unknown
Luuk van Malsen [NL],Unknown
Maurice Dupont [DE],Unknown
Mike List [LU],Unknown
Simon Droog [NL],Unknown
Feliciano Adriano [DE],Unknown
Piotr Kierzkowski [PL],Unknown
Carlo Bellello [IT],Unknown
Zane Wilson [DE],Unknown
Jan Michel [DE],Unknown
Rafael de la Rosa Ortega [ES],Unknown
Victor Zhang [DE],Unknown
Ludwig Manchon [DE],Unknown
René Fielenbach [DE],Unknown
Maximilian Brinkhoff [DE],Unknown
Matteo Boccali [IT],Unknown
Levin Kremer [DE],Unknown
Joe Ray Gregory [DE],Unknown
Sam Bahrami Pirooz [LU],Unknown
Niklaus Christen [CH],Unknown
Wenyu (Kora) Liao [CN],Unknown
Johan van Bommel [NL],Unknown
Vincent Schippefilt [BE],Unknown
Gwenhwyfar Heißner [DE],Unknown
Pascal Schmitz [DE],Unknown
Ji Jason [LU],Unknown
Tomas Hobbs [UK],Unknown
Antonio Garcia [ES],Unknown
Kathleen Gennin [FR],Unknown
Luke Rosser-Jones [UK],Unknown
Till Spies [DE],Unknown
Trevor hooper [UK],Unknown
"Anh Dung ""dungi"" Pham [DE]",Unknown
Xavier Meyniel [FR],Unknown
Ann Kathrin Prüm [DE],Unknown
Benjamin Kvist Tornbo [DK],Unknown
Maik Hansen [DE],Unknown
Gijs van Schie [NL],Unknown
René Torwesten [DE],Unknown
Florian Devos [BE],Unknown
Maruan Al Delemi [DE],Unknown
Diem My Tran [DE],Unknown
Matteo Manfré [IT],Unknown
Simone Soldo [IT],Unknown
stevie rose [BE],Unknown
Ye Wang Chen [IT],Unknown
Mirco La Ferrara [IT],Unknown
Ioannis Schmidt [DE],Unknown
Loïc Gonzague [FR],Unknown
Tim Van de water [NL],Unknown
Fco. Javier Collado Moreno [ES],Unknown
Alfredo Devars Ventura [DE],Unknown
Servando Pascual [NL],Unknown
Andreas von Broock [DE],Unknown
Przemysław Zieleń [PL],Unknown
Lenny Rolfe [UK],Unknown
Yu-San Chan [DE],Unknown
jean-marc schosse [BE],Unknown
Il Ja Mießner [DE],Unknown
Anna Samol [DE],Unknown
Pol Ortega Serna [ES],Unknown
Jérémie VUILLARD [FR],Unknown
Dennis Baumann [DE],Unknown
Gaëtan Gicquel [FR],Unknown
Kieren Plowright [UK],Unknown
James Baker [DE],Unknown
DAVID FEUTRY [FR],Unknown
Sofie Van Braeckel [BE],Unknown
Marco Spinato [IT],Unknown
Marcel Mordhorst [DE],Unknown
Anton Gericke [DE],Unknown
Rick Verwaal [NL],Unknown
Chun Fung Lee [DE],Unknown
Jan Klasen [DE],Unknown
Francesco Bonotti [IT],Unknown
Simon Poggi [FR],Unknown
Marino Rodriguez [US],Unknown
Andreas Klein [NL],Unknown
Ronja Seewig [DE],Unknown
Jimmy Hoang [DK],Unknown
Chriso Amanatidis [DE],Unknown
Tim Eekman [NL],Unknown
Jianjun Liu [CN],Unknown
Connor Shaw [UK],Unknown
Elia Perrone [IT],Unknown
Thibiriçá Andrade [PT],Unknown
Charles Gautier [FR],Unknown
>TCG-ST6>Eleni Tsotidou [DE],Unknown
Guillermo Cadenas Artacho [ES],Unknown
Kévin NEPHTYS Semlali [FR],Unknown
Tony Hübel [DE],Unknown
Gabriel Manchelin [FR],Unknown
Steffen Hoffmann [DE],Unknown
frankie vines [UK],Unknown
Marvin Jansen [DE],Unknown
Mirko Bindi [IT],Unknown
Léo Gros [FR],Unknown
Konstantin Richter [DE],Unknown
Roman Patzer-Meyer [DE],Unknown
Tom Volkmann [DE],Unknown
Enrico Schuster [DE],Unknown
Maik Wehmann [DE],Unknown
Sam Joel Fuest [DE],Unknown
Michal Jelínek [CZ],Unknown
Jakub Hurynowicz [PL],Unknown
Ha Nguyen [FR],Unknown
Alessandro Jaselli [IT],Unknown
>TCG-ST12>Stefan Postma [NL],Unknown
Gavin Irving [UK],Unknown
Arjen Gaede [DE],Unknown
Oliver Schmitz [DE],Unknown
Luigi Petrozzi [IT],Unknown
Fynn Biermann [DE],Unknown
Dennis Lensing [NL],Unknown
Dor Eshel [IL],Unknown
Marian Nicolas Daniel [CZ],Unknown
Aysenur Yikilmazsoy [DE],Unknown
Piotr Puławski [PL],Unknown
Bethanie Burgin [UK],Unknown
Damien Prodan [FR],Unknown
Bruno Arcelli [IT],Unknown
Julian Mockenhaupt [DE],Unknown
Dennis Oldenburg [DE],Unknown
Jakob Wagner [DK],Unknown
aljaž seliškar [SI],Unknown
Steffen Düsing [DE],Unknown
Yanik Berghofer [DE],Unknown
Haukur Hildimar Davidsson [IS],Unknown
Philipp Jonas [DE],Unknown
Patrick Hasselbach [DE],Unknown
carl hepple [UK],Unknown
Joram Eijkelhof [NL],Unknown
Alexander Nazemi [UK],Unknown
Arthur Görzen [DE],Unknown
Niklas Rappel [DE],Unknown
Ole Stognief [DE],Unknown
Carl Staton [UK],Unknown
Steve Slabke [DE],Unknown
Niklas Nadolny [DE],Unknown
Niccolo De Giorgi [ES],Unknown
Aaron del Pino Omar Hernandez [ES],Unknown
Michael Popp [DE],Unknown
Fabio Spanò [IT],Unknown
Michael Dürr [DE],Unknown
Patrick Hanussek [DE],Unknown
Jonathan Hourdequin [FR],Unknown
Vincenzo De Roberto [IT],Unknown
Konstantinos Klappas [GR],Unknown
Karina Hinze [DE],Unknown
Michał Wencelis [PL],Unknown
Leon Adolphs [DE],Unknown
Kai Schiesser [CH],Unknown
Moritz Würner [DE],Unknown
Dustin Bachmann [DE],Unknown
Mario Binkowski [DE],Unknown
Philipp Gryschock [DE],Unknown
José Samaniego [ES],Unknown
Artur Szczygielski [PL],Unknown
Walter Andreotti [IT],Unknown
Kim Manuel Sollmann [DE],Unknown
Hannes Marxen [DE],Unknown
Matteo Quoiani [IT],Unknown
Cristo Peña [ES],Unknown
Anja Burghardt [AT],Unknown
Jonathan Tavernier [FR],Unknown
Denis Krafczyk [DE],Unknown
Sören Oltrop [DE],Unknown
Alberto marculissi [IT],Unknown
Ali Kadouh [DE],Unknown
Lucien CASY [FR],Unknown
Yunyong Zhang [NL],Unknown
Sebastian Schneider [DE],Unknown
Jan Heitmüller [DE],Unknown
Artur Pietruszka [PL],Unknown
Nil Cayuela Capilla [ES],Unknown
Aleš Tič [SI],Unknown
Mateusz Nowacki [PL],Unknown
Nicholas Kräft-Wendte [DE],Unknown
Borys Chernikov [UA],Unknown
Michal Truban [SK],Unknown
Ward Bruggenwert [NL],Unknown
Sven Rosenstengel [DE],Unknown
Sara Maruri [ES],Unknown
Markus Lauff [DE],Unknown
Moritz Hebestreit [DE],Unknown
Maximilian Käppler [DE],Unknown
Jan Weide [DE],Unknown
Lennart Pöschko [DE],Unknown
Gabriele Chiocca [IT],Unknown
Pasquale Giannatempo [IT],Unknown
Ilayda Sahingoz [NL],Unknown
Matteo Basilici [IT],Unknown
James Lewis [UK],Unknown
Maximilian Ramacher [DE],Unknown
Sergey Shish [DE],Unknown
Alex Tallberg [FI],Unknown
Naomi Moon [UK],Unknown
Fabian Sanches Pais [DE],Unknown
Dustin Hoffmann [DE],Unknown
Marian Kalischer [DE],Unknown
Mauro Montalbano [IT],Unknown
Thomas Serra van limbeek [NL],Unknown
Daniel Deleski [DE],Unknown
Zoltán Halász [HU],Unknown
Florian Nehmer [DE],Unknown
Arnošt Svárovský [CZ],Unknown
Marco Kramer [NL],Unknown
Žiga Čadež [SI],Unknown
Paweł Piotrewicz [PL],Unknown
Martin Brenner [DE],Unknown
Manuel Wiechert [DE],Unknown
Kevin Henrichs [DE],Unknown
Robert Waßmer [DE],Unknown
Freya Fias [BE],Unknown
Diego Muñoz Espadas [ES],Unknown
Stefan Janßen [DE],Unknown
Filippo Gatti [IT],Unknown
Ben Bailey [UK],Unknown
Felix Schill [DE],Unknown
Robin Fentner [DE],Unknown
Florian Harig [DE],Unknown
Florian Hermann [DE],Unknown
Robert Zielinski [DE],Unknown
William Vandersyppe [BE],Unknown
Dennis Reikowski [DE],Unknown
Stefano Buso [IT],Unknown
Matteo Gucci [IT],Unknown
Samuel Zimmermann [DE],Unknown
Antoine Penin [BE],Unknown
Ulf Tietze [DE],Unknown
>TCG-ST11>Stefan Wagenaar [NL],Unknown
Marco Tristl [DE],Unknown
Bjarne Mathea [DE],Unknown
Finn Kalbhenn [DE],Unknown
Nick Peeters [DE],Unknown
Théo Grimoud [FR],Unknown
Ben Ahmadi [UK],Unknown
Sarah Schwarz [DE],Unknown
Antony Butorin [DE],Unknown
Colin Mazur [AT],Unknown
gonçalo ferreira [PT],Unknown
Marco Speicher [DE],Unknown
Dennis Glath [DE],Unknown
Annie Cheyenne Fischer [DE],Unknown
Filip Sima [DK],Unknown
Rolf Moll [DE],Unknown
niklas winistörfer [CH],Unknown
Mads Dandanell Juul [DK],Unknown
David Sturm [DE],Unknown
Tobias Rietzel [DE],Unknown
Eric Dieterich [DE],Unknown
Tim Prins [NL],Unknown
Lisa Steinmüller [DE],Unknown
Paolo Ambrosini [IT],Unknown
Christian Heinemann [DE],Unknown
Aaron Johnson [IT],Unknown
Lucas Jeanneau [FR],Unknown
Alp Ehliz [DE],Unknown
Kevin Bachor [DE],Unknown
Minh Tâm THAI [BE],Unknown
Daniel Ankel [DE],Unknown
Jens Deroo [BE],Unknown
Luke Baumforth [UK],Unknown
Mika Dreyer [DE],Unknown
Vince Honraedt [BE],Unknown
Alexander Denk [AT],Unknown
Denis Stegemann [DE],Unknown
Fabian Schlieckau [DE],Unknown
Giovanna Carbonara [IT],Unknown
Mattis Kons [DE],Unknown
Michael Ritchie [UK],Unknown
Luigi Conte [IT],Unknown
Jordy Vanhaelst [BE],Unknown
Rene Bernatz [DE],Unknown
Kieran Gilbert [UK],Unknown
Lukas Pessy [NL],Unknown
Mark Høstrup [DK],Unknown
Jesus Rodriguez-Badell [UK],Unknown
Paul Mirbach [DE],Unknown
Chris-Harry Finch [DE],Unknown
Florian Grunewald [DE],Unknown
Mike Ferber [DE],Unknown
Niklas Schäfer [DE],Unknown
Ben Thyer [UK],Unknown
Seth Trudeau [NL],Unknown
Alisa Geiß [DE],Unknown
Fabian Waning [DE],Unknown
Raphael Braune [DE],Unknown
Emmanuel Labonté [DE],Unknown
Jorge Martínez Mendoza [ES],Unknown
Lars Rupprecht [DE],Unknown
Niklas Salewski [DE],Unknown
Alexis MARTIN [FR],Unknown
Lasse Nielsen [DK],Unknown
Stuart Collishaw [UK],Unknown
Tom Bruch [BE],Unknown
Konstantinos Liangakis [DE],Unknown
Joe Eacott [UK],Unknown
>TCG-ST1>Davide Resente [IT],Unknown
Hans van der Werf [NL],Unknown
Thomas Leclef [BE],Unknown
Jörg Hovemann [DE],Unknown
Jericho Flores [AT],Unknown
Austin Flores [US],Unknown
>TCG-ST5>Romain Cannet [FR],Unknown
Yarno Van der fraenen [BE],Unknown
Claus Müller [DE],Unknown
Philipp Seitz [DE],Unknown
Greg Bonnafoux [FR],Unknown
Oliver Friedrich [DE],Unknown
Robin Karvonen [SE],Unknown
Nathan Schonewille [NL],Unknown
Emily Mckay [UK],Unknown
Philipp Philipp [DE],Unknown
Maurice van den Bosch [NL],Unknown
Nicolaj Schummers [DE],Unknown
Artur Herdt [DE],Unknown
ZHENG DONG HU [SI],Unknown
Guillaume FLAMENT [FR],Unknown
Julia-Maria Lemm [DE],Unknown
Marcel Grothe [DE],Unknown
Michał Maślanka [PL],Unknown
Yves Steichen [DE],Unknown
Isabelle Sonesson [SE],Unknown
Adrian De Vita [DE],Unknown
Adam Marshall [UK],Unknown
Sebastian Eschen [DE],Unknown
Jonas Schuler [DE],Unknown
Stephan de Veen [DE],Unknown
Dennis Kaufmann-Köhler [DE],Unknown
Gilles Heyndrickx [BE],Unknown
Minh Quan Phung [DE],Unknown
Martin Desombre [FR],Unknown
Nick Kohlmüller [DE],Unknown
Dylan Zeller [FR],Unknown
Julien Wohlert [DE],Unknown
Michele Orlandi [IT],Unknown
Björn Lietz [DE],Unknown
Jakob Pott [DE],Unknown
Noemi Frasnelli [AT],Unknown
Christopher André Hrstic [DE],Unknown
Gregory Grossmann [DE],Unknown
Mahsun Gräff [DE],Unknown
Alexandru Paul Cosmi Asftei [IT],Unknown
Matteo Laici [IT],Unknown
Imran Khan Jadoon [DE],Unknown
Tobias Walther [DE],Unknown
Sebastian Hayen [DE],Unknown
Davide Cremese [DE],Unknown
Hendrik Rabe [DE],Unknown
Jan Kellner [DE],Unknown
Ethan Chow [IE],Unknown
Kim Verheyen [BE],Unknown
Malcolm Mießner [DE],Unknown
Ismet Blakaj [BE],Unknown
Robert Bell [UK],Unknown
Tobias Niedziella [DE],Unknown
>TCG-ST2>Patrick Piskorz [DE],Unknown
Daniel Escudero Rodríguez [ES],Unknown
Alex Stephenson [UK],Unknown
Toby Borthwick [UK],Unknown
Jonathan Lorch [DE],Unknown
Samir Sookhan [UK],Unknown
Yannick Leemans [BE],Unknown
Matthias Jörns [DE],Unknown
Sebastian Krizek [AT],Unknown
Nikolas Karlos [NL],Unknown
Thomas Sprung [DE],Unknown
Andreas Strom [DE],Unknown
Sebastian Döpke [NL],Unknown
Daniel Madeya [DE],Unknown
Nassir Acharcaui [DE],Unknown
Philipp Grund [DE],Unknown
Berhan Sonkaya [DE],Unknown
Christian Kusnezow [DE],Unknown
Leandro Arend [DE],Unknown
Adel Moussaoui [DE],Unknown
Freya Verheyden [BE],Unknown
Nicholas Bernal [IE],Unknown
Rik Klaassens [NL],Unknown
Onur Yildiz [DE],Unknown
Markus Michalsen [DE],Unknown
Dorothee Terre [DE],Unknown
>TCG-ST9>Mellory Stahn [DE],Unknown
Kai von Kalinowsky [DE],Unknown
Sven Sprey [AT],Unknown
Kevin Kramer [DE],Unknown
Benan Yardim [DE],Unknown
Mihail Milchev [BG],Unknown
Rhys Gunning [UK],Unknown
Ilja Grebe [DE],Unknown
Stephan Wulf [DE],Unknown
Omar Mahmood [UK],Unknown
Emma Coste [FR],Unknown
Denis Provázek [CZ],Unknown
Jason Jung [DE],Unknown
Vito Marino Moro [DE],Unknown
Finn Elmers [DE],Unknown
Lucas Scalcione-Hahn [NL],Unknown
Francesco Berti [IT],Unknown
Jan Kruse [DE],Unknown
Christian Fabianowicz [DE],Unknown
Sebastian Rytter Hall [DK],Unknown
Stephen SOM [FR],Unknown
Merlin van Berkum [DE],Unknown
Julian Antonio Calero Strandberg [DK],Unknown
symen papadopoulos [BE],Unknown
Tom Leschien [DE],Unknown
Max Fritsche [DE],Unknown
Pascal Vennedey [DE],Unknown
Jaimy Rehwald [DE],Unknown
Dominik Schläger [DE],Unknown
Dirk Wasiak [DE],Unknown
Thorsten Schneider [DE],Unknown
Raymond Wampach [DE],Unknown
Lennart Omerovic [DE],Unknown
Lukas Striswald [DE],Unknown
Lars Leuenberger [CH],Unknown
Dennis Schuwald [DE],Unknown
Fabian Toni Schäfer [DE],Unknown
Semyon Struzh [DE],Unknown
Tim Are Larssen [NO],Unknown
Yaw-Wang Truong [DE],Unknown
Artur Schichragimov [DE],Unknown
Bo Sels [BE],Unknown
Saravanan Oumabady [DE],Unknown
Dennis Henz [DE],Unknown
Nikolaos Winter [DE],Unknown
Harun Uzun [DE],Unknown
Dominik Behrens [DE],Unknown
Jorelyn Adriano [DE],Unknown
Andre Salvi [DE],Unknown
Berat Ekinci [BE],Unknown
Kurt Van Doninck [BE],Unknown
Marvin Gonschor [DE],Unknown
Jehu Martinez [US],Unknown
Joaquín Ferrer Martínez [ES],Unknown
Federico Mineri [IT],Unknown
Lionel Günter [DE],Unknown
Andreas Erdmann [DE],Unknown
Dennis Nölle [DE],Unknown
Daniel Schönfeld [DE],Unknown
Marco Kerkling [DE],Unknown
Daniel Long Wendt [DE],Unknown
Keshia Bittkau [DE],Unknown
Jens Kerkling [DE],Unknown
Simon Deutsch [DE],Unknown
Björn Böwen [DE],Unknown
Michele Raimondi [IT],Unknown
Lazaros Profyllidis [DE],Unknown
Pierre Mueller [DE],Unknown
Dylan Larres [US],Unknown
Tierry Rasmussen [BE],Unknown
Sjoerd Schouten [NL],Unknown
Rodrigo Oñate Fox [DE],Unknown
Chris Hilleborg [DK],Unknown
Zdeněk Švancara [CZ],Unknown
Timur Yusuf [UK],Unknown
Max Loehe [DE],Unknown
Zoi-Maria Thermou [GR],Unknown
Robin Grünberg-Morariu [DE],Unknown
Nassijm Abdalla [DE],Unknown
Krists Feldmanis [LV],Unknown
Lewis Cupoli [UK],Unknown
Tommi Lahtela [NO],Unknown
Philipp Bormann [DE],Unknown
Christian Dubicki [DE],Unknown
Lorenzo Giorgio [DE],Unknown
Julian Borrmann [DE],Unknown
Kim-Kevin Pajonk [DE],Unknown
>TCG-ST7>Sanne van Hoogstraten [NL],Unknown
Bastian Käfer [DE],Unknown
Rene Wilken [DE],Unknown
James Pilkington [UK],Unknown
Maximilian Bohmann [DE],Unknown
Elias Haremsa [DE],Unknown
Darryl Storrie [UK],Unknown
Daniel Pfeiffer [DE],Unknown
Benjamin Mertens [DE],Unknown
Lennard Kolletzki [DE],Unknown
Lucas Thomas Schössler [DE],Unknown
Liam Sharifi Azarbaijani [DE],Unknown
Alexander Schmidt [DE],Unknown
Robert Simpson [CA],Unknown
David Roodhof [NL],Unknown
Leon Ruge [DE],Unknown
Noah Allerton [UK],Unknown
Benjamin Dubicki [DE],Unknown
Miloslav Suchanek [CZ],Unknown
Nikita Kazunko [IL],Unknown
Kevin Hasenbeck [DE],Unknown
Luise Rath [DE],Unknown
Tim Sachs [DE],Unknown
Toni Lateva [BG],Unknown
Beate Freier [DE],Unknown
Nicolò Dragoni [IT],Unknown
Rebecca Hendriks [NL],Unknown
Fabienne Borrmann [DE],Unknown
Steven Sohr [DE],Unknown
Nicolas Agurto Espinoza [ES],Unknown
Tristan Perez [FR],Unknown
Ursula Kiefer [DE],Unknown
Lorenzo Westerbaan [NL],Unknown
Miriam Gutteck [DE],Unknown
Kim Strandholm [SE],Unknown
Özay Özgül [DE],Unknown
Sascha Braun [DE],Unknown
Florian michl [DE],Unknown
Nicolas Drouet [FR],Unknown
Manon Neves [FR],Unknown
Uwe Peter [DE],Unknown
Pascal Centner [DE],Unknown
Dennis Horndasch [DE],Unknown
Alessandra Coppola [IT],Unknown
Alexander Fahnert [DE],Unknown
Dennis Gryga [DE],Unknown
Finn-Frederic Kühn [DE],Unknown
Oisin Murphy [IE],Unknown
Lena Bamberger [DE],Unknown
Anaïs Durbuy [BE],Unknown
Michael Kijaschkin [DE],Unknown
Christopher Post [DE],Unknown
Mauro Spanò [IT],Unknown
Denny Felicioni [IT],Unknown
Saskia Michele Berg [DE],Unknown
Tobias Klas [DE],Unknown
Kai Klein [DE],Unknown
Jonas Habekost [DE],Unknown
Mathieu Benard [FR],Unknown
Rudolf Hoffmann [DE],Unknown
Jamie Van onzen [NL],Unknown
Robin Oliver Gojkovic [DE],Unknown
Lucas Brausch [DE],Unknown
Mustafa Dennis Can Yildiz [DE],Unknown
Thianchai Thimmuang [NL],Unknown
James Herlin [FR],Unknown
Lea Simon [AT],Unknown
Nicolas Heemskerk Fuentes [NL],Unknown
Aleksander Domek [PL],Unknown
Marcel Henkler [DE],Unknown
Alexander Rock [DE],Unknown
Manuel Wejner [DE],Unknown
Tom Rühle [DE],Unknown
Simone Schmidt [DE],Unknown
Eric Bader [DE],Unknown
Sascha Rudnik [DE],Unknown
Kheury Infante [US],Unknown
Daniel Sieberg [DE],Unknown
Luke Lange [NL],Unknown
Thomas James [UK],Unknown
Kai Möller [DE],Unknown
Jeremias Naumann [DE],Unknown
Kevin Bitter [DE],Unknown
Hendrik Hassenbürger [DE],Unknown
Daniel Terre [DE],Unknown
ANDREA Merlo [IT],Unknown
Nico Etzbach [DE],Unknown
Julian Gabor [DE],Unknown
Jordy Bakker [NL],Unknown
Charles Lloyd [UK],Unknown
Angelina Heitland [DE],Unknown
Alexander Füßl [DE],Unknown
Shen Kao Cheng [NL],Unknown
Jasmin Gegenheimer [DE],Unknown
Rene Müller [DE],Unknown
Nico Aeckerle [DE],Unknown
Katinka de Rijk [NL],Unknown
Orlando Guzman [US],Unknown
adam Taylor [UK],Unknown
Elia Rossi [IT],Unknown
gino janssens [BE],Unknown
Sadik Demirov [DE],Unknown
Tim Burghardt [DE],Unknown
Marc Boeddinghaus [DE],Unknown
Andre Retzki [DE],Unknown
Cameron Hand [US],Unknown
Elfie Boumans [NL],Unknown
Sven Vogt [DE],Unknown
Zijian Wang [DE],Unknown
Massimo Severin,Unknown
Louis Gräwe [DE],Unknown
Luca Rheinheimer [DE],Unknown
Justin Leon Winters [DE],Unknown
Lukas Ramsauer [AT],Unknown
Fabian Pagor [DE],Unknown
Christian Lehaci [AT],Unknown
Kaia Leikarnes [NO],Unknown
Alexis Molineau [FR],Unknown
Ilka Barwich [DE],Unknown
Renato Boschetti [NL],Unknown
Nils Müller [DE],Unknown
Maximilian Müller [DE],Unknown
Gian-Sergio Ape [DE],Unknown
Lukas Moll [DE],Unknown
Niklas Riske [DE],Unknown
Lukas Brüschke [DE],Unknown
Andrea Odetti [IT],Unknown
Bernhard Mandl [AT],Unknown
Nico Thoma [DE],Unknown
Robin Waglorz [DE],Unknown
Philipp Wetzel [DE],Unknown
Alice D'Alessandro [IT],Unknown
Tri Nguyen [DE],Unknown
Jeremiah Peterson [DE],Unknown
Diego Pietripaoli [IT],Unknown
Lukas Maximilian Gries [DE],Unknown
Arthur VINCENT [FR],Unknown
Jason Lee Clasen [DE],Unknown
Mert Toraman [DE],Unknown
Mike Haller [DE],Unknown
Steffen Katz [CH],Unknown
Carlos Deniz Cesarano [DE],Unknown
Hélène Duyck [CH],Unknown
Uwe Kümmerle [DE],Unknown
Stephanie Rühle [DE],Unknown
Michael Dirk Görke [DE],Unknown
David De Bruyne [BE],Unknown
Arthur Maier [DE],Unknown
Julian Möller [DE],Unknown
Alina Möller [DE],Unknown
Ben Giblin [UK],Unknown
Frederik Meier [DE],Unknown
Louise Martignac [FR],Unknown
Morgan Brandi [IT],Unknown
Bridget De Ruiter [NL],Unknown
Anja Neveling [DE],Unknown
Alyssa Westensee [DE],Unknown
Paul Bütefisch [DE],Unknown
Puck Zwaan [NL],Unknown
bastian dyas [DE],Unknown
Julius Schürhoff [DE],Unknown
Sabrina Genegel [NL],Unknown
Otis Lee Laksberg [DE],Unknown
Sascha Tebben [DE],Unknown
Marc Denker [DE],Unknown
Himmet-Can Atalay [DE],Unknown
Du Hieu Ho Phan [DE],Unknown
Dennis Brechmann [DE],Unknown
Jens Kassner [DE],Unknown
Timur Karakurt [DE],Unknown
Florian Eberhardt [DE],Unknown
Moritz Stoll [DE],Unknown
