Alberto Conti [IT],Regidrago VSTAR
Tord Reklev [NO],Terapagos Dusknoir
Daniel Magda [CZ],Regidrago VSTAR
Magnus Pedersen [DK],Banette Gardevoir
Mateusz Łaszkiewicz [PL],Banette Gardevoir
Mathias Bøcker Jakobsen [DK],Iron Thorns ex
Steve Lawson [UK],Iron Thorns ex
Alex Scopini [IT],Snorlax Stall
Michael Hunter [IE],Gardevoir ex
Jack Blyth [UK],Lost Zone Box
Caleb Rogerson [US],Terapagos Dusknoir
Oscar Madsen [DK],Palkia
James Cox [NL],Regidrago VSTAR
Matthew Houtput [BE],Gardevoir ex
Brennan Kamerman [NL],Lost Zone Box
David Walerian Rzepka [DE],Gardevoir ex
Janek Jagiełło [PL],Charizard Pidgeot
Alessandro Cremascoli [IT],Other
Alessio Cefola [IT],Gholdengo ex
Oscar Rivas [ES],Other
Bernard Kościk [PL],Gholdengo ex
Andrea Ceolin [IT],Snorlax Stall
Eemeli Reijonen [FI],Snorlax Stall
Ashley Richards [UK],Other
Stéphane Ivanoff [FR],Gardevoir ex
Kaiwen Cabbabe [AU],Regidrago VSTAR
Luke Kirkham [UK],Other
Brent Tonisson [AU],Regidrago VSTAR
Alessio Carmignani [IT],Other
Denis Provázek [CZ],Regidrago VSTAR
Bert Wolters [NL],Terapagos Dusknoir
Louis Mowatt [UK],Lost Zone Box
Arthur Trutzschler [NL],Gardevoir ex
Dominik Malicki [PL],Miraidon ex
Roberto Costanzo [FR],Charizard Pidgeot
Uffe Axelsen [DK],Palkia
Hermanni Hietalahti [FI],Terapagos Dusknoir
Dawid Andrzejewski [PL],Terapagos Dusknoir
Paulo Mimoso [PT],Regidrago VSTAR
Tobias Strømdahl [NO],Pidgeot Control
Jakub Raczkowski [PL],Dragapult Dusknoir
Nicolas Baumann [DE],Other
Sam Taylor [UK],Iron Thorns ex
Konsta Kallama [FI],Lugia Archeops
Sergio Ravelli [IT],Terapagos Dusknoir
Toby Clark [UK],Iron Thorns ex
Ethan Wilde [UK],Lugia Archeops
Patrik Bartošovič [CZ],Lugia Archeops
Stefano Conti [IT],Regidrago VSTAR
Dominik Blache [DE],Charizard Pidgeot
Callum Griffiths [UK],Regidrago VSTAR
Mario Martín Núñez [ES],Terapagos Dusknoir
facundo facio [AR],Lugia Archeops
Drew Stephenson [UK],Regidrago VSTAR
Lewis Beck [UK],Raging Bolt Ogerpon
Jonathan Sharpling [UK],Palkia
Alex Robertson [UK],Charizard Pidgeot
Kristian Hodas [SK],Terapagos Dusknoir
David Kramer [IL],Raging Bolt Ogerpon
Francesco Pasquale Caterino [IT],Regidrago VSTAR
Jamie Henderson [UK],Gardevoir ex
Julius Krag [DK],Pidgeot Control
Melanie van der Elsen [NL],Raging Bolt Ogerpon
Maximilian Müller [DE],Dragapult Dusknoir
Isaac Yu [UK],Lost Zone Box
Callum Thomas [UK],Snorlax Stall
Aarni Karjala [FI],Charizard Pidgeot
Tobias Gervin [IE],Raging Bolt Ogerpon
Aldra Carrillo [ES],Terapagos Dusknoir
Ali Salame [DE],Lugia Archeops
Amir Oppenheim-Nevo [IL],Raging Bolt Ogerpon
Oliver Newson [UK],Iron Thorns ex
Vincenzo Cannata [IT],Raging Bolt Ogerpon
Rasmus Wagner [DK],Palkia
Gracjan Sass [PL],Banette Gardevoir
Adam Lásko [CZ],Miraidon ex
Sebastian Fernandez [AD],Terapagos Dusknoir
Jelle van Kampen [NL],Gholdengo ex
Matthew Shafik [UK],Gardevoir ex
Marcel Coucouvis [DE],Banette Gardevoir
Anthony Blanchard [FR],Lugia Archeops
Federico Gallo [AR],Miraidon ex
Marijn van Duivenboden [NL],Raging Bolt Ogerpon
Emilio Jose Montoro Fernandez [ES],Lost Zone Box
Teodor Skjæveland [NO],Other
Maciej Chojnacki [PL],Raging Bolt Ogerpon
Nico Alabas [DE],Terapagos Dusknoir
Vincenzo Enrico Zappalà [IT],Lugia Archeops
Ricki Madsen [DK],Dragapult Iron Thorns
Jake Walvin [UK],Lugia Archeops
Dario Scarnò [IT],Other
Quentin MATERNAT [FR],Raging Bolt Ogerpon
Öjvind Svinhufvud [FI],Terapagos Dusknoir
Marcus Munkholm [DK],Raging Bolt Ogerpon
Jamie Hindley [UK],Regidrago VSTAR
Kieren Reynolds [UK],Dragapult Iron Thorns
Zac France [UK],Raging Bolt Ogerpon
gracjan lampka [PL],Iron Thorns ex
Ben Cook [UK],Raging Bolt Ogerpon
Oliver Brice [UK],Iron Thorns ex
Alp Ehliz [DE],Iron Thorns ex
Sebastian Teague [UK],Lugia Archeops
Sebastian Emtell [SE],Dragapult Dusknoir
Johannes Rieck [DE],Other
Angelo Calì [IT],Lugia Archeops
Andrew Elliott [UK],Lugia Archeops
Bas Juffer [NL],Lugia Archeops
Robin MacMoffat [FI],Other
Philip Schulz [DE],Terapagos Dusknoir
Lucas Brausch [DE],Raging Bolt Ogerpon
Connor Mehew [UK],Terapagos Dusknoir
Gabriel Smart [US],Terapagos Dusknoir
Robert Raizada [UK],Raging Bolt Ogerpon
Mario Milano [BE],Lost Zone Box
Raz Shamir [IL],Terapagos Dusknoir
Ruben van der Sluis [NL],Unknown
Dominic Charlton [UK],Unknown
Michał Wencelis [PL],Unknown
Vito Butković [HR],Unknown
Arpan Dev [UK],Unknown
Andrea Pio Prencipe [IT],Unknown
Alex Stephenson [UK],Unknown
Gabor Van Meenen [DE],Unknown
Lennert De Clercq [BE],Unknown
[ST7] Will Gracie [UK],Unknown
Jan Hausmann [DE],Unknown
Theocharis Iakovidis [CY],Unknown
Aidan Tauber [US],Unknown
Bartosz Bialik [PL],Unknown
Fabio Spanò [IT],Unknown
Michal Grebenár [CZ],Unknown
Joshua Galys [DE],Unknown
Alex Northey [UK],Unknown
Yoann Barszezak [FR],Unknown
Jordon Hannant [UK],Unknown
Elizabeth Willet [DK],Unknown
Benedetta Todaro [IT],Unknown
José Enrique Bravo Gómez [ES],Unknown
Ajay Sridhar [US],Unknown
Thomas Jones [UK],Unknown
Nino Brodar [HR],Unknown
Finn Bakewell [UK],Unknown
Kieran Rowe [UK],Unknown
Karol Blesak [SK],Unknown
Timo Mertens [DE],Unknown
Krzysztof Walczak [PL],Unknown
Riccardo Donà [IT],Unknown
Leon Thiemann [DE],Unknown
Dylan Zeller [FR],Unknown
Mariusz Wyrzykowski [PL],Unknown
Antonio Granato [IT],Unknown
Paweł Radzikowski [PL],Unknown
Jack Gregory-Campbell [UK],Unknown
Nina Eisenblätter [DE],Unknown
Olavi Kiuru [FI],Unknown
Hubert Pełechaty [PL],Unknown
Bartosz Lasota [PL],Unknown
Pedro Eugenio Torres [ES],Unknown
Krzysztof Plaskiewicz [PL],Unknown
Andrea Miggiano [IT],Unknown
Lautaro Soler [AR],Unknown
Merlin Bresinski [DK],Unknown
Christian D'Onofrio [IT],Unknown
Stephen Chan [UK],Unknown
Malthe Bogø [DK],Unknown
Ashley Baldry [UK],Unknown
Maxence de Lussac [FR],Unknown
Luca Jahns [DE],Unknown
Aleksander Domek [PL],Unknown
Marco Maccari [IT],Unknown
HIROAKI HATTORI [PL],Unknown
Michal Valenta [CZ],Unknown
Luukas Koski [FI],Unknown
Benjamin Gorgos [DE],Unknown
Tommi Lahtela [NO],Unknown
Nikolai Røssel [DK],Unknown
Aleksander Rutowicz [PL],Unknown
Sebastian Sitek [PL],Unknown
Justus Giersch [DE],Unknown
Marcin Mierzwa [PL],Unknown
Darren Chi hung Tang [UK],Unknown
Glenn Bauwens [BE],Unknown
Hugo Flokstra [NL],Unknown
Niklaus Christen [CH],Unknown
Winnie Wong [UK],Unknown
Tapio Virtanen [FI],Unknown
Michał Mioduszewski [PL],Unknown
Marijo Požega [HR],Unknown
Thibault Dezutter [BE],Unknown
Tuesday McCarthy [UK],Unknown
Mauro Spanò [IT],Unknown
oliver beckwith [UK],Unknown
Tomasz Rus [PL],Unknown
Jan Schäfer [DE],Unknown
Simone Lasaponara [IT],Unknown
Tapio Ikonen [FI],Unknown
Jana Karim [CZ],Unknown
Daniel Pochman [CZ],Unknown
Michał Jabłoński [PL],Unknown
Michael Clazzer [IT],Unknown
Victor De Torres Palacios [ES],Unknown
Kim Strandholm [SE],Unknown
Amelia Vale [UK],Unknown
Harrison Hunter [UK],Unknown
Jake Gamblen [UK],Unknown
Daniele Rosati [IT],Unknown
Edwyn Mesman [NL],Unknown
Stefano Bassis [IT],Unknown
Adel Moussaoui [DE],Unknown
Josh Bond [UK],Unknown
Aidan Khus [US],Unknown
Keenan Grange [UK],Unknown
Sebastian Uziuk [PL],Unknown
Beppe Grönmark [SE],Unknown
Matěj Nesvadba [CZ],Unknown
ULADZIMIR MAZALEUSKI [PL],Unknown
Armando Marjanovic [HR],Unknown
Michele Berto [IT],Unknown
Ryan Moorhouse [UK],Unknown
Simon Kolbe [DE],Unknown
Miguel Ángel Franco Chelso [ES],Unknown
Tom-Cedric Hinz [DE],Unknown
Justin Kempley [UK],Unknown
Petr Kříž [CZ],Unknown
Vincent Jouare [FR],Unknown
Jakub Chrobot [PL],Unknown
Lukas Miškauskas [LT],Unknown
Marcin Tomicki [PL],Unknown
Julius Kerkis [FI],Unknown
Adam Kamiński [PL],Unknown
Hugo De Torres [ES],Unknown
Alfredo Devars Ventura [DE],Unknown
Filip Szymczak [PL],Unknown
Demetris Eaton [UK],Unknown
Jan Fischer [DE],Unknown
Priya Bodha [NL],Unknown
Ivan Lopez Navarro [ES],Unknown
Hampus Eriksson [SE],Unknown
Brandon Balfour [UK],Unknown
Mads Jensen [DK],Unknown
Massimiliano Vitiello [UK],Unknown
Lyder Iversen [NO],Unknown
Krzysztof Fryca [PL],Unknown
Daniel Powell [UK],Unknown
Adrian Slez [SK],Unknown
callum roulson [UK],Unknown
Joah Wiegner [DE],Unknown
Julius Brunfeldt [FI],Unknown
Krzysztof Figas [PL],Unknown
Andrea Calciolari [IT],Unknown
Bruno Cuinet [FR],Unknown
Tobias Roberts [UK],Unknown
Bartosz Borecki [PL],Unknown
Laurens Monstrey [BE],Unknown
Lukas Simokaitis [LT],Unknown
Colin Müller-Kersting [DE],Unknown
Fabrizio Tallone [IT],Unknown
Andrea Modenese [IT],Unknown
Luigi Vezzoni [IT],Unknown
Jonathan Gorgos [DE],Unknown
Paul Doherty [UK],Unknown
Tammo Hauft [DE],Unknown
Simone Fiorito [IT],Unknown
Christian Fontenot [DK],Unknown
David Basterrechea Mateos [ES],Unknown
Stefan Oancea [IT],Unknown
Jack Taylor [UK],Unknown
Bartosz Skrobacki [PL],Unknown
Adam Stańczyk [PL],Unknown
[ST11] Benjamin PHAM [NL],Unknown
Shaon Sen [UK],Unknown
Dustin Bachmann [DE],Unknown
Joshua Vanoverschelde [BE],Unknown
Endry Gostivari [IT],Unknown
Christian Ballocco [IT],Unknown
Alessandro Frenda [IT],Unknown
Daniele del Rosso [IT],Unknown
Fabio Lembo [IT],Unknown
Maximilian Teubert [DE],Unknown
Gilbert McLaughlin [UK],Unknown
Robert Kędziora [PL],Unknown
Nicolai Stiborg [DK],Unknown
Alexander Stoppel [DE],Unknown
Matteo Marinelli [IT],Unknown
Jakub Koenner [PL],Unknown
matthew johnson [UK],Unknown
Moritz Kretschmer [DE],Unknown
Lukasz Gziut [IM],Unknown
Gage Rull [UK],Unknown
Florian Giesa [DE],Unknown
Alexander Simons [DE],Unknown
Antoni Uziak [PL],Unknown
Thibault Delahaye [FR],Unknown
Daekyung Ok [KR],Unknown
Cameron McDonald [UK],Unknown
Davide Nicolini [IT],Unknown
Nino Anderluh [SI],Unknown
Robin Schulz [DE],Unknown
Simone Venticinque [IT],Unknown
Pedro Fanti [DK],Unknown
Dario Tosolini [IT],Unknown
Zachary Bokhari [US],Unknown
Jack Campbell [UK],Unknown
Mikołaj Plich [PL],Unknown
Lasse Nielsen [DK],Unknown
Nico Sommerfeld [DE],Unknown
Bartosz Różewski [PL],Unknown
Brandon Baughn [US],Unknown
Liliana Imrichová [SK],Unknown
Józef Zienowicz [PL],Unknown
Dominik Wiśniewski [PL],Unknown
Kaya Lichtleitner [DE],Unknown
Renaud LEVAIN [FR],Unknown
Fábio Gomes [DK],Unknown
Benjamin Grover [UK],Unknown
Jakub Hurynowicz [PL],Unknown
Daniel Rinaldi [IT],Unknown
Elias Koski [FI],Unknown
Ben Frantik [DE],Unknown
Dillon Piebenga [NL],Unknown
Ondřej Škubal [CZ],Unknown
Jacob O'Hara [UK],Unknown
Darran Messom [UK],Unknown
Lucian Hargreaves [UK],Unknown
Jaume Torrelles [ES],Unknown
Bo Vinke [NL],Unknown
Adam Denk [CZ],Unknown
Piotr Matliński [PL],Unknown
Thang Martin Nguyen [NO],Unknown
Jay Robertson [UK],Unknown
Owen Dalgard [US],Unknown
Paweł Matuszewski [PL],Unknown
Sevim Aydogdu [DE],Unknown
Bartosz Strzelecki [PL],Unknown
Viktor Andersson [SE],Unknown
Jia-Hao Ma [NL],Unknown
Thomas Standaert [BE],Unknown
Angelos Theodorou [GR],Unknown
Urszula Rudnicka [PL],Unknown
Jason Sayle [IM],Unknown
Marco Fulgosi [IT],Unknown
Ludovic Orban [FR],Unknown
Rune Heiremans [BE],Unknown
Ben Giblin [UK],Unknown
Valentin Radet [FR],Unknown
Ashwin van Gool [NL],Unknown
Konstantin Shapkin [UK],Unknown
Mick de Jong [NL],Unknown
Jakub Berus [PL],Unknown
Fernando Karolys [EC],Unknown
Arvydas Skripka [LT],Unknown
Patryk Gabryś [PL],Unknown
Ivan Finamore [IT],Unknown
Damian Górski [PL],Unknown
David Pérez Iniesta [ES],Unknown
Yunong Tan [FI],Unknown
Vincenzo Di Maria [IT],Unknown
Owyn Kamerman [NL],Unknown
Alessandro Fusi [IT],Unknown
Luca Cuscito [IT],Unknown
Michael Davidson [US],Unknown
JP THAMMABOUTH [FR],Unknown
Stefania Davide [IT],Unknown
Filippo Colamorea [IT],Unknown
Andreas Østhus [NO],Unknown
Piotr Orleański [PL],Unknown
Pedro Guzmán Blasco [ES],Unknown
Daniel Scott [UK],Unknown
Jose Antonio Araquistain Gómez [ES],Unknown
Vincent Fatunz [DE],Unknown
Atilla Gedik [NL],Unknown
Aleksander Błaszkiewicz [PL],Unknown
Robert Bell [UK],Unknown
Oscar Knowles [SE],Unknown
Vigovajk Sagvik [SE],Unknown
Ciro Savarese [IT],Unknown
Kamil Chojnacki [PL],Unknown
Alex Bortolini [IT],Unknown
Cédric Paporello [FR],Unknown
Olivia Braddock [UK],Unknown
Jens Haushalter [DE],Unknown
Jianjun Liu [CN],Unknown
Mirko Simini [IT],Unknown
Olgierd Bogusławski [PL],Unknown
Marek Stolarik [SK],Unknown
Alexandre CAMELO [FR],Unknown
Toby Woolner [UK],Unknown
Alejandro Chacon [CR],Unknown
Emerson Baillie [UK],Unknown
Elwin Jongeling [NL],Unknown
Ramūnas Pudžiamys [LT],Unknown
Louis Westmoreland [UK],Unknown
Adam Marshall [UK],Unknown
Max Schlehaider [DE],Unknown
Michal Truban [SK],Unknown
Rebecca van der Lee [UK],Unknown
Andrew Hayward [UK],Unknown
Luke Burke [UK],Unknown
Alessio Muscio [IT],Unknown
Łukasz Tymiński [PL],Unknown
Dariusz Włodarski [PL],Unknown
Stefano Da Silva Fontinha Coelho [IT],Unknown
Hans van der Werf [NL],Unknown
Julian Borrmann [DE],Unknown
Adrian Kastelik [PL],Unknown
Leon Rehberg [DE],Unknown
Nerses Fatunz [DE],Unknown
Jose López [ES],Unknown
Łukasz Książek [PL],Unknown
Enrico Tomasini [IT],Unknown
Paul Stringer [UK],Unknown
Haukur Hildimar Davidsson [IS],Unknown
Gino Pili [NL],Unknown
Colin Mazur [AT],Unknown
Steven Mills [UK],Unknown
Matthew Rowberry [IM],Unknown
Sophie Foulon [FR],Unknown
Oliver Friedrich [DE],Unknown
Samir Sookhan [UK],Unknown
Michal Kwiecinski [DE],Unknown
Patryk Róg [PL],Unknown
miloslav posledni [CZ],Unknown
Morgan Brandi [IT],Unknown
Neddy Kosek [CZ],Unknown
Marton Skjæveland [NO],Unknown
Frank Schaumann [DE],Unknown
Francisco Jesús Tomás Tovar [ES],Unknown
Alexander Schlemmer [DE],Unknown
Chris-Joel Drewski [DE],Unknown
Samuel Zielke [DE],Unknown
Rafal Gizinski [PL],Unknown
Hugo Lilja [SE],Unknown
Gabriele Incari [IT],Unknown
Gauthier Vesseron [FR],Unknown
Cian Kavanagh [UK],Unknown
Harry Dunn [UK],Unknown
McElroy Quinney [UK],Unknown
Sebastiano Lo presti [IT],Unknown
Matt Gracie [UK],Unknown
Janus Wagner [DE],Unknown
Alan Cattaneo [FR],Unknown
Quinten Safi [BE],Unknown
Michał Machowski [PL],Unknown
Ricardo Alves [PT],Unknown
Daniel Wyryma [PL],Unknown
Oskar Mazurkiewicz [UK],Unknown
Agustin Coraggio [IT],Unknown
Finn Schleusner [DE],Unknown
Charlie Hallam [UK],Unknown
niccolò genna [IT],Unknown
David Lay [SE],Unknown
Peter Dixon [UK],Unknown
Milan Jarábek [SK],Unknown
Christian Sommerfeld [DE],Unknown
Emanuel Broda [PL],Unknown
Leon Stakne [SI],Unknown
Kacper Nawojski [PL],Unknown
Ingvar Hjartarson [DK],Unknown
Fiorino Dekaj [IT],Unknown
Gustav Olsson [SE],Unknown
Stephan Nørregård [DK],Unknown
Maria Broullon [ES],Unknown
Koen Smid [NL],Unknown
Steven Whitton [NL],Unknown
Tom Fuller [UK],Unknown
Michal Kajaba [CZ],Unknown
David Martinez [DK],Unknown
Matthias Philipp [FR],Unknown
Arham Farooq [DK],Unknown
Torbjørn Østbø [NO],Unknown
Alberto Benvenga [IT],Unknown
Damian Wincenciak [PL],Unknown
Giuseppe Busanca [IT],Unknown
Jonas Ude [DE],Unknown
Benjamin Goodridge [UK],Unknown
Eric Hendrickson [DE],Unknown
Stephen Law [UK],Unknown
Andrea Odetti [IT],Unknown
Toni Haverinen [FI],Unknown
Roman Mušynskyj [CZ],Unknown
Simone Veronese [IT],Unknown
Bruno Krynicki Storskog [SE],Unknown
Rudy Caparros [BE],Unknown
Joshua Bausch [DE],Unknown
clement courbois [FR],Unknown
Michaël Garmyn [BE],Unknown
Dario Van Meenen [DE],Unknown
Simone Colnaghi [IT],Unknown
Alex Bailey [UK],Unknown
Nick Bohdan [SK],Unknown
Marcin Ogórek [PL],Unknown
Marek Změlík [CZ],Unknown
Przemysław Rosłaniec [PL],Unknown
Lauri Harmaja [FI],Unknown
Simone Morandi [IT],Unknown
Martina Talacchia [IT],Unknown
Pavel Kocurek [CZ],Unknown
Kevin Kitzig [DE],Unknown
stefan lykke [DK],Unknown
Mikołaj Kuźmicki [PL],Unknown
theo merienne [FR],Unknown
Álvaro Quinteiro Bernal [ES],Unknown
Picot Marc [FR],Unknown
Paul Schutter [DE],Unknown
Jérémy Crapez [FR],Unknown
Luke Rosser-Jones [UK],Unknown
Gleb Skryabin [UK],Unknown
Simone Beltramello [IT],Unknown
Mike Davies [UK],Unknown
Vincent Marcus Munk [DK],Unknown
Davide Zamuner [IT],Unknown
Michael Vandamme [BE],Unknown
Christian Schrader [DE],Unknown
Chrystian Kornacki [PL],Unknown
Mattia Lorusso [IT],Unknown
Oliver Gooch [UK],Unknown
Matias Matricardi [AR],Unknown
Anca Cosma [UK],Unknown
Adrián Prieto [ES],Unknown
Tony Yates [UK],Unknown
Leyton Hindle-Cain [UK],Unknown
Christoph Kochseder [AT],Unknown
Hubert Pismienny [PL],Unknown
Roland Sekerija [AT],Unknown
Kacper Mazurkiewicz [PL],Unknown
Freya Pearce [DK],Unknown
Simon Persson [SE],Unknown
Rafał Duda [PL],Unknown
Niels Jürgensen [DE],Unknown
Richard Mogyorosi [SE],Unknown
Hana Perez [ES],Unknown
Odin Bjerga [NO],Unknown
Andreas Döring [DE],Unknown
Frank Van der Wielen [NL],Unknown
Kyla Seaman [UK],Unknown
Alessandro Campolo [IT],Unknown
Emma Hagen [NO],Unknown
De Haes Damien [BE],Unknown
Kamil Colatosti [CA],Unknown
Markus Schulze [DE],Unknown
Björn Reinsdorf [DE],Unknown
Pascal Tillenberg [DE],Unknown
stefanos spyropoulos [GR],Unknown
Max Hofmans [NL],Unknown
Simone Dalla [IT],Unknown
Andrea Mario Schroder [IT],Unknown
Simen Dalen [NO],Unknown
Jasmin Kirchherr [DE],Unknown
Daniell McMahon [UK],Unknown
Andrea Franco [IT],Unknown
Wojciech Grubecki [PL],Unknown
Warre Haghedooren [BE],Unknown
Jaakko Karjalainen [FI],Unknown
Alessandro Turiello [IT],Unknown
Bartosz Pawlik [PL],Unknown
Luke Doran [UK],Unknown
Alan Birchall [UK],Unknown
Yoi-Hon Man [UK],Unknown
Reuben Davidson [UK],Unknown
ward knuts [BE],Unknown
Wojciech Tomczak [PL],Unknown
David Rosse [FR],Unknown
Danny Dowling [UK],Unknown
Enrico Agata [IT],Unknown
Tuğçe Ertürk [TR],Unknown
Niels Klatt [DE],Unknown
Benjamin Wöhl [DE],Unknown
Juho Kallama [FI],Unknown
Maruan Al Delemi [DE],Unknown
Joakim Kronborg Mazanti [DK],Unknown
Emanuele Sirini [IT],Unknown
Myles Grayson [UK],Unknown
Francesco Saverio Aiello [IT],Unknown
Francesco Pironti [IT],Unknown
Sam Van Tongerloo [BE],Unknown
Cade Parkin [UK],Unknown
James Lewis [UK],Unknown
Nikoline Pedersen [DK],Unknown
Jonah De ruyck [BE],Unknown
Krzysztof Lesik [PL],Unknown
jakub Salava [CZ],Unknown
Damiano Pirosa [IT],Unknown
Samuel Koski [FI],Unknown
Roberto Divano [IT],Unknown
Rone Nielsen [DK],Unknown
Michal Augustyn [PL],Unknown
George Chave [UK],Unknown
Lucie Simickova [CZ],Unknown
Amer Bikic [SE],Unknown
Jason Bunting [UK],Unknown
Adam Polak [SK],Unknown
Rasmus Lehto [SE],Unknown
Robert Deyk [PL],Unknown
Jan Bartow [DE],Unknown
Daniel Monticelli [IT],Unknown
Pavol Šinkovic [SK],Unknown
Francesco Paolo Marino [FR],Unknown
Pasquale Giannatempo [IT],Unknown
Gioele Reitano [DE],Unknown
Igor Nowotnik [UK],Unknown
Joe Bates [UK],Unknown
Thomas Abbott [UK],Unknown
Rene Ess [DE],Unknown
Adam Hawkins [UK],Unknown
Jonathan Talsma [UK],Unknown
Krzysztof Gomółka [PL],Unknown
Yeromy Ruiz [ES],Unknown
Matt Dunlop [UK],Unknown
Johnathan Vickers [UK],Unknown
Tom CLEENEWERCK [FR],Unknown
Panagiotis Gerasimatos [GR],Unknown
Elias Graf [DE],Unknown
Tomáš Kadeřábek [CZ],Unknown
Brando Longino [IT],Unknown
Michał Gadomski [PL],Unknown
Patrik Thor [SE],Unknown
Janielk Jiménez Gómez [ES],Unknown
Raja Malla [UK],Unknown
[ST1] Sanne van Hoogstraten [NL],Unknown
Tony Hübel [DE],Unknown
Jack Harchuk [UK],Unknown
Harry Jobson [UK],Unknown
Karel Pavlis [CZ],Unknown
Atte Heiskanen [FI],Unknown
Ondřej Rýdl [CZ],Unknown
Bolly Olufon [UK],Unknown
Fabian Waning [DE],Unknown
Magdalena Zielke [PL],Unknown
Nico Etzbach [DE],Unknown
Julian Patz [DE],Unknown
Jianlong Hu [IT],Unknown
Sam evans [UK],Unknown
Luca Cavanna [IT],Unknown
Łukasz Mazurkiewicz [PL],Unknown
Beat Christen [CH],Unknown
Edgars Gutkis [LV],Unknown
Ville Sipilä [FI],Unknown
Quentin Carlier [FR],Unknown
Kevin Gerritzen [DE],Unknown
Zane Wilson [DE],Unknown
Alessandro Casella [IT],Unknown
Aleksi Jäntti [FI],Unknown
Gavin Marshall [UK],Unknown
Topi Salonen [FI],Unknown
harvey scheinman [UK],Unknown
Benjamin Omar [UK],Unknown
Thomas Franke [DE],Unknown
Sylwester Olszewski [PL],Unknown
Caroline Ferino [FR],Unknown
Niccolo De Giorgi [ES],Unknown
Drew Temple-Mabe [UK],Unknown
Mattia Caponigro [IT],Unknown
Charles Driesler [UK],Unknown
Eduardo Lenz [ES],Unknown
Alejandro Felices Puértolas [ES],Unknown
Chris Hilleborg [DK],Unknown
Luke Perry [UK],Unknown
Oliver Bisztyga [AT],Unknown
Joseph Philip [UK],Unknown
Allan Dubreuil [FR],Unknown
Claudio Berardi [IT],Unknown
Ryan Carroll [UK],Unknown
Dimitrios Gasteratos [GR],Unknown
Alexandre Solé [BE],Unknown
Tobias Walther [DE],Unknown
Matyáš Hojný [CZ],Unknown
Pablo Grossi [ES],Unknown
Marino Rodriguez [US],Unknown
Michał Fryta [PL],Unknown
David Marel [CZ],Unknown
Kévin NEPHTYS Semlali [FR],Unknown
Kyriakos Christoforou [CY],Unknown
Daniel Brunsch [DE],Unknown
Petr Vecera [CZ],Unknown
Jakob Wagner [DK],Unknown
Jimmy Hoang [DK],Unknown
Tal Vinizky [IL],Unknown
Ithiel Arki [FR],Unknown
Mateusz Nowicki [PL],Unknown
Stefano delle Noci [IT],Unknown
Daniel Jones [UK],Unknown
Jari Honraedt [BE],Unknown
Alexander Emannuel Gómez Svestarova [MX],Unknown
Adelaide Granata [IT],Unknown
Grigoris Kazantzis [CY],Unknown
Darren Jacques [UK],Unknown
Lukáš Kacvinský [SK],Unknown
Fabia Slaughter [UK],Unknown
Nathan Doyle [IE],Unknown
Norman Markowski [DE],Unknown
Agata Hejduk,Unknown
Dawid Mutwicki [PL],Unknown
Lucas Othacehe [AR],Unknown
Matteo Medici [SE],Unknown
Seán McCormack [IE],Unknown
Sebastian Lehmann [DE],Unknown
Manuel Wiechert [DE],Unknown
Adam Butowski [PL],Unknown
Jouke Blum [NL],Unknown
Kamil Stolorz [PL],Unknown
Daniele Illuminati [IT],Unknown
Dovydas Sirvydis [LT],Unknown
Jawad Chowdhury [UK],Unknown
Piotr Puławski [PL],Unknown
Tomáš Masiarik [SK],Unknown
Maciej Płuciennik [PL],Unknown
William Soliven [IM],Unknown
Aaron Edwards [UK],Unknown
Duy Manh Le [CZ],Unknown
Yang SHI [FR],Unknown
Mathieu Vidal [FR],Unknown
Eliot Liversidge [UK],Unknown
James Whitby [UK],Unknown
Piotr Kierzkowski [PL],Unknown
Álvaro Barragán Bernal [ES],Unknown
Ferdi van Schijndel [NL],Unknown
Alexander Rudjaka [DE],Unknown
Mike de Bruijn [NL],Unknown
Luke Negus [UK],Unknown
Senkai Sandin,Unknown
Miloslav Suchanek [CZ],Unknown
Nicolas Darge [DE],Unknown
Berhan Sonkaya [DE],Unknown
Elias Apostolopoulos [GR],Unknown
Michał Baranowski [PL],Unknown
Matteo Ginanneschi [UK],Unknown
Raul Venturi [IT],Unknown
Hubert Zając [PL],Unknown
Rose Gregson [UK],Unknown
Alexander Lundberg [SE],Unknown
Pietro Concini [IT],Unknown
Jonathan Beckwith [UK],Unknown
Mateusz Klawikowski [UK],Unknown
Franck Mêlé [FR],Unknown
James de Boer [UK],Unknown
Lukáš Michálek [CZ],Unknown
Daniel Wierzbicki [PL],Unknown
Matthew Jennings [UK],Unknown
Piotr Żaczek [PL],Unknown
Miłosz Dyrlica [PL],Unknown
Marcel Edlinger [DE],Unknown
Jakub Kostka [SK],Unknown
Marek Šalgovič [SK],Unknown
Matteo Quoiani [IT],Unknown
Marcin Bronicki [DE],Unknown
Adam Brooke [UK],Unknown
Krzysztof Nowicki [PL],Unknown
Michał Majchrzak [PL],Unknown
Ryan Bielak [AU],Unknown
Luca Tommasi [IT],Unknown
Juuso Toivanen [FI],Unknown
Kevin Král [CZ],Unknown
Alessandro Cont [IT],Unknown
Paul Shail [UK],Unknown
Riccardo Croce [IT],Unknown
Connor Simpson [UK],Unknown
Mikolaj Falba [PL],Unknown
Tomas Hobbs [UK],Unknown
Andrea Tosi [IT],Unknown
Kevin Ponthieux [IT],Unknown
Giulia Casha [UK],Unknown
Lars Claessens [BE],Unknown
Igor Michale [DE],Unknown
Paul Myers [UK],Unknown
Luis Gutierrez [PL],Unknown
Bartosz Paczkowski [PL],Unknown
Giulio Miazzo [IT],Unknown
Ivar Gilberg [NO],Unknown
Elvis Caccin [IT],Unknown
Shankithan Thevakumar [FR],Unknown
Konstantinos Mantelos [GR],Unknown
Davide Beraldo [IT],Unknown
Solfrid Håland [NO],Unknown
Jeremiah Peterson [DE],Unknown
Mattia Giuseppe Gambino [IT],Unknown
Natalia Balcer [PL],Unknown
Brent Coosemans [BE],Unknown
Sacha Scoppa [IT],Unknown
Asia Uboldi [IT],Unknown
Shinichiro Kase [JP],Unknown
Jakub Skiba [PL],Unknown
Stanislaw Wislocki [PL],Unknown
Sebastian Ostrouch [AT],Unknown
Peadar O'Connor [IE],Unknown
Artur Szczygielski [PL],Unknown
Szymon Ulfig [PL],Unknown
Matic Pirnat [SI],Unknown
Simone Blanda [IT],Unknown
Johannes Forster [DE],Unknown
Jonny Motion [UK],Unknown
Soo-Bin Audouy [FR],Unknown
Matthew Vanoli [UK],Unknown
Servando Pascual [NL],Unknown
Andreas Folgerø [NO],Unknown
Samuele Roma [IT],Unknown
Laura Allitt [UK],Unknown
simone colonna [IT],Unknown
Edmund Mazur [PL],Unknown
Oskar Ogrodowczyk [PL],Unknown
Mateusz Kowal [PL],Unknown
Adriana Morejon [ES],Unknown
Louis Andresen [DE],Unknown
Rafael Figueiredo de Oliveira [UK],Unknown
Ragna Lovise Kaste Lund [NO],Unknown
Bogusław Łobacz [PL],Unknown
Michał Bereziuk [PL],Unknown
[ST5] Kent Pacheco [DE],Unknown
Zak Dawson [UK],Unknown
[ST3] Thomas James [UK],Unknown
Karina Hinze [DE],Unknown
Brandon Escalante [MX],Unknown
Alexander Scheuhammer [AT],Unknown
Daniel Howarth [UK],Unknown
Joakim Ginste [SE],Unknown
Ying Jun Qi [AT],Unknown
Nikolas Vašica [SK],Unknown
Soeren Oez [DE],Unknown
Mehdy Draoui [LV],Unknown
Stavros Chrysovalantis Merodoulakis [GR],Unknown
Karol Muniak [PL],Unknown
Mateusz Rusinek [PL],Unknown
Timothy Nicholson [IT],Unknown
Kai Wainwright [UK],Unknown
Simone Bianchi [IT],Unknown
Andrea Haltuff Tangen [NO],Unknown
Matija Mrkoci [HR],Unknown
Ronja Seewig [DE],Unknown
Lukas Striswald [DE],Unknown
Berry Agricola [NL],Unknown
Matteo Zappalá [IT],Unknown
Koen Moors [NL],Unknown
Pol Ortega Serna [ES],Unknown
Szymon Otreba [PL],Unknown
Maciej Matkowski [PL],Unknown
Justas Paulauskas [LT],Unknown
Jan Ringel [DE],Unknown
Ray-Leonard Marshall [UK],Unknown
FILIPPOS LAMPRINOS [GR],Unknown
Ethan Jenkins [UK],Unknown
Jan Rodek [CZ],Unknown
Luke Ayla Mallia [MT],Unknown
Giovanni Schroevers [NL],Unknown
Noe Charenton Davis [FR],Unknown
Christian Azzopardi [MT],Unknown
Tymoteusz Dziedzic [PL],Unknown
Sam Fry [UK],Unknown
Jakub Pawlicki [PL],Unknown
Felim Boulheouchat [UK],Unknown
Michał Błachucki [PL],Unknown
Timothy Cox [UK],Unknown
Michał Hejduk [PL],Unknown
Clément Levignon [FR],Unknown
Julian Bouaalam [DE],Unknown
Rickard Udd [SE],Unknown
Zach Moore [IE],Unknown
Margherita Caponeri [IT],Unknown
Jonathan Lorch [DE],Unknown
Francesco Pio Russo [IT],Unknown
Laura Abbott [UK],Unknown
Michał Kruk [PL],Unknown
Matteo Boccali [IT],Unknown
Julius Rosengren [SE],Unknown
Petr Sába [CZ],Unknown
Ricky Kwok [UK],Unknown
Samuele Gnoli [IT],Unknown
Juuso Ihalainen [FI],Unknown
Emilio Vergara [CL],Unknown
Aleksander Sowa [PL],Unknown
Tim Peters [DE],Unknown
Karol K [PL],Unknown
Mantas Sideravičius [LT],Unknown
Marek Łuczak [PL],Unknown
Andreas Kottis [GR],Unknown
Tobias Piontek [DE],Unknown
Andrea Foffi [IT],Unknown
Artur Lorbiecki [PL],Unknown
Matej Slama [SK],Unknown
Kieran Gilbert [UK],Unknown
Francesca Harrison [UK],Unknown
Yuliia Ilina [LV],Unknown
Angelo De Domenico [IT],Unknown
Jeremy Limousin [FR],Unknown
Roberto Riccio [IT],Unknown
Rodrigo Gálvez [ES],Unknown
Lucas Cruz [BR],Unknown
Igor Ustarbowski [IE],Unknown
Antonio Castillo Matran [ES],Unknown
Alessandro Arca [IT],Unknown
Damian Kędzierski [PL],Unknown
Raúl Méndez Horcas [ES],Unknown
Stepan Suchanek [CZ],Unknown
Dominik Fink [DE],Unknown
Jaden Trustfull [NL],Unknown
Mykola Deikaliuk [CZ],Unknown
Francesco Ferraro [IT],Unknown
Noel Bölte [SE],Unknown
Erin Keating [UK],Unknown
Gary ENTEN [FR],Unknown
King Sum Bevis Wong [UK],Unknown
Manuel Balzer [CH],Unknown
Nuno Santos [NO],Unknown
Dominykas Sirvydis [LT],Unknown
Mahdi Eftekhari [DE],Unknown
Hugues moine [FR],Unknown
Christoph Wiederker [DE],Unknown
Antti Hintsanen [FI],Unknown
Anton Kuvshinnikov [SK],Unknown
jean-marc schosse [BE],Unknown
Federico Redeghieri [IT],Unknown
Alejandro Navarro Botella [ES],Unknown
Łukasz Piątkowski [PL],Unknown
Michal Vasilenko [SK],Unknown
Angel Miguel Sifuentes Oliveira [ES],Unknown
Albert Kalenczuk [DE],Unknown
Guillaume Sibra [FR],Unknown
Jean-Sébastien d'Anchald [FR],Unknown
Aziz Sabir Hadi [FI],Unknown
Jan Michorek [PL],Unknown
Lukas Wiechert [DE],Unknown
Frederik Riis-Jacobsen [DK],Unknown
Kristians Macis [LV],Unknown
Jakub Woźniak [PL],Unknown
Nicolas Bodiam [UK],Unknown
Tomáš Žukovský [CZ],Unknown
Petr Faukner [CZ],Unknown
Marcin Jan Święcicki [PL],Unknown
Ewan West [UK],Unknown
Gerardo Megaro [IT],Unknown
Liam Kinne-Hall [UK],Unknown
Luke Parkes [UK],Unknown
FABIEN Pujol [FR],Unknown
Dorota Jarocka [PL],Unknown
Ole Stognief [DE],Unknown
Diego Muñoz Espadas [ES],Unknown
Sergen Ecin [DE],Unknown
Patryk Piątek [PL],Unknown
Bartosz Witala [PL],Unknown
Dorian Adamik [PL],Unknown
Antoine Betti [FR],Unknown
Matthew Meyer [PL],Unknown
Mikołaj Łaniecki [PL],Unknown
Józef Slany [PL],Unknown
Marvin Jansen [DE],Unknown
Mickey Pedersen [DK],Unknown
Martin Budka [DE],Unknown
Dennis Gryga [DE],Unknown
Lenni Lassila [FI],Unknown
Jan Weide [DE],Unknown
Adrian Wysocki [PL],Unknown
Jimmy Marcus Munk [DK],Unknown
Gergely Kis [HU],Unknown
Christian Ro Heuch [NO],Unknown
Florian Devos [BE],Unknown
Jeffrey Mennea [IT],Unknown
Quentin Lima [FR],Unknown
foedit christopher [FR],Unknown
Aleks Rogič [SI],Unknown
Maciej Niezgoda [PL],Unknown
Sofia Abrunhosa [PT],Unknown
Kamil Bukalski [PL],Unknown
Patrik Friedberger [AT],Unknown
Yaw-Wang Truong [DE],Unknown
Aleksander Gałgański [PL],Unknown
Gijs van Schie [NL],Unknown
Elia Salvemini [IT],Unknown
Michał Maziarz [PL],Unknown
Arnošt Svárovský [CZ],Unknown
Jacopo Toselli [IT],Unknown
Paweł Mleczek [PL],Unknown
Leandro Othacehe [ES],Unknown
Fabian Schlieckau [DE],Unknown
Ollie Russell [UK],Unknown
Dawid Kwaśniewski [PL],Unknown
Il Ja Mießner [DE],Unknown
Javier Chacana [ES],Unknown
Matteo Manfré [IT],Unknown
Kathleen Gennin [FR],Unknown
Krystian Rączka [PL],Unknown
Matthew Carbonaro [MT],Unknown
Carter Barsh [US],Unknown
Charles Lloyd [UK],Unknown
Duncan Sugrue [UK],Unknown
Victor Betti [IT],Unknown
Luke Barrett [UK],Unknown
Jannes Bellmann [DE],Unknown
Mario Binkowski [DE],Unknown
Feliciano Adriano [DE],Unknown
Simone Mariotti [IT],Unknown
Kamil Świstuń [PL],Unknown
Lukas Boaventura Uhde [DE],Unknown
Hannah Green [UK],Unknown
Giulio Dizioli [IT],Unknown
Alex Pavlenko [DE],Unknown
Ann-Christin Nickel [DE],Unknown
Eryk Wierzejski [PL],Unknown
Ed Holloway-George [UK],Unknown
Tobias Freitag [DE],Unknown
Eugenio Favini [IT],Unknown
Lennart Beaupoil [DE],Unknown
Antoni Pilarczyk [PL],Unknown
Nathaniel Gardner-Blatch [UK],Unknown
Sebastian Sobczak [PL],Unknown
Alex Tallberg [FI],Unknown
Radosław Musiał [PL],Unknown
Tung Fung Tso [UK],Unknown
michael Oxborough [UK],Unknown
Victoria Vigaray [ES],Unknown
Sai Fung Lau [UK],Unknown
Matteo Ferrari [IE],Unknown
Joanna Biernat [PL],Unknown
Rosie Spink [UK],Unknown
Tommy Eriksson [NO],Unknown
Adrien Neret [BE],Unknown
Tomasz Noga [PL],Unknown
Niels Van der planken [BE],Unknown
Guillermo Ramos Cid [ES],Unknown
Paweł Urbańczyk [PL],Unknown
Libor Hanak [CZ],Unknown
Saravanan Oumabady [DE],Unknown
Valentin POSTIGO [FR],Unknown
Cristo Peña [ES],Unknown
Joanna Obrządkiewicz [PL],Unknown
Mateusz Gostomski [PL],Unknown
Mimmi Koski [FI],Unknown
Eric Vexenat [FR],Unknown
Ben Williams [UK],Unknown
Adam Celarek [PL],Unknown
Omar Golinelli [IT],Unknown
Jonas Snarskis [LT],Unknown
Gisle Mikkelsen Halleraker [NO],Unknown
Dariusz Ziółkowski [PL],Unknown
Michał Majdak [PL],Unknown
aljaž seliškar [SI],Unknown
Daniel Chandler [UK],Unknown
Simone Pietropaolo [UK],Unknown
Eathan Coombes [UK],Unknown
Luca Roncella [IT],Unknown
Benjamin Bojić [HR],Unknown
Rastislav Slavkovský [CZ],Unknown
Gloria Frutos [ES],Unknown
Tony Kämpe [FI],Unknown
Nicolas Köcher [CH],Unknown
Kacper Bąk [PL],Unknown
Tomasz Krzyzelewski [UK],Unknown
Kacper Posyniak [PL],Unknown
Oriol Tauleria [ES],Unknown
Piotr Borowy [PL],Unknown
Lukáš Kotek [CZ],Unknown
Stelios Godinos [GR],Unknown
Benjamin Dowie [UK],Unknown
Philipp Bormann [DE],Unknown
Milena Rutkowska [UK],Unknown
Wojciech Klimecki [PL],Unknown
Melvyn Lars Francis Tambach [DE],Unknown
Toni Harttrich,Unknown
Daniel Lynch-Buckley [IE],Unknown
Philip Rowley [UK],Unknown
Nikolaos Winter [DE],Unknown
Lukas Lang-Lajendäcker [DE],Unknown
Ben Robinson [UK],Unknown
Alessandro Jaselli [IT],Unknown
Marco Sánchez Rivera [ES],Unknown
Guilherme Ramalho [BR],Unknown
Wojciech Ziółek [PL],Unknown
Christopher Oeltjendiers [DE],Unknown
Patryk Zawieja [PL],Unknown
Toby Borthwick [UK],Unknown
Manuel Vazquez [ES],Unknown
Grzegorz Pindor [PL],Unknown
Pablo Fernández Domínguez [ES],Unknown
Isaac Boldarini [MT],Unknown
Laurent Chhou [FR],Unknown
Alexandre peplaw [FR],Unknown
Piotr Kwiatkowski [PL],Unknown
Mateusz Lubski [PL],Unknown
Emilia Miele [UK],Unknown
Vojtěch Toman [CZ],Unknown
Chris van Oekel [NL],Unknown
Abdelbaset Benajem [IT],Unknown
Paul McPherson [UK],Unknown
Giovanni Carraro [IT],Unknown
Erik Bladh [SE],Unknown
Danveer Kalirai [UK],Unknown
Oliver Kidby-Hunter [UK],Unknown
Petr Luba [CZ],Unknown
Lennert Van Overloop [BE],Unknown
Darryl Storrie [UK],Unknown
Bryan de Vries [NL],Unknown
Simon Dewhurst [UK],Unknown
Erin Kingma [NL],Unknown
Paul Strömer [DE],Unknown
Mattia Gambarin [IT],Unknown
Krzysztof Brygała [PL],Unknown
Karolis Žiedavainis [LT],Unknown
Juliusz Dumara [PL],Unknown
Lewis Cupoli [UK],Unknown
Scott Bodiam [UK],Unknown
Christoph Okun [DE],Unknown
Chun Jeffrey Lin [HK],Unknown
Jakub Obdržálek [CZ],Unknown
Trevor hooper [UK],Unknown
Charlie Belfield [UK],Unknown
Marcel Nockemann [DE],Unknown
Adrian Fjell [NO],Unknown
Jan-Patrick Strohmeier [DE],Unknown
Patryk Gęsiak [PL],Unknown
Martin Risting [NO],Unknown
Michał Starski [PL],Unknown
Albert Hadacek [CZ],Unknown
Drew Baigent [UK],Unknown
Nam Paul Nguyen [DE],Unknown
Daniel Lelonkiewicz [PL],Unknown
Jason Muirhead [UK],Unknown
Jorelyn Adriano [DE],Unknown
Jakub Sokólski [PL],Unknown
Tomáš Sháněl [CZ],Unknown
Niklas Knittel [DE],Unknown
Ruben Gomez de la Peña [ES],Unknown
Michael Batten [IE],Unknown
Naomi Moon [UK],Unknown
Franz Holfeld [DE],Unknown
James Lee [UK],Unknown
Elia Perrone [IT],Unknown
Filippo Caputo [IT],Unknown
Aaron Pannell-Cottier [IM],Unknown
Matteo Galanti [UK],Unknown
adam Taylor [UK],Unknown
Alberto marculissi [IT],Unknown
Giorgio Formicola [IT],Unknown
Samuel Collis [UK],Unknown
Tom Pettersson [SE],Unknown
Mateusz Chacus [PL],Unknown
Francisco jose Rodríguez Hernández [ES],Unknown
Davide Antonica [IT],Unknown
Annachiara Rigo [IT],Unknown
Christian Polimeni [IT],Unknown
Maurizio Fazio [IT],Unknown
Stian Karlsen [NO],Unknown
Rahul Reddy [US],Unknown
Miikka Mannerlehto [FI],Unknown
Chris Bowers [UK],Unknown
Oliwier Ambrozy [UK],Unknown
Jimmy Lambourion [FR],Unknown
Karla Emilia Regueira Ortega [CH],Unknown
Juan Jose Sanchez Kwiecień [PL],Unknown
Bela Webster [UK],Unknown
DILIP Vernekar [UK],Unknown
Kamil Manowiec [PL],Unknown
Ladina Domina [CH],Unknown
Davide Invernizzi [UK],Unknown
Mateusz Kumosinski [PL],Unknown
Marcin Nowacki [PL],Unknown
Dan White [UK],Unknown
Melf Jäkel [DE],Unknown
Xander Cruz [AT],Unknown
Andreas Wenk [DE],Unknown
Riccardo Volpato [IT],Unknown
Jorge Ruiz [ES],Unknown
Megan Allington [SE],Unknown
Jesus Villamizar [ES],Unknown
Thianchai Thimmuang [NL],Unknown
Tomasz Mosakowski [PL],Unknown
Rafał Ptok [PL],Unknown
Florian Hermann [DE],Unknown
Matteo Cattaneo [IT],Unknown
Aaron Hopton [UK],Unknown
Matteo Tenan [IT],Unknown
Ole Spahlinger [DE],Unknown
Stefano Buso [IT],Unknown
Zoltán Halász [HU],Unknown
Keld Juhl [DK],Unknown
Tash Williams [UK],Unknown
Enrique Casas [ES],Unknown
Jenny Mainwaring [UK],Unknown
Tsun Hin Chow [PL],Unknown
Paul Tesnow [DE],Unknown
Rafał Rembowski [PL],Unknown
Łukasz Rutkowski [PL],Unknown
Rédha Louafi [FR],Unknown
Gary Kimmelman [UK],Unknown
Agnese Brauna [LV],Unknown
Łukasz Meksiak [PL],Unknown
Kamil Cichostępski [PL],Unknown
Alex Andreichuk [UK],Unknown
Paweł Matlakiewicz [PL],Unknown
Bryan Marwi [NL],Unknown
Dominik Domżalski [PL],Unknown
Kai Davies [UK],Unknown
Alexander Nazemi [UK],Unknown
Mees Brenninkmeijer [NL],Unknown
Pyry Heiskanen [FI],Unknown
Samuele Rosate [IT],Unknown
Christian Burton [UK],Unknown
Adam Booth [UK],Unknown
Carlo Bellello [IT],Unknown
Pia Schmidt [DE],Unknown
Dan Coyne [UK],Unknown
Grzegorz Gojska [PL],Unknown
Dawid Litka [PL],Unknown
Mirco La Ferrara [IT],Unknown
Marta Pietrzak [PL],Unknown
Sebastian Wilk [PL],Unknown
Jason Resto [US],Unknown
Paweł Rekus [PL],Unknown
Ben Roose [UK],Unknown
Jakub Grzesiak [PL],Unknown
Tomás Santos [PT],Unknown
Jasmine Dickinson [UK],Unknown
Michael Niska [SE],Unknown
[ST9] Jamie Turner [UK],Unknown
Marcin Wilczek [PL],Unknown
Darren Stephenson [UK],Unknown
Nick Griskov [NL],Unknown
Omar Mahmood [UK],Unknown
Quinten Van Bever [BE],Unknown
Marek Noga [PL],Unknown
Michael Cornwall [UK],Unknown
Marcin Kasperski [PL],Unknown
Priya H [UK],Unknown
antonio marrone [IT],Unknown
Mėta Paškelytė [LT],Unknown
Dino Mehmedovic [DE],Unknown
Aleš Tič [SI],Unknown
Katarzyna Łaniecka [PL],Unknown
Matthew MacKay [MT],Unknown
Laurynas Endriekus [LT],Unknown
Teddy Vataire [FR],Unknown
Andreas Nordeng [NO],Unknown
Thomas MORGANT [FR],Unknown
Mikołaj Topolski [PL],Unknown
Vasilis Kallias [GR],Unknown
Marcin Maślak [PL],Unknown
Damian Gregorczuk [PL],Unknown
James Pilkington [UK],Unknown
Hugo Paulsen [FI],Unknown
Yuchen Qiu [DE],Unknown
Aigar Lipins [LV],Unknown
Nikolaj Busow [DE],Unknown
Annie Cheyenne Fischer [DE],Unknown
Thomas Launay [FR],Unknown
Bastian Sievert [DE],Unknown
Mox Mckimm [UK],Unknown
Katy Gardner [UK],Unknown
Florian Nehmer [DE],Unknown
Antoine Lestarquis [FR],Unknown
Szymon Domżalski [PL],Unknown
Michele Zattera [IT],Unknown
Bartosz Wdowiak [PL],Unknown
Alexis Molineau [FR],Unknown
Martyna Gralak [PL],Unknown
Aidan Kirk [UK],Unknown
José Vieira [PT],Unknown
Tobias Schütz [DE],Unknown
Joan Manuel Carbonell Acuña [ES],Unknown
Kostas Tektonidis [GR],Unknown
Sophie Prudhomme [FR],Unknown
Tim Hinz [DE],Unknown
Tobias Niedziella [DE],Unknown
Daan Kort [NL],Unknown
Michał Maślanka [PL],Unknown
Chris-Harry Finch [DE],Unknown
Adrian Paletko [PL],Unknown
Benjamin Martinsen [NO],Unknown
Lukas Qi [AT],Unknown
Jack Chambers [UK],Unknown
Mike Sprague [NO],Unknown
Bogumił Justyna [PL],Unknown
Tad Hansen [UK],Unknown
Eryk Mordzak [PL],Unknown
Chris Dubelt [UK],Unknown
Georgios Karapiperis [GR],Unknown
Rafal Blumkowski [PL],Unknown
Filip Zieliński [PL],Unknown
Luke Baumforth [UK],Unknown
Adam Tobór [PL],Unknown
Katarzyna Śpik [PL],Unknown
Giulia Duchich [IT],Unknown
Eric Pujol [FR],Unknown
Mateusz Śpik [PL],Unknown
carl hepple [UK],Unknown
Bahadir Oncel [NL],Unknown
Milgintė Jurkevičiūtė [LT],Unknown
Chris Carne [UK],Unknown
Adam Gulmantowicz [PL],Unknown
Konstantin Richter [DE],Unknown
Pedro Villarreal Paúl [ES],Unknown
Tracey-Charleen Fietz [DE],Unknown
Olgierd Wasilewski [PL],Unknown
Dennis Wendt [DE],Unknown
Jakub Dębiec [PL],Unknown
Patryk Brzezinski [PL],Unknown
Luca Garattini [IT],Unknown
Julia Mars [DE],Unknown
Philip White [UK],Unknown
Eva Scharntke [DE],Unknown
Noemi Frasnelli [AT],Unknown
Friedrich Illbruck [DE],Unknown
Paweł Piotrewicz [PL],Unknown
Thomas Karg [DE],Unknown
Lukas Šimkus [LT],Unknown
Hubert Skubel [PL],Unknown
Nicolas Zetka [AT],Unknown
Harald André Berge [NO],Unknown
Aysenur Yikilmazsoy [DE],Unknown
Christos Papaioannou [GR],Unknown
Alexis Dordevic [DE],Unknown
valerio puccio [IT],Unknown
Rob Aldridge [UK],Unknown
Tadeáš Chaloupka [CZ],Unknown
Mateusz Nowacki [PL],Unknown
Niklas Domnik [DE],Unknown
Andrea Fanti [IT],Unknown
Manuel Pérez Gómez [ES],Unknown
Patryk Szczeciński [PL],Unknown
Seth Trudeau [NL],Unknown
Oldřich Franc [CZ],Unknown
Joe Ray Gregory [DE],Unknown
Nils Harbich [DE],Unknown
Piotr Kopacz [PL],Unknown
Joel Nadler [DE],Unknown
Antony Butorin [DE],Unknown
Paweł Czapiewski [PL],Unknown
Federico Rossi [IT],Unknown
bastian dyas [DE],Unknown
Quy Duc Dao [DE],Unknown
Žiga Čadež [SI],Unknown
Marius Hinderberger [DE],Unknown
Roman Meixner [AT],Unknown
JEAN MEUNIER [FR],Unknown
Malik Hisyam Zaihan [IE],Unknown
Benjamin Kraus [AT],Unknown
Ross Wild [UK],Unknown
Stefan Wolf [DE],Unknown
Anna-Sophie Rauch [AT],Unknown
Senad Insanić [CZ],Unknown
Leighton Searcy [UK],Unknown
Giacomo Tiraboschi [IT],Unknown
Thomas Ducrot [FR],Unknown
Cameron Hand [US],Unknown
Stephan de Veen [DE],Unknown
Timur Yusuf [UK],Unknown
Saskia Michele Berg [DE],Unknown
giovanni rossi [IT],Unknown
Ryan Lindsay [UK],Unknown
Owen Waghorn [UK],Unknown
Jack McCarthy [IE],Unknown
Joshua Horne [UK],Unknown
IOANNIS PAPAIOANNOU [GR],Unknown
Roope Lehtinen [FI],Unknown
Aron Wright [SE],Unknown
James Hathaway [UK],Unknown
Barbaros Büyükcakir [DE],Unknown
Kim-Kevin Pajonk [DE],Unknown
Vladis Baranovskis [IE],Unknown
Sara Arrigotti [IT],Unknown
ZHENG DONG HU [SI],Unknown
Julian Gabor [DE],Unknown
Jakub Przysucha [PL],Unknown
Artūrs Venckus [LV],Unknown
Jan Windisch [AT],Unknown
Mateusz Mikulski [IT],Unknown
Christian Münch [DE],Unknown
Greg Bonnafoux [FR],Unknown
Anthony Tutu [DE],Unknown
Mikołaj Wojtczak [PL],Unknown
Miłosz Krysiak [PL],Unknown
Alisa Geiß [DE],Unknown
Francesco Bonotti [IT],Unknown
Riccardo Coviello [IT],Unknown
andrea Zorat [IT],Unknown
Vjeran Brodar [HR],Unknown
José Carlos Peinado Laguna [ES],Unknown
