Yerco Valencia [CL],Lugia Archeops
Giovanny Sasso [BR],Terapagos Dusknoir
Alejandro Luciano Eijo [BR],Klawf Terapagos
João Requena [BR],Terapagos Dusknoir
Matias Matricardi [AR],Iron Thorns ex
Carlos Medina Astete [PE],Snorlax Stall
Rafael Yuiti [BR],Charizard Pidgeot
Antonio Jardim [BR],Raging Bolt Ogerpon
Nicolas Galaz [CL],Terapagos Dusknoir
Fabrizio Inga Silva [PE],Raging Bolt Ogerpon
Andres Lostaunau [PE],Roaring Moon ex
Thiago Giovannetti [BR],Palkia
gustavo wada [BR],Regidrago VSTAR
Laura Braga [BR],Regidrago VSTAR
Augusto Beringuer [BR],Iron Thorns ex
Douglas Borges [BR],Pidgeot Control
Marco Cifuentes [CL],Dragapult Pidgeot
João Pedro Medeiros Zambrano [BR],Regidrago VSTAR
Manuel González [CL],Charizard Pidgeot
Bastian Silva [CL],Dragapult Dusknoir
Henrique Bonenti [BR],Lugia Archeops
Isaac Salazar [CL],Raging Bolt Ogerpon
Caio Pires [BR],Iron Thorns ex
Jonathan Fabrizio Bellucci Lanciano [AR],Pidgeot Control
alex douglas pereira junior [BR],Raging Bolt Ogerpon
Gabriel Massaroth [BR],Lugia Archeops
Guilherme Bonow Oliveira [BR],Iron Thorns ex
Juan Jose Pomoli Fabregas [UY],Charizard Pidgeot
marcelo almeida [BR],Iron Thorns ex
eric da silva oliveira [BR],Regidrago VSTAR
João Paulo Sênida [BR],Charizard Pidgeot
felipe william [BR],Snorlax Stall
William Azevedo [BR],Terapagos Dusknoir
Jhonattan Nascimento [BR],Raging Bolt Ogerpon
Victor Hugo Sampa Hamaguti [BR],Terapagos Dusknoir
Murilo Mercadante [BR],Regidrago VSTAR
Flavio Henriques Soares [BR],Raging Bolt Ogerpon
Vinicius Augusto Gomes [BR],Charizard Pidgeot
adilson junior [BR],Other
Daniel Balbinot [BR],Regidrago VSTAR
Lucas Badaracco [BR],Terapagos Dusknoir
Gabriel Monzani Tavares [BR],Roaring Moon ex
victor muñoz [CL],Lugia Archeops
Lucas Pedrosa [BR],Klawf Terapagos
Alejo Salvador [AR],Snorlax Stall
Ryan Wesley da Costa [BR],Charizard Pidgeot
Pedro Turra [BR],Dragapult Pidgeot
Guilherme Cazzonato [BR],Charizard Pidgeot
Diego Cassiraga [AR],Raging Bolt Ogerpon
Júlio César Crusaro [BR],Charizard Pidgeot
Henrique de Almeida Scabbia [BR],Snorlax Stall
Júnio Fernandes [BR],Raging Bolt Ogerpon
WELLINGTON ZOOBI [BR],Snorlax Stall
Gabriel Isaac da Silva [BR],Charizard Pidgeot
Bruno Oswaldo Bertozzi Oliveira [BR],Snorlax Stall
JEFFERSON SOUZA [BR],Palkia
Eduardo Molina [CL],Unknown
Martín Piquerez [UY],Unknown
Lucas Yuji [BR],Unknown
Raul Chan [CL],Unknown
Nelson Barros [BR],Unknown
Lucas Zaniboni [BR],Unknown
Francisco Osorio [CL],Unknown
BIL OLIVEIRA [BR],Unknown
gabriel land [BR],Unknown
Paulo Gouveia de Freitas [BR],Unknown
José Iuri Brito [BR],Unknown
William Almeida Proença [BR],Unknown
heitor duperron [BR],Unknown
Edwin Rodriguez [BR],Unknown
Gabriel Ienaga [BR],Unknown
fabio cozzolino [BR],Unknown
Lucas Matheus [BR],Unknown
Gustavo Serafim [BR],Unknown
Rafael Breanza [BR],Unknown
Anderson Proscholdt [BR],Unknown
Kaio César Silva [BR],Unknown
Lucas Jordão [BR],Unknown
Sheldon Kuppan [ZA],Unknown
JORGE DA SILVA VIEIRA [BR],Unknown
Pedro Daher [BR],Unknown
Arthur Mesquita [BR],Unknown
Thiago Silva [BR],Unknown
Raphael Gonçalves [BR],Unknown
Victor Freitas [BR],Unknown
Lucas Ricardo Mazziero Botelho [BR],Unknown
Fernando Lopez [CL],Unknown
Heitor Duarte [BR],Unknown
Vinícius fernandez [BR],Unknown
Felipe Beraldo [BR],Unknown
Gustavo Schefer [BR],Unknown
Nahuel Avalos [AR],Unknown
Pedro Librelato [BR],Unknown
Andrew Ariel dias [BR],Unknown
Rodrigo Torres [BR],Unknown
Leonardo Walbrinch [BR],Unknown
BRUNO PARTALA [BR],Unknown
Fellipe Da Costa [BR],Unknown
Luccas Teves [BR],Unknown
Ingrid Paiva dos Santos [BR],Unknown
Emanuel Diogo [AR],Unknown
Yoanis Kovelis [BR],Unknown
Anthony Ribeiro [BR],Unknown
Nuno Farias [BR],Unknown
Ian Fukuda [BR],Unknown
Abelardo Fukasawa [BR],Unknown
Gabriel Kreusch [BR],Unknown
Kristyan Patrick [BR],Unknown
Marco Antônio Silva de Macedo Mota [BR],Unknown
Davi Gonçalves de Pontes [BR],Unknown
Ricardo Pereira Celebroni [BR],Unknown
andres estefano gajardo lopehandia [CL],Unknown
Pedro Henrique Alves [BR],Unknown
Damian Gabriel Riquel [AR],Unknown
Jose Maria Zilli Silva Junior [BR],Unknown
Luis Pedro Ferrari Esbadalate [BR],Unknown
Lucas Splendor Abujanra [BR],Unknown
João Vitor De Sá Medeiros Santos [BR],Unknown
João Zago [BR],Unknown
Leandro Fernandes [BR],Unknown
Juan Martín Bravo [AR],Unknown
Danilo Castro de Assis [BR],Unknown
Ricardo Miranda [CL],Unknown
Bruno Alves Arruda [BR],Unknown
Patricia Gonzalez Walsh [AR],Unknown
Pedro Bandeira [BR],Unknown
Esteban O’Compley [CL],Unknown
Dalton Acchetta [BR],Unknown
Alex Silva [BR],Unknown
Xavier Veiga [CL],Unknown
Juan Andree [CL],Unknown
FELIPE GUILHERME PASSARELLI DE OLIVEIRA [BR],Unknown
Felipe Favero [BR],Unknown
Jefferson Bandeira da Silva [BR],Unknown
Nicolas Buczak [AR],Unknown
Victor Coutinho [BR],Unknown
Eduardo Stockler Bomfim [BR],Unknown
Matheus Franca [BR],Unknown
Thales Salvador Ramos [BR],Unknown
Claudio Ferla [BR],Unknown
Christian Badenas [AR],Unknown
Diego Falqui [BR],Unknown
Andrey Nogueira [BR],Unknown
Thalys Rosa [BR],Unknown
Damian Fernandez Urroz [AR],Unknown
Gabriel Roide [BR],Unknown
Christopher H. Melgar [AR],Unknown
Patrick Müller [BR],Unknown
Lucas Keiji Hori Rosa [BR],Unknown
Lucca Machado [BR],Unknown
Jean Araujo [BR],Unknown
Daniel Velazquez [BR],Unknown
Raissa Arruda [BR],Unknown
Kaio Marques [BR],Unknown
Carlos Sepúlveda [CL],Unknown
Christian Martins [BR],Unknown
João Vitor Rossi Valerio [BR],Unknown
Enio Netto [BR],Unknown
Antônio Cardoso [BR],Unknown
Joao Gabriel Neves [BR],Unknown
Pedro Paulo Zeuli Rio [BR],Unknown
Juan David Cruz [CL],Unknown
Giovani Lopes [BR],Unknown
Guilherme Lessa [BR],Unknown
Marcelo Pacaje [CL],Unknown
Vitor Padovani [BR],Unknown
Thiago Burda Mayer [BR],Unknown
Ronaldo Takata [BR],Unknown
Raul Barahona [CL],Unknown
Zheng Liang [CL],Unknown
Antonio Vaz,Unknown
Eduardo Nascimento [BR],Unknown
Diego Sakata [BR],Unknown
Leonardo Fernandez da Silva [AR],Unknown
Marcelo Guarita [BR],Unknown
Eduardo Romanelli [BR],Unknown
Rafael Magalhães [BR],Unknown
Artur Santos [BR],Unknown
Renato Padua Jr [BR],Unknown
Kaue Sales [BR],Unknown
FILIPE SANTOS [BR],Unknown
STOESSEL JUNIOR [BR],Unknown
DIEGO BIANCHI [BR],Unknown
Gabriel Pino Semedo [BR],Unknown
Martin Callegari [AR],Unknown
Carlos Lopes [BR],Unknown
Henrique Rodrigues [BR],Unknown
Cauan Oliveira [BR],Unknown
Diogo Padovesi Oliva [BR],Unknown
Sergio Junior [BR],Unknown
facundo facio [AR],Unknown
Diogo Souza [BR],Unknown
Gabriel Silva [BR],Unknown
Miguel Angel Linares [PE],Unknown
Ricardo Vilela [BR],Unknown
Philippe Luiz Lima Moreira Pinto [BR],Unknown
Felipe Carvalho [BR],Unknown
Guilherme Moreira [BR],Unknown
Bruno Souza [BR],Unknown
Pedro Thiesen Schiochet [BR],Unknown
Attilio Pagotto [BR],Unknown
Victor hugo Pasqualino de Carvalho [BR],Unknown
Maurício Pereira [BR],Unknown
Luiza Back [BR],Unknown
Leonardo Danna [BR],Unknown
André Miranda [BR],Unknown
Rafael Prado [BR],Unknown
Agustin Perkins [AR],Unknown
Fernando Cifuentes [CL],Unknown
Jorge Salas [CL],Unknown
Luiz Borges [BR],Unknown
Anderson Araújo [BR],Unknown
Nelson Mastrangelo albertoni [BR],Unknown
Renata Pacheco [BR],Unknown
Vitor Lugon Cacciari Martinelli [BR],Unknown
Felipe garcia [BR],Unknown
bruno pereira [BR],Unknown
Otavio Gouveia [BR],Unknown
Thalles Leite [BR],Unknown
Cauã Segundo [BR],Unknown
TIAGO ROCHA GOMES [BR],Unknown
Augusto Souza [BR],Unknown
Sebastian Arias [CL],Unknown
Murilo Ricardo Gelinski [BR],Unknown
"Gabriel ""Zen"" Henrique [BR]",Unknown
Cesar Hoffmann [BR],Unknown
Thales Andrade [BR],Unknown
Diego Barbosa [BR],Unknown
Lucas Fonseca [BR],Unknown
Francisco Toloza [CL],Unknown
Andrei Imada [BR],Unknown
Lucas Paglia [BR],Unknown
Vinicius Ximenes [BR],Unknown
Luciano Reis [BR],Unknown
Vinícius Kinceler [BR],Unknown
Ycaro Dos Santos Della Libera [BR],Unknown
Raul Bratti [BR],Unknown
Thiago Sant Helena [BR],Unknown
Hamilton Viveiros [BR],Unknown
Alexandre Godoi de Melo [BR],Unknown
Daniela Bispo de Araujo Lima [BR],Unknown
Gustavo Ignacio Villarroel Ramirez [CL],Unknown
Henrique Lasso [BR],Unknown
Bruno Watanabe [BR],Unknown
Paulo Gustavo Schmidt [BR],Unknown
HUGO SUANNO [BR],Unknown
Matías Martini [CL],Unknown
wilsonn molina [CL],Unknown
Leonardo Nascimento [BR],Unknown
Luiz Claudio Rios Pecoraro Junior [BR],Unknown
THIERRY BADER [BR],Unknown
Yuri Bezerra [BR],Unknown
Gonzalo Zamorano [CL],Unknown
Jessica Brizzante Dias [BR],Unknown
Leonardo Braga [BR],Unknown
Diego Viamonte [BR],Unknown
victor alejandro Rojo Cutipa [CL],Unknown
Marcos Morais [BR],Unknown
Gabriel Veloso [BR],Unknown
BRUNO LIMA [BR],Unknown
Kaynã Lima [BR],Unknown
Lisa Yui Taguchi [BR],Unknown
Leonardo Souza [BR],Unknown
Li Yiu Kang [BR],Unknown
Thiago Bolfoni de Siqueira [BR],Unknown
Joan Araujo [BR],Unknown
Nicolas Volpi (SrLagaLaga) [BR],Unknown
Marcelo Antonio Turra [BR],Unknown
Nikolas Sales [BR],Unknown
Vinicius Silva [BR],Unknown
Gustavo Suffredini Oka [BR],Unknown
Pedro Henrique Neves Raupp [BR],Unknown
Vinicius Correia [BR],Unknown
Denis Cesar [BR],Unknown
Pedro Zanetti [BR],Unknown
Lucas de Oliveira Puppin [BR],Unknown
Maria Amaral [BR],Unknown
Gabriel Moreira Martins [BR],Unknown
Giovani Vargas Rechia [BR],Unknown
Vinicius Rodrigues Cúrcio [BR],Unknown
Victor Breanza,Unknown
Matheus Oliveira [BR],Unknown
Cauã Rafael [BR],Unknown
Carlos Eduardo da Silva Crisotvan Miguel [BR],Unknown
Thiago Lippel de Araujo [BR],Unknown
Arthur Sossai Silva [BR],Unknown
Lucas Toniazzo [BR],Unknown
Lucas José Pereira Marquesani [BR],Unknown
Guilherme Dattein [BR],Unknown
Ribamar José Bassan Filho [BR],Unknown
Daniella De Moura Fernandes Trindade [BR],Unknown
Guilherme Henrique [BR],Unknown
Felipe Herrera [CL],Unknown
Matheus Arilton da Silva Ribak [BR],Unknown
Marcelo Cansian [BR],Unknown
Facundo Alejandro Dell'Anna Agopian [AR],Unknown
Tiago Dias [BR],Unknown
Jean Pietro Carvalho dos Santos [BR],Unknown
PEDRO GIOVANNETTI MARQUES RICARDO [BR],Unknown
DANIEL MARCOS [BR],Unknown
Samuel Martins [BR],Unknown
Maria Luiza Pereira [BR],Unknown
Tulio Leonardo [BR],Unknown
Luiz Cosme Puppin Magalhaes [BR],Unknown
Erick Fava dos Reis Figueiredo Dias [BR],Unknown
Lucas Maiola [BR],Unknown
Ândrez Zimmermann [BR],Unknown
Felipe Herrera [BR],Unknown
Marllon Felipe [BR],Unknown
Lucas Eduardo [BR],Unknown
Douglas Torgo Fabretti [BR],Unknown
Jonathan Klein [BR],Unknown
Adriano Mazzarolo [BR],Unknown
Marco Cifuentes D [CL],Unknown
Vitor Hugo Omotto [BR],Unknown
Werick Santos [BR],Unknown
Bruno Diniz [BR],Unknown
Endrews Oliveira [BR],Unknown
Bruno De Lucena [BR],Unknown
Jorge San Roman [CL],Unknown
Paolo Aguilera [CL],Unknown
Danilo Carrasco [CL],Unknown
Mariana Henriques [BR],Unknown
Thiago Bisewski [BR],Unknown
Elvis Irie [BR],Unknown
Lucas Caique de Lima [BR],Unknown
Laura Webber Alves [BR],Unknown
Lucas Reis [BR],Unknown
Hugo Nacib Ribeiro de Paula [BR],Unknown
Luis Carlos Vieira Buechele [BR],Unknown
Rafael Ucha [BR],Unknown
Marco Garcia [BR],Unknown
William Weise [BR],Unknown
Luciano Pinheiro [BR],Unknown
Fernando Tagliapietra [BR],Unknown
Adriano Cesário Pereira [BR],Unknown
Gabriel Reis [BR],Unknown
Mariano Nizzero [AR],Unknown
Dylan Darolt [BR],Unknown
Nicholas Macionk [BR],Unknown
Marlon Luis Aver [BR],Unknown
Ariel Oliveira [BR],Unknown
Gaston Kitela [AR],Unknown
Enzo Mosso Carneiro [BR],Unknown
Johann popper [BR],Unknown
Gabriel Moreno [BR],Unknown
Roberto Matos [BR],Unknown
Matheus Lima [BR],Unknown
Pedro Henrique Hage Bonicontro [BR],Unknown
Lucas Guimarães Tanaka [BR],Unknown
João Vitor Munhak [BR],Unknown
Guilherme Girola [BR],Unknown
Fernando Campista [BR],Unknown
Caio Costa [BR],Unknown
nicolas hurtado [CL],Unknown
Juliana Alves Marques [BR],Unknown
HENRIQUE CAMISOTTI CARVALHO [BR],Unknown
ANDRE CABRAL [BR],Unknown
Dannyelson Cirico Vieira [BR],Unknown
Heitor Oliveira [BR],Unknown
Alexandre Schiller [BR],Unknown
Kamily Stefani [BR],Unknown
JOSE GUILHERME DA SILVA [BR],Unknown
Maurício Negoseki [BR],Unknown
Vinicius Pedro da Silveira [BR],Unknown
Carolina Souza [BR],Unknown
Thiago Pilotto [BR],Unknown
Gustavo Mariano [BR],Unknown
Pedro Messias [BR],Unknown
Everton Herber [BR],Unknown
FELIPE MOREIRA [BR],Unknown
Giulia Ayumi [BR],Unknown
Gilson Sartori [BR],Unknown
Renan Fiorani [BR],Unknown
Gaston Bortolin [AR],Unknown
Gabriel Luiz Borghetti [BR],Unknown
Vicente (MoeHawk) Canales-Loyola [PY],Unknown
Thomas Burmeister Silva [BR],Unknown
Gustavo Muzell [BR],Unknown
Rodolfo Violla [BR],Unknown
Hermano jose Santos duarte [BR],Unknown
Guilherme Amaral [BR],Unknown
Filipe Almeida [BR],Unknown
Matheus Kumm Cabane Oliveira [BR],Unknown
Igor Lacerda Costa [BR],Unknown
Leandro Rodrigues Vieira [BR],Unknown
rogerio bombardelli [BR],Unknown
Rodrigo Miranda [BR],Unknown
Gabriel Marinho [BR],Unknown
Marcel Fernandes [BR],Unknown
Daniel Corazzari [BR],Unknown
Otaner Demarchi [BR],Unknown
Valentin Macedo [AR],Unknown
Alexsandro de Medina [BR],Unknown
Victor Carreira Rodrigues [PT],Unknown
MATHEUS ROCHA [BR],Unknown
Guilherme Pedroso [BR],Unknown
> T313 Guilherme Elmec [BR],Unknown
Arthur Roberto Bergmann [BR],Unknown
João Henrique Cegielski [BR],Unknown
DOUGLAS MAIOLA [BR],Unknown
pedro vieira [BR],Unknown
Guilherme Bulhmann [BR],Unknown
Pedro Lacerda [BR],Unknown
Gabriel Pacheco [BR],Unknown
Fabio Yukio Watanabe [BR],Unknown
Heriberto da Silva Neto [BR],Unknown
João Luiz Jacinto [BR],Unknown
Gabriel Santos [BR],Unknown
Cristofer Lima [BR],Unknown
Francisco Arcos [CL],Unknown
Leonardo Tomé [BR],Unknown
Charles Eduardo Figueiredo [BR],Unknown
Rafael Andreata Charello [BR],Unknown
Fernando Gonçalves [BR],Unknown
Ian Guimarães [BR],Unknown
Theo Miyashiro Lanfranchi [BR],Unknown
Eduardo Battendieri [BR],Unknown
Luis Bañon [PE],Unknown
Carlos Frossard [BR],Unknown
Bruno Rocha [BR],Unknown
Rodrigo Hiratsuka [BR],Unknown
Gustavo Nart [BR],Unknown
Vinícius Dias [BR],Unknown
Felipe Oriente [BR],Unknown
Yago Teixeia [BR],Unknown
Rodrigo Ciulla [BR],Unknown
Fernando Aboriham [BR],Unknown
Kaio Arruda [BR],Unknown
Carlos Renato Floriani [BR],Unknown
Jucieny Dantas [BR],Unknown
Rudgery Tiago Vicentin [BR],Unknown
> 317 Diego Enrique da Silva,Unknown
Pedro Spitzner [BR],Unknown
Benjamin Ferrel [CL],Unknown
Phelipe Diogo Gagliardo [BR],Unknown
Vitoria Mialski [BR],Unknown
Igor Marques de Castro [BR],Unknown
William Benicio Lacerda [BR],Unknown
Ian Nogueira [BR],Unknown
Alexandre Carbonar [BR],Unknown
Matheus Mazzolli Wilbrantz [BR],Unknown
Brian lehi de Almeida [BR],Unknown
vitor soares [BR],Unknown
Henrique Carbonar [BR],Unknown
Danilo Santucci [BR],Unknown
Williams Garrido [CL],Unknown
Henrique Blézins [BR],Unknown
Airton Brandt Junior [BR],Unknown
Augusto Cesar Macolla Bazan [BR],Unknown
Diana Freitas [BR],Unknown
Guilherme Ito [BR],Unknown
Bruno Firriolo [IT],Unknown
Rodrigo Coltro [BR],Unknown
Daniel Barbosa [BR],Unknown
Luiza Batista [BR],Unknown
Francielle Bolsok [BR],Unknown
João Paulo da Silva [BR],Unknown
HENRIQUE YABUSHITA [BR],Unknown
Paulo Gabriel Heity Mori da Silva [BR],Unknown
Lucas Daros [BR],Unknown
Júlia Casagranda [BR],Unknown
Diego Silva [BR],Unknown
Waldir Rodrigues Junior [BR],Unknown
> 316 Alana Nogueira [BR],Unknown
Ricardo Balbinot [BR],Unknown
João Pedro [BR],Unknown
Luiz Gustavo Bianchi [BR],Unknown
Fernando Maia Noronha [BR],Unknown
Julia Stopassola e Moura [BR],Unknown
Marcio Eduardo da Silva [BR],Unknown
Arthur Coelho de Oliveira Neto [BR],Unknown
Felipe Possamai [BR],Unknown
Juliano Souza [BR],Unknown
Douglas Veleda [BR],Unknown
Marina Sabatke [BR],Unknown
Nicolas Beck [BR],Unknown
Christian Samagaia [BR],Unknown
Daniel Souza [BR],Unknown
Gedson Ferreira [BR],Unknown
Diogo Nogueira [BR],Unknown
Alceu Krausburg [BR],Unknown
Lucas Graff [BR],Unknown
Hanako Misuki Taguchi [BR],Unknown
Matheus Calegari [BR],Unknown
Letícia Pavan Botelho [BR],Unknown
RENAN KINTOPP [BR],Unknown
Pedro Klein [BR],Unknown
Rafael Oliveira [BR],Unknown
Guilherme Munegato [BR],Unknown
Hendriu Colombo da Silva [BR],Unknown
thiago elison ribeiro [BR],Unknown
Carlos Demetrio Rocha Ponte [BR],Unknown
Renan Rudney [BR],Unknown
Jhonatan Silva [BR],Unknown
Mikael Marques [BR],Unknown
Rafael Figueira [BR],Unknown
Jean Junior [BR],Unknown
Felipe Souza [BR],Unknown
SAMIR NETO [BR],Unknown
Arthur Finardi de Souza e Silva [BR],Unknown
Ricardo Hille [BR],Unknown
Felipe José da Silva [BR],Unknown
Filipe da Rocha Cardoso [BR],Unknown
Gabriel Ferreira [BR],Unknown
Thiago Kienbaum [BR],Unknown
Raphael Oliveira Cruz [BR],Unknown
Matheus Gustavo Alves Sasso [BR],Unknown
Rodolfo Ferreira [BR],Unknown
Ozane Batista soares [BR],Unknown
Geison Laureano [BR],Unknown
carlos bonato [BR],Unknown
Raul Neto [BR],Unknown
Luiz Fernando [BR],Unknown
Mario Alves [BR],Unknown
Gabriel Carvalho [BR],Unknown
Alice Prebianca [BR],Unknown
Felipe Goulart [BR],Unknown
Pedro Side [BR],Unknown
Arthur Angelo Kirsten [BR],Unknown
Luiz Carrion [BR],Unknown
Diego Franche [BR],Unknown
Soly Waltrick Antunes Neto [BR],Unknown
Carlos Barros [BR],Unknown
Marlon Callonti [BR],Unknown
Pedro Henrique Guatura Darlan [BR],Unknown
Mario Cesar Destro [BR],Unknown
Patrick Sava [BR],Unknown
Lucas Santos [BR],Unknown
Bruno Gabriel [BR],Unknown
Leandro Villanova Oliveira [BR],Unknown
> 314 ricardo kuttert [BR],Unknown
Felipe Florencio de Oliveira [BR],Unknown
Matheus Rocha [BR],Unknown
Abner Brito [BR],Unknown
Alex Ikezili [BR],Unknown
Brayan Ramos [CL],Unknown
Fernando Mantovani [BR],Unknown
Diego dos Santos Machado [BR],Unknown
Natália Cristina Christoff [BR],Unknown
Gustavo Firmiano [BR],Unknown
Arthur Aurélio Bernardes [BR],Unknown
Daniela Midori Furusio Gallardo [BR],Unknown
wefferson silva [BR],Unknown
Camila Pastro [BR],Unknown
Sandro Rodrigues [BR],Unknown
Leonardo Barbosa Alves [BR],Unknown
Eduardo Oliveira [BR],Unknown
Hélen Carolina de Oliveira [BR],Unknown
Gustavo Bedendo [BR],Unknown
Igor Donini [BR],Unknown
Gustavo Roberto Camargo de Araújo [BR],Unknown
Rithyan G De araujo [BR],Unknown
Daniel Peixoto [BR],Unknown
Gustavo Procopio [BR],Unknown
Eron Felipe Biz Betta Moggio [BR],Unknown
Yasmin Cipelli [BR],Unknown
Pedro Fogaça [BR],Unknown
Vinicius Guilherme Vaz Leitão [BR],Unknown
Tiago Fernandes [BR],Unknown
Stefano Pegorini [BR],Unknown
Victoria Felix [BR],Unknown
Jackson Soares [BR],Unknown
Luis Gonzalez [CL],Unknown
João Pedro do Couto Caetano [BR],Unknown
Henrique Batista [BR],Unknown
Mariana Barreto [BR],Unknown
Jéssica Targino [BR],Unknown
RENAN RODRIGUES [BR],Unknown
> 315 Talissa Silva [BR],Unknown
Saulo Viero [BR],Unknown
Fábio Augusto Marcello [BR],Unknown
GABRIEL FREUA [BR],Unknown
Luisa Rossetto [BR],Unknown
Vitor Souza [BR],Unknown
Wagner Zwirtes [BR],Unknown
Cristiano Silva,Unknown
