miloslav posledni [CZ],Regidrago VSTAR
Brent Tonisson [AU],Regidrago VSTAR
ILYA KORNILOV [FI],Gholdengo ex
Daniel Magda [CZ],Regidrago VSTAR
Jackson Ford [CA],Charizard Pidgeot
Rose Gregson [UK],Gardevoir ex
Austin Ellis [CA],Terapagos Dusknoir
Raz Wolpe [IL],Regidrago VSTAR
Julius Brunfeldt [FI],Regidrago VSTAR
Rafael Yuiti [BR],Charizard Pidgeot
Leonardo Walbrinch [BR],Iron Thorns ex
Rune Heiremans [BE],Regidrago VSTAR
Damian Gabriel Riquel [AR],Klawf Terapagos
Andres Lostaunau [PE],Roaring Moon ex
Carlos Sepúlveda [CL],Charizard Pidgeot
Vitor Lugon Cacciari Martinelli [BR],Charizard Pidgeot
Isaiah Bradner [US],Terapagos Dusknoir
Fabrizio Inga Silva [PE],Lost Zone Box
Gabriel Smart [US],Terapagos Dusknoir
Henry Chao [US],Gardevoir ex
Otavio Gouveia [BR],Regidrago VSTAR
Christian Fontenot [DK],Other
Jesus Rodriguez [PE],Regidrago VSTAR
Pedro Pertusi [BR],Charizard Pidgeot
Alex Schemanske [US],Other
Benny Billinger [CA],Gardevoir ex
Jose Zelaya [US],Other
Matthew Burris [AU],Regidrago VSTAR
Nathian Beck [US],Raging Bolt Ogerpon
Eder Jarillo [MX],Lugia Archeops
Felipe Solís [CL],Dragapult Dusknoir
Tim Franklin [AU],Regidrago VSTAR
Alberto Conti [IT],Regidrago VSTAR
Ryan Antonucci [US],Charizard Pidgeot
Bruno Barros [BR],Dragapult Dusknoir
Hermanni Hietalahti [FI],Terapagos Dusknoir
Caitlin White [CA],Regidrago VSTAR
Esteban O’Compley [CL],Lugia Archeops
Giovanny Sasso [BR],Klawf Terapagos
Sebastià Casas Mendonça [ES],Dragapult Pidgeot
Shun Takahashi [JP],Regidrago VSTAR
andrea Zorat [IT],Terapagos Dusknoir
Matias Matricardi [AR],Other
Dyego Rathje [BR],Terapagos Dusknoir
Vincent Fatunz [DE],Charizard Pidgeot
Eduardo Romanelli [BR],Lugia Archeops
Jamie Hindley [UK],Gardevoir ex
Alessandro Cremascoli [IT],Other
Adriano Kanazawa [BR],Raging Bolt Ogerpon
Aaron Walker [US],Iron Thorns ex
Simon Trottier-Lacasse [CA],Regidrago VSTAR
Diego Cassiraga [AR],Regidrago VSTAR
Lucas Magalhães [BR],Charizard Pidgeot
Luis Martínez [PE],Banette Gardevoir
Daniel Powell [UK],Lost Zone Box
Simone Canziani [IT],Terapagos Dusknoir
Pedro Henrique Alves [BR],Dragapult Dusknoir
Francisco Osorio [CL],Regidrago VSTAR
Caleb Rogerson [US],Palkia
Brennan Kamerman [NL],Lost Zone Box
Nerses Fatunz [DE],Snorlax Stall
Santiago Iván Rossi [AR],Lugia Archeops
Okada Ryuki [JP],Terapagos Dusknoir
Grant Manley [US],Charizard Pidgeot
Kaiwen Cabbabe [AU],Regidrago VSTAR
andres estefano gajardo lopehandia [CL],Raging Bolt Ogerpon
André Porto [BR],Raging Bolt Ogerpon
blake wray [US],Terapagos Dusknoir
Solomon Shurge [US],Miraidon ex
Gabriel Chighini [AR],Lugia Archeops
Stéphane Ivanoff [FR],Gardevoir ex
Diego Silva [BR],Raging Bolt Ogerpon
Steven Hamula [US],Terapagos Dusknoir
João Requena [BR],Klawf Terapagos
Calvin Connor [US],Terapagos Dusknoir
William Azevedo [BR],Charizard Pidgeot
Jay Cristiano [CA],Other
Konsta Kallama [FI],Lugia Archeops
Austin Lee [US],Gholdengo ex
Yoann Barszezak [FR],Regidrago VSTAR
Vinícius fernandez [BR],Banette Gardevoir
Joshua Salverredy [PE],Regidrago VSTAR
Magnus Pedersen [DK],Banette Gardevoir
Alex Oliveira [BR],Ancient Box
Rahul Reddy [US],Lugia Archeops
Cerys Jones [US],Gardevoir ex
Owyn Kamerman [NL],Palkia
Simon Gajardo [CL],Dragapult Dusknoir
Carlos Gomes [BR],Snorlax Stall
Isaac Alexander Martinez Mendoza [MX],Lugia Archeops
Bruno Oswaldo Bertozzi Oliveira [BR],Snorlax Stall
Xander Pero [US],Raging Bolt Ogerpon
Lucas Xing [CA],Lost Zone Box
Jorge Salas [CL],Terapagos Dusknoir
Aaron Freetos Friedman [US],Raging Bolt Ogerpon
Leandro Fernandes [BR],Charizard Pidgeot
Marco Cifuentes [CL],Lost Zone Box
Kim Pobega [IT],Terapagos Dusknoir
Victor Carreira Rodrigues [BR],Terapagos Dusknoir
Claudio Diaz [CL],Raging Bolt Ogerpon
Nico Gist [US],Terapagos Dusknoir
Angel Aranibar Huamaní [PE],Gardevoir ex
João Paulo Sênida [BR],Charizard Pidgeot
Tulio Freitas [BR],Snorlax Stall
Jefferson Bandeira da Silva [BR],Terapagos Dusknoir
Vignesh Krishnan [AU],Charizard Pidgeot
Ricardo Pereira Celebroni [BR],Raging Bolt Ogerpon
Hector Adrian Pio Robles Sánchez [MX],Klawf Terapagos
Natalio Resa [AR],Regidrago VSTAR
Diego Sakata [BR],Dragapult ex
Joaquin Herrero [AR],Terapagos Dusknoir
Daniel Furucho [BR],Raging Bolt Ogerpon
Laura Braga [BR],Regidrago VSTAR
Ricardo Manuel Gajardo Laubrin [CL],Terapagos Dusknoir
James Cox [NL],Regidrago VSTAR
Thales Tadashi Argelo [PT],Palkia
Tim Vince [CA],Palkia
Michael Davidson [US],Palkia
Gabriel Pino Semedo [BR],Regidrago VSTAR
Enzo Vetorazzo [BR],Gardevoir ex
Jose Santos [BR],Lost Zone Box
Rafael Breanza [BR],Lugia Archeops
Pedro Lacerda [BR],Charizard Pidgeot
Andrew Weiss [US],Raging Bolt Ogerpon
Edwyn Mesman [NL],Terapagos Dusknoir
Cristian Perez Nieves [US],Gardevoir ex
Gustavo Galbes Bassanezi [BR],Charizard Pidgeot
Cory Tangman [US],Raging Bolt Ogerpon
Renzo Zambrano [PE],Charizard Pidgeot
Ulises Pereira [CL],Raging Bolt Ogerpon
Sebastian Arias [CL],Lugia Archeops
Gabriel Eduardo Reiter [BR],Gholdengo ex
Jorge Villar [CL],Klawf Terapagos
Maciej Chojnacki [PL],Raging Bolt Ogerpon
Jorge Nieto [CL],Raging Bolt Ogerpon
Yuri Bezerra [BR],Raging Bolt Ogerpon
Lucas de Carvalho [BR],Raging Bolt Ogerpon
Matías Martini [CL],Raging Bolt Ogerpon
Lucas Caique de Lima [BR],Terapagos Dusknoir
Theo Thadeu Vita Calegari [BR],Klawf Terapagos
Alex Silva [BR],Regidrago VSTAR
Pablo Andres Lippo [AR],Dragapult Dusknoir
André Bernacchi [BR],Lugia Archeops
Henrique de Almeida Scabbia [BR],Snorlax Stall
Benjamin Chang [US],Gardevoir ex
Corey Blankenship [US],Lugia Archeops
Leonardo Danna [BR],Lugia Archeops
Caio Pires [BR],Raging Bolt Ogerpon
Daniel Velazquez [BR],Raging Bolt Ogerpon
Patricio Molina [CL],Dragapult Dusknoir
Felipe Díaz [CL],Dragapult Dusknoir
Hiroshi Takeda [JP],Iron Thorns ex
Alex Frindt [SK],Lugia Archeops
Diego Leyva [PE],Terapagos Dusknoir
SAMUEL ROCHA [BR],Gardevoir ex
Nayara Marina Roca Conderé [BR],Lugia Archeops
Joaquin Orrego [PE],Iron Thorns ex
Shankithan Thevakumar [FR],Iron Thorns ex
Stephen Lowe [US],Snorlax Stall
Gabriel Monzani Tavares [BR],Terapagos Dusknoir
Sebastián Iturra [CL],Ancient Box
Niklaus Christen [CH],Other
Nathaniel Soriano [CL],Palkia
Pedro Bandeira [BR],Raging Bolt Ogerpon
Nicolas Buczak [AR],Terapagos Dusknoir
Lucas Sena Machado [BR],Gholdengo ex
Joshua Frink [US],Other
Alejo Antonio Salvador [AR],Regidrago VSTAR
DC DeVos [US],Lugia Archeops
Charlie Lockyer [US],Raging Bolt Ogerpon
Isaac Salazar [CL],Raging Bolt Ogerpon
Leonardo Braga [BR],Charizard Pidgeot
Miguel Lopez [MX],Raging Bolt Ogerpon
Pedro Librelato [BR],Palkia
Angel Gustavo Martínez López [CL],Lost Zone Box
Diogo Padovesi Oliva [BR],Palkia
Daniel Espinoza [EC],Lugia Archeops
Winston Chiba [BR],Lugia Archeops
Orlando Manque [CL],Terapagos Dusknoir
Bruno Diniz [BR],Regidrago VSTAR
Ryan Ginsburg [US],Other
Pedro Henrique Neves Raupp [BR],Charizard Pidgeot
Adam Kalamat [CA],Gardevoir ex
facundo facio [AR],Other
Dre Alderette [US],Lugia Archeops
Camilo Nilo [CL],Other
tobias basin [AR],Iron Thorns ex
Daniel Balbinot [BR],Regidrago VSTAR
Douglas Borges [BR],Banette Gardevoir
Fabio Spanò [IT],Other
Josue Velasco [US],Lugia Archeops
NATALIE Millar [AU],Regidrago VSTAR
Yan Ferreira Magalhães Pereira de Sousa [BR],Raging Bolt Ogerpon
francisco bottero [EC],Terapagos Dusknoir
Juan Jose Pomoli Fabregas [UY],Charizard Pidgeot
Leonardo Souza [BR],Terapagos Dusknoir
Gabriel Modesto [BR],Terapagos Dusknoir
John Maas [US],Terapagos Dusknoir
Rafael Figueira [BR],Raging Bolt Ogerpon
Jonathan Fabrizio Bellucci Lanciano [AR],Terapagos Dusknoir
Mariano Hernandez [AR],Iron Thorns ex
Samuel Moro Jacques [BR],Lugia Archeops
Daichi Tamai [JP],Regidrago VSTAR
Corey Godfrey [US],Lugia Archeops
I-Chen Lin [US],Lugia Archeops
Corentin METGE [FR],Banette Gardevoir
Rodrigo Gomes [BR],Raging Bolt Ogerpon
Alejandro Luciano Eijo [BR],Klawf Terapagos
Brayan Ramos [CL],Lugia Archeops
miguel angel rojas duk [CL],Lost Zone Box
gabriel arancibia [CL],Dragapult Dusknoir
Thiago Burda Mayer [BR],Lugia Archeops
Rodrigo Melo [BR],Gardevoir ex
Ryan Miller [US],Regidrago VSTAR
David Galvez [CL],Regidrago VSTAR
Christina Korsak [US],Snorlax Stall
Aline Silva [BR],Regidrago VSTAR
Fernando Henry [CL],Gholdengo ex
Miguel Gomez [MX],Raging Bolt Ogerpon
Gonzalo Zamorano [CL],Terapagos Dusknoir
Raul Merino [MX],Raging Bolt Ogerpon
Pedro Costa [BR],Other
José Eduardo da Silva Zambon Junior [BR],Ancient Box
gustavo wada [BR],Terapagos Dusknoir
Jack Moore [CA],Regidrago VSTAR
Sammy Allen [US],Raging Bolt Ogerpon
Erick Dean [BR],Klawf Terapagos
Frankdene Belo [BR],Regidrago VSTAR
Marcos Fidelis [BR],Iron Thorns ex
Walter Jiménez Vallejos [CL],Lugia Archeops
Maximiliano Acuña [CL],Raging Bolt Ogerpon
Deyvide Lima de Melo [BR],Raging Bolt Ogerpon
Jeremy Medina [US],Gardevoir ex
Fernando Maia Noronha [BR],Charizard Pidgeot
Aidan Khus [US],Lost Zone Box
Ana Carolina Xavier da Silva [BR],Gardevoir ex
gabriel beber [BR],Roaring Moon ex
Patricia Gonzalez Walsh [AR],Other
Cauan Oliveira [BR],Charizard Pidgeot
Gabriel Cruz [US],Raging Bolt Ogerpon
Evelyn Estridge [US],Raging Bolt Ogerpon
WELLINGTON ZOOBI [BR],Raging Bolt Ogerpon
Raphael Dantas [BR],Iron Thorns ex
Caio Costa [BR],Regidrago VSTAR
Benjamin Acosta [CL],Terapagos Dusknoir
Renato Marques [BR],Dragapult Dusknoir
Alexandre Padilla Nascimento Filho [BR],Other
Victor Freitas [BR],Regidrago VSTAR
Diego Castillo [CL],Raging Bolt Ogerpon
Patrik Bartošovič [CZ],Lugia Archeops
Oscar Vera [MX],Raging Bolt Ogerpon
Mateo Arboleda [EC],Raging Bolt Ogerpon
Camilo Fernandez [CL],Raging Bolt Ogerpon
Tiago Marins Amaral [BR],Regidrago VSTAR
Lucas Leonardo Pompeo Alves [BR],Other
Gabriel Padinha [BR],Terapagos Dusknoir
Miguel Angel Linares [PE],Raging Bolt Ogerpon
TIAGO ROCHA GOMES [BR],Raging Bolt Ogerpon
Esther Ehrlich [US],Raging Bolt Ogerpon
Lucas Badaracco [BR],Terapagos Dusknoir
Jateen Algu [ZA],Gardevoir ex
Tomas Blei [AR],Terapagos Dusknoir
Christian Cruz [MX],Charizard Pidgeot
Andrew Tucker [US],Lugia Archeops
César González [CL],Terapagos Dusknoir
Lucas Leal Badilla [CL],Terapagos Dusknoir
Sebastian Siegel [CL],Terapagos Dusknoir
Guilherme Banevicius [BR],Iron Thorns ex
Alejandro Herrera Orejuela [CO],Raging Bolt Ogerpon
Andrew Hedrick [US],Regidrago VSTAR
Mitch Hunsucker [US],Miraidon ex
Luccas Teves [BR],Iron Thorns ex
Pedro Eugenio Torres [ES],Regidrago VSTAR
Maxwell Johnson [US],Snorlax Stall
Jerrick Gumila [US],Terapagos Dusknoir
Vitor Padovani [BR],Terapagos Dusknoir
Jesper S.H Eriksen [DK],Lost Zone Box
Nicholas Moffitt [US],Raging Bolt Ogerpon
Paulo Anderson [BR],Regidrago VSTAR
Carlos Nunes [BR],Charizard Pidgeot
Austin Charles [US],Charizard Pidgeot
Gabriel Ienaga [BR],Lugia Archeops
Gustavo Mariano [BR],Lugia Archeops
Jackey Du [US],Iron Thorns ex
Bruno Tenes [BR],Regidrago VSTAR
Mauro Spanò [IT],Iron Thorns ex
FELIPE GUILHERME PASSARELLI DE OLIVEIRA [BR],Regidrago VSTAR
Ariel Oliveira [BR],Terapagos Dusknoir
Ricardo Robles [CL],Ancient Box
luiz henrique romanini [BR],Other
fabricio valdivia [PE],Charizard Pidgeot
Felipe Carreño [CL],Regidrago VSTAR
Tomas Traub [CL],Raging Bolt Ogerpon
Jose Rogerio Cordeiro Antony Neto [BR],Dragapult Pidgeot
William Almeida Proença [BR],Raging Bolt Ogerpon
Zach Lesage [CA],Terapagos Dusknoir
Hamilton Viveiros [BR],Lugia Archeops
Ryan Harris [US],Gardevoir ex
Felipe Vasquez [CL],Dragapult Dusknoir
vitor soares [BR],Iron Thorns ex
Gustavo Pastorín Rojas [CL],Lost Zone Box
João Guilherme de Peder Viana [BR],Regidrago VSTAR
Marco Antônio Silva de Macedo Mota [BR],Regidrago VSTAR
Francesco Parazzini [IT],Gardevoir ex
Julian Diaz Ferrara [AR],Regidrago VSTAR
Rafael Hernandez Canales [CL],Raging Bolt Ogerpon
Jose Luis Bernal Quimbay [CO],Raging Bolt Ogerpon
Rowan Stavenow [CA],Regidrago VSTAR
Zheng Liang [CL],Miraidon ex
João Pedro Medeiros Zambrano [BR],Regidrago VSTAR
ANDREW GANTNER [US],Lost Zone Box
Mathieu Vidal [FR],Iron Thorns ex
Lucas Reis [BR],Charizard Pidgeot
Kai Wainwright [UK],Charizard Pidgeot
Dylan Gunn [US],Banette Gardevoir
Alejandro García moreno [MX],Terapagos Dusknoir
Luis Pedro Ferrari Esbadalate [BR],Lugia Archeops
Nino Anderluh [SI],Terapagos Dusknoir
Diego Varea [PE],Lugia Archeops
Nathan Ginsburg [US],Lost Zone Box
Rodrigo Romo [CL],Raging Bolt Ogerpon
Jose Paez [CL],Lugia Archeops
Ryan Krats [CA],Lugia Archeops
Roberto Rueda [CO],Terapagos Dusknoir
Douglas Cox [US],Regidrago VSTAR
Bastian Silva [CL],Dragapult Dusknoir
Elias Correia [BR],Raging Bolt Ogerpon
Andrew Ariel dias [BR],Palkia
Ronald Sharpsteen [US],Palkia
Andrea Mario Schroder [IT],Lugia Archeops
Robert Eduardo Acuña Jimenez [CR],Lugia Archeops
Nicolas Galaz [CL],Terapagos Dusknoir
Leonardo Nascimento [BR],Terapagos Dusknoir
HUGO SUANNO [BR],Lugia Archeops
Raul Barahona [CL],Charizard Pidgeot
Kristopher Kemp [US],Regidrago VSTAR
Jose Marrero [US],Raging Bolt Ogerpon
Jeremy Gumila [US],Terapagos Dusknoir
Anthony Blanchard [FR],Lugia Archeops
Cauã Rafael [BR],Gardevoir ex
Fábio Boscariol [BR],Regidrago VSTAR
Riley Malik [US],Lugia Archeops
Dominik Blache [DE],Charizard Pidgeot
Maurício Pereira [BR],Charizard Pidgeot
Eric Ridgeway [US],Miraidon ex
Eduardo Molina [CL],Lost Zone Box
Josh Bond [UK],Lugia Archeops
Guilherme Cazzonato [BR],Lugia Archeops
Dener Correa [PT],Regidrago VSTAR
Marcelo Marques [BR],Other
Pedro Daher [BR],Banette Gardevoir
Giovani Furlan [BR],Raging Bolt Ogerpon
Jorge González [CL],Terapagos Dusknoir
Fabián Escribar [CL],Terapagos Dusknoir
Pedro Lima [BR],Lugia Archeops
Maria Amaral [BR],Lugia Archeops
jesse spencer [US],Gardevoir ex
Natália Cristina Christoff [BR],Dragapult Dusknoir
Will Schoeffler [US],Raging Bolt Ogerpon
Murilo Lima Camargo [BR],Other
Ciaran Bradley [NZ],Other
Gabriel Campana Fonseca [BR],Charizard Pidgeot
Vianney Leroy [FR],Banette Gardevoir
carlos bonato [BR],Dragapult Dusknoir
Daiyo Uema [BR],Lost Zone Box
Cameron Shenoy [US],Regidrago VSTAR
Vitor Yamashita [BR],Lugia Archeops
Louis Boisson [BR],Terapagos Dusknoir
Jesús Mejia [MX],Lugia Archeops
Micchelle Carvallo [CL],Lugia Archeops
Diego Fierro [CL],Other
Ricardo Hille [BR],Charizard Pidgeot
Mario Martinez [US],Lugia Archeops
Eduardo Alfaro [CL],Snorlax Stall
Lewis Beck [UK],Raging Bolt Ogerpon
Santiago Prieto [CL],Palkia
Guilherme Lessa [BR],Pidgeot Control
Mauricio Garcia Muñoz [CL],Other
Stophile Silva [BR],Charizard Pidgeot
IGNACIO Gutiérrez [CL],Raging Bolt Ogerpon
Nicolas Bralla [CL],Lugia Archeops
Stepan Suchanek [CZ],Lost Zone Box
Arath Gomez [MX],Charizard Pidgeot
Benjamin Hebert [CA],Regidrago VSTAR
Bruno Alves Arruda [BR],Lugia Archeops
Matheus Siqueira [BR],Miraidon ex
Gabriel Massaroth [BR],Lugia Archeops
Stefano Pegorini [BR],Gardevoir ex
Kyle Sanchez [US],Lugia Archeops
Renato Christian [BR],Snorlax Stall
Gabriel Perez Centeno [MX],Terapagos Dusknoir
João Coleoni [BR],Charizard Pidgeot
FEDERICO LOUSA [AR],Terapagos Dusknoir
Lucas Paglia [BR],Klawf Terapagos
Vinicius Moreira [BR],Charizard Pidgeot
Joao Gabriel Neves [BR],Terapagos Dusknoir
Jose Villarroel [CL],Terapagos Dusknoir
Paulo Ferreira [BR],Terapagos Dusknoir
Erick Laurentino Ramirez Rodriguez [MX],Charizard Pidgeot
Agustin Perkins [AR],Terapagos Dusknoir
Justin Kempley [UK],Regidrago VSTAR
Abelardo Fukasawa [BR],Palkia
Adrian Mejia Galvez [MX],Regidrago VSTAR
Tami Olivera [CL],Terapagos Dusknoir
Gustavo Vinicius Machado [BR],Terapagos Dusknoir
Marcelo Junior [BR],Palkia
matias diaz [CL],Lugia Archeops
Fernando Amorim [BR],Raging Bolt Ogerpon
Fernando Cifuentes [CL],Terapagos Dusknoir
Ignacio Rzeszut [AR],Regidrago VSTAR
Carlos Medina Astete [PE],Snorlax Stall
Manuel Urzúa [CL],Raging Bolt Ogerpon
Jose Roberto CABRIALES DE HOYOS [MX],Regidrago VSTAR
Bruno Souza [BR],Iron Thorns ex
Daniel Huerta [CL],Iron Thorns ex
Owen Dalgard [US],Regidrago VSTAR
Hugo De Torres [ES],Palkia
Marcelo Pacaje [CL],Raging Bolt Ogerpon
Brandon Olivares [CL],Terapagos Dusknoir
Diego Santana [BR],Regidrago VSTAR
Martín Hödar Salazar [CL],Raging Bolt Ogerpon
sebastian pizarro [CL],Ancient Box
Paolo Rossi [CL],Terapagos Dusknoir
luiz henrique marques de oliveira [BR],Charizard Pidgeot
Vinicius Ximenes [BR],Roaring Moon ex
boris flores ortiz [CL],Klawf Terapagos
Carlos Lopes [BR],Raging Bolt Ogerpon
santiago tellez [CL],Lugia Archeops
Jorge San Roman [CL],Snorlax Stall
Clayton Cardoso [BR],Palkia
Bas Juffer [NL],Lugia Archeops
Eric Tortoza [BR],Roaring Moon ex
Caleb Gedemer [US],Charizard Pidgeot
wilsonn molina [CL],Terapagos Dusknoir
Raul Nash [CL],Terapagos Dusknoir
Antonio Jardim [BR],Miraidon ex
André Miranda [BR],Terapagos Dusknoir
Shane McManus [US],Lugia Archeops
Rodrigo Coltro [BR],Dragapult Dusknoir
Alexandre Silva [BR],Iron Thorns ex
Cristian Candia [CL],Other
Lucas Gonzalo [AR],Raging Bolt Ogerpon
Marco Garcia [BR],Terapagos Dusknoir
Francisco Vidal [CL],Dragapult Pidgeot
Gabriel Barros [BR],Lugia Archeops
Martin Callegari [AR],Regidrago VSTAR
Augusto Beringuer [BR],Iron Thorns ex
Joshua Marsden [US],Regidrago VSTAR
Gabriel Veliz [CL],Gardevoir ex
Matias Alejandro Campos campos [CL],Snorlax Stall
Adriano Maruoka [BR],Terapagos Dusknoir
Arjun Khadse,Gardevoir ex
Anthony Ribeiro [BR],Lugia Archeops
fabio cozzolino [BR],Terapagos Dusknoir
Sergio Junior [BR],Lost Zone Box
DANIEL MARCOS [BR],Raging Bolt Ogerpon
Felipe Luna [MX],Snorlax Stall
Rafael BROGGIO [BR],Charizard Pidgeot
Kabir Virji [CA],Regidrago VSTAR
Frank Luciano [US],Charizard Pidgeot
Rafael Gomes de Almeida [BR],Raging Bolt Ogerpon
Noel Reyes [MX],Terapagos Dusknoir
MARCELO VARGAS [CL],Dragapult Dusknoir
heitor duperron [BR],Palkia
victor morales [CL],Raging Bolt Ogerpon
Eirik Pomponio [BR],Other
Nikoline Pedersen [DK],Terapagos Dusknoir
Tiago Maestrelli [BR],Other
Samuel Vinicius Ramos [BR],Klawf Terapagos
javier arenas [CL],Other
Rafael Vichiato [BR],Dragapult Dusknoir
Victor hugo Pasqualino de Carvalho [BR],Other
João Vitor Rossi Valerio [BR],Regidrago VSTAR
Andrei Imada [BR],Regidrago VSTAR
Hunter Butler [US],Lost Zone Box
Vicente Alejandro Gutierrez Guevara [CL],Raging Bolt Ogerpon
Juan De Dios Santos [US],Lugia Archeops
Mark Dizon [CA],Charizard Pidgeot
Julio Jimenez [MX],Pidgeot Control
Sable Creech [US],Raging Bolt Ogerpon
Jair Rodrigo Oliveira Farias [BR],Lugia Archeops
Henry Thompson [US],Snorlax Stall
Luiz Gustavo Borges Pederiva [BR],Other
Marcel Fernandes [BR],Terapagos Dusknoir
Andres Echenique [AR],Lugia Archeops
Jose Maria Zilli Silva Junior [BR],Charizard Pidgeot
ruan andrade [BR],Terapagos Dusknoir
Agustín Correa Pasini [AR],Terapagos Dusknoir
Pedro Henrique Fernandez [BR],Gardevoir ex
Ruan José Galvão [BR],Lugia Archeops
Brandon Lane [US],Lugia Archeops
Felipe Bastias [CL],Terapagos Dusknoir
Vicente Carrasco [CL],Palkia
Ignacio Vargas [CL],Terapagos Dusknoir
João Gabriel Akel [BR],Raging Bolt Ogerpon
alex douglas pereira junior [BR],Raging Bolt Ogerpon
Facundo Figoli [AR],Roaring Moon ex
Cristian Mattus [CL],Charizard Pidgeot
Roberto Flores [CL],Gardevoir ex
Yoel Trujillo [CL],Terapagos Dusknoir
Matt Bacnis [US],Charizard Pidgeot
Luis Bañon [PE],Terapagos Dusknoir
Arturo Ortega [MX],Terapagos Dusknoir
Juan Pablo Poblete Chaparro [CL],Gardevoir ex
Joseph Hollin [UK],Raging Bolt Ogerpon
Joao Antonio Cavalcanti [BR],Terapagos Dusknoir
Maximilian Teubert [DE],Pidgeot Control
Thomaz Macedo [BR],Dragapult Dusknoir
Lucas Zaniboni [BR],Iron Thorns ex
Tony Vuong [US],Ancient Box
LUCCA FOLENA [BR],Dragapult Dusknoir
Carlo Antonio del Vescovo [IT],Terapagos Dusknoir
Gabriel Fischer [CH],Raging Bolt Ogerpon
Lisa Yui Taguchi [BR],Other
Alexandra Michiels [FR],Dragapult Dusknoir
Raul Ryudi Harada [BR],Ancient Box
Giovanno Ponce [CL],Terapagos Dusknoir
Enio Netto [BR],Raging Bolt Ogerpon
Danielle Ferreira [BR],Raging Bolt Ogerpon
Felipe Tessarollo Ramos [BR],Charizard Pidgeot
Andi Cheung [AU],Lugia Archeops
Patrick Sava [BR],Terapagos Dusknoir
Fernando Lopez [CL],Lost Zone Box
Luigi Vezzoni [IT],Raging Bolt Ogerpon
Benjamin Andrés Cortes cortes [CL],Lugia Archeops
Diego Rodrigo Silva [BR],Klawf Terapagos
Thiago Giovannetti [BR],Palkia
José Garboza [BR],Terapagos Dusknoir
Chang Liang [CL],Raging Bolt Ogerpon
Benjamin Ortiz [CL],Terapagos Dusknoir
Guilherme Bonow Oliveira [BR],Iron Thorns ex
Luan Benedito da Silva Lopes [BR],Raging Bolt Ogerpon
Douglas Patroni [BR],Raging Bolt Ogerpon
Juho Kallama [FI],Terapagos Dusknoir
Tristan Batman Macek [US],Lugia Archeops
Kai Chun So [UK],Lugia Archeops
Enzo Mosso Carneiro [BR],Raging Bolt Ogerpon
jonatan torres [CO],Ancient Box
Pedro Messias [BR],Snorlax Stall
David Marchant [CL],Lost Zone Box
Thomaz Vieira [BR],Lugia Archeops
Abel Eduardo Diz Jauregui [MX],Dragapult Dusknoir
Jared Grimes [US],Terapagos Dusknoir
Gabriel Roide [BR],Terapagos Dusknoir
Bruno Zolin Rodrigues [BR],Lugia Archeops
Sheldon Kuppan [ZA],Dragapult Iron Thorns
Christoph Okun [DE],Terapagos Dusknoir
Tomas Riquelme [CL],Terapagos Dusknoir
Benjamín Cruces [CL],Other
Michael Jordan [ZA],Lugia Archeops
Nicolás Gimenez [AR],Miraidon ex
Rafael Farfan [PE],Terapagos Dusknoir
Gaston Kitela [AR],Lugia Archeops
Diogo Souza [BR],Other
Diego Romero [CL],Gardevoir ex
Carlos Eduardo Torres Padilla [MX],Regidrago VSTAR
Nicolas Volpi [BR],Lugia Archeops
Matheus Domingues [BR],Ancient Box
Kyo Rangel [BR],Regidrago VSTAR
Leandro Amaral [BR],Terapagos Dusknoir
HENRIQUE TOLEDO [BR],Lugia Archeops
Luiz Borges [BR],Regidrago VSTAR
Joseph Mousaed [US],Gardevoir ex
Carlos Frossard [BR],Dragapult Dusknoir
Philippe Luiz Lima Moreira Pinto [BR],Raging Bolt Ogerpon
Pablo Gonzalez [MX],Charizard Pidgeot
Rodolfo Ferreira [BR],Terapagos Dusknoir
Matthew Wood [CA],Lost Zone Box
Paulo Gouveia de Freitas [BR],Terapagos Dusknoir
Thiago Bisewski [BR],Charizard Pidgeot
Daniel Powell [US],Lost Zone Box
Emilio Gomez [CL],Lugia Archeops
Rafael Zangrando [BR],Charizard Pidgeot
Thiago Oliveira [BR],Snorlax Stall
Gustavo Bedendo [BR],Terapagos Dusknoir
Alan Andrade Alatriste [MX],Ancient Box
Bruno Pontes [BR],Lugia Archeops
Jaime Riva [MX],Lugia Archeops
sergio nuñez [MX],Snorlax Stall
Alexander Adams Hsu [US],Other
Rodrigo Souza [BR],Roaring Moon ex
Filipe Araujo [BR],Terapagos Dusknoir
Gabriel Vinícius dos Santos [BR],Dragapult Iron Thorns
Caio Cruz [BR],Snorlax Stall
Sebastian Gallardo [CL],Raging Bolt Ogerpon
Pedro Turra [BR],Dragapult Pidgeot
Matias Ramirez Marianetti [CL],Raging Bolt Ogerpon
Prin Basser [US],Terapagos Dusknoir
Carlos Valdés [CL],Regidrago VSTAR
Natan Santos [BR],Raging Bolt Ogerpon
Andres Diosdado [MX],Charizard Pidgeot
Fernando Olave [CL],Terapagos Dusknoir
Leonardo Zanardi [BR],Gholdengo ex
Raul Chan [CL],Snorlax Stall
Pablo Guzmán [CL],Pidgeot Control
Guillermo Rosales [MX],Terapagos Dusknoir
Rodrigo Gutiérrez Guzmán [CL],Raging Bolt Ogerpon
Sebastian Leiva Contreras [CL],Lost Zone Box
Gustavo Suffredini Oka [BR],Raging Bolt Ogerpon
Kian Amini [US],Terapagos Dusknoir
Artur Santos [BR],Klawf Terapagos
Joaquín Vallejos [CL],Charizard Pidgeot
Santiago Sánchez [CL],Raging Bolt Ogerpon
Nikolas Sales [BR],Dragapult Iron Thorns
Fabian Roman [CL],Raging Bolt Ogerpon
Ricardo Stuwart Tenenbaum [BR],Klawf Terapagos
Victor Coutinho [BR],Charizard Pidgeot
Claudio Tapia Balboa [CL],Raging Bolt Ogerpon
Javier Sagredo [CL],Regidrago VSTAR
Jean Araujo [BR],Lugia Archeops
Ilian González [CL],Regidrago VSTAR
Omar Heredia [MX],Raging Bolt Ogerpon
Javier Rosano [MX],Roaring Moon ex
Sebastian Alexander Araya Cortez [CL],Raging Bolt Ogerpon
Gustavo Augusto [BR],Ancient Box
Andres Villegas [CL],Dragapult Pidgeot
Joel Bergman [CA],Lugia Archeops
Martin Estevez [MX],Terapagos Dusknoir
Andres Castillo Capetillo [CL],Lost Zone Box
Giovanni Benages [BR],Gardevoir ex
Lucas Cezaretto [BR],Raging Bolt Ogerpon
David MARAO [BR],Palkia
Bruno Ribeiro [BR],Roaring Moon ex
Kauai Palmeira [BR],Raging Bolt Ogerpon
Erasmo Rodriguez [MX],Roaring Moon ex
Romano Pillay [ZA],Dragapult Dusknoir
Dalten Cross [US],Lugia Archeops
Nelson Barros [BR],Raging Bolt Ogerpon
Brennon Conner [US],Terapagos Dusknoir
Elizabeth Willet [DK],Raging Bolt Ogerpon
Luana Rodrigues [BR],Roaring Moon ex
claudio altamirano [CL],Dragapult ex
Jari Honraedt [BE],Palkia
Tim Haffmanns [DE],Terapagos Dusknoir
Bruno Freschi [BR],Raging Bolt Ogerpon
Juan Flores [US],Lugia Archeops
Ruben Gutierrez [BO],Dragapult Dusknoir
Guilherme Souza Silva [BR],Gardevoir ex
Fabián Ulloa Águila [CL],Lugia Archeops
Ulrrich Villagra [CL],Terapagos Dusknoir
Shinnosuke Komiya [US],Pidgeot Control
Guilherme Ruiz Jorge [BR],Dragapult Dusknoir
Carlos Felipe Pardo Narváez [CL],Raging Bolt Ogerpon
Michael Holmblad [US],Charizard Pidgeot
Martín Díaz [CL],Roaring Moon ex
Victor Breanza [BR],Lugia Archeops
Angelica Lizbeth Pichardo Esquivel [MX],Roaring Moon ex
Baltazar Muñoz [CL],Terapagos Dusknoir
Paulo Santana [BR],Raging Bolt Ogerpon
Gabriel Romay [BR],Terapagos Dusknoir
Caroline Girão [BR],Dragapult Pidgeot
Rodrigo Takenouchi [BR],Regidrago VSTAR
Julio Curiel [MX],Terapagos Dusknoir
Alessandro Bueno [BR],Terapagos Dusknoir
FILIPE SANTOS [BR],Regidrago VSTAR
Julian Perini [AR],Terapagos Dusknoir
Justin Bean [US],Raging Bolt Ogerpon
Jason Schelin [US],Charizard Pidgeot
Christian Muñoz [CL],Regidrago VSTAR
Geovana Torres [BR],Raging Bolt Ogerpon
Meng Hon Chow [AU],Roaring Moon ex
Filippo Colamorea [IT],Terapagos Dusknoir
Justin Hoy [AU],Miraidon ex
Luciano Bautista [CL],Lost Zone Box
Luciano Reis [BR],Charizard Pidgeot
nicolas hurtado [CL],Other
Martin Viruete [MX],Raging Bolt Ogerpon
Diego Rodrigues [BR],Klawf Terapagos
STOESSEL JUNIOR [BR],Other
Sebastian Alexander Carvajal Campos [CL],Terapagos Dusknoir
Andrés Flores [MX],Lugia Archeops
Patricio Pozo [CL],Terapagos Dusknoir
Jose Antonio Sauri Zapata [MX],Terapagos Dusknoir
Raul Villalobos [CL],Raging Bolt Ogerpon
Luciano ceballos [CL],Raging Bolt Ogerpon
Vinicius Guilherme Vaz Leitão [BR],Lugia Archeops
Michael Battaglia [CA],Terapagos Dusknoir
Marllon Felipe [BR],Charizard Pidgeot
Travis Beckwith [US],Terapagos Dusknoir
Dalton Acchetta [BR],Miraidon ex
Andrés Viglioglia [AR],Regidrago VSTAR
Nataniel Lovagnini [AR],Regidrago VSTAR
Nathan Woodcock [AU],Terapagos Dusknoir
Sebastián Andrés González Ceballos [CL],Gholdengo ex
Alexander Andrade [BR],Lugia Archeops
Murilo Mercadante [BR],Regidrago VSTAR
Gianluca Pagano [AR],Raging Bolt Ogerpon
Ciaran Farah [CA],Lugia Archeops
JOSE GUILHERME DA SILVA [BR],Terapagos Dusknoir
joão tavares [BR],Dragapult Dusknoir
Flavio Henriques Soares [BR],Terapagos Dusknoir
Benjamin Ghirardelli [CL],Charizard Pidgeot
Genaro Jean Paul Murga Olaya [PE],Terapagos Dusknoir
Leonardo Fernandez da Silva [AR],Raging Bolt Ogerpon
Giuseppe Ametrano [IT],Raging Bolt Ogerpon
Jean-Sébastien d'Anchald [FR],Other
Vinicius Furlan [BR],Lugia Archeops
Juliana Alves Marques [BR],Raging Bolt Ogerpon
Ramiro Galindo [US],Dragapult Dusknoir
Ignacio Oyarzún Alonzo [CL],Miraidon ex
Gustavo Barboza [BR],Snorlax Stall
Alfonso Herrera [PE],Raging Bolt Ogerpon
Allan Cruz [BR],Charizard Pidgeot
Jon Eng [US],Regidrago VSTAR
Emanuel Diogo [AR],Gholdengo ex
Bruno andre [CL],Lost Zone Box
Matias Benitez [UY],Gholdengo ex
Trevore Read [CA],Raging Bolt Ogerpon
Jonah Alter [ZA],Lugia Archeops
Pedro Luis Munk do Prado [BR],Miraidon ex
Alejandro Torres [CL],Raging Bolt Ogerpon
Álvaro Miguelino [BR],Lugia Archeops
JOAO PENA [BR],Snorlax Stall
Lucas Matheus [BR],Banette Gardevoir
Gabriel Arja [BR],Terapagos Dusknoir
Rodrigo Torres [BR],Charizard Pidgeot
Jeffrey Chau [CA],Other
Giovanni Peragallo [CL],Terapagos Dusknoir
Gustavo Soares [BR],Snorlax Stall
Mairon Iturra [CL],Charizard Pidgeot
Tomas Ulloa [CL],Lost Zone Box
Thauan Tavares [BR],Raging Bolt Ogerpon
Alejandro Martinez [PY],Lost Zone Box
Alexander Remick [US],Raging Bolt Ogerpon
Murilo Ricardo Gelinski [BR],Miraidon ex
Cristopher Giler Lepe [CL],Terapagos Dusknoir
Gustavo Calvano [BR],Regidrago VSTAR
Felipe garcia [BR],Raging Bolt Ogerpon
João Gabriel [BR],Lugia Archeops
Rafael Apolinário Alves [BR],Iron Thorns ex
Miguel Alejandro Hernandez Garcia [MX],Other
Ramon Morales [US],Regidrago VSTAR
francisco pinasco [CL],Terapagos Dusknoir
Angelo Muniz [BR],Klawf Terapagos
Mateus Velazquez [PY],Dragapult Dusknoir
Guilherme Vitorino [BR],Lugia Archeops
Jorge Rivero Daca [AR],Roaring Moon ex
Bruno Miguel de Jesus [BR],Raging Bolt Ogerpon
Héctor Alejandro Tanabe Herbas [BO],Terapagos Dusknoir
Nelson Hector Gutierrez Viggiano [AR],Terapagos Dusknoir
Matthew Nixon [US],Raging Bolt Ogerpon
Victor Hugo Sampa Hamaguti [BR],Klawf Terapagos
aaron arturo aguirre osuna [MX],Dragapult Dusknoir
Renzo Angulo [PE],Terapagos Dusknoir
João Hofer [BR],Terapagos Dusknoir
Edin Visca [AU],Raging Bolt Ogerpon
Orlando Varela [CL],Pidgeot Control
Anderson Araújo [BR],Regidrago VSTAR
Alexis Pavichevich [AR],Palkia
Mustafa Tobah [US],Raging Bolt Ogerpon
Ian Nogueira [BR],Terapagos Dusknoir
Jaime Castillo [CL],Other
Rafael Orazi [BR],Raging Bolt Ogerpon
Angel daniel Cardenas eduardo [PE],Ancient Box
Mauro Ladeia Filho [BR],Other
Taylor Whalen [US],Lugia Archeops
Eduardo Nascimento [BR],Roaring Moon ex
Rafael Akira Hangai de Oliveira [BR],Palkia
Hudson Matheus [BR],Other
Roberto Barrera [MX],Gholdengo ex
Mauro Stoessel [AR],Raging Bolt Ogerpon
Aneil Saini [CA],Gardevoir ex
Nicolás Polito [CL],Dragapult Dusknoir
Lucas Tamada Gomes Rocha [BR],Gardevoir ex
Vanessa Hormazabal [CL],Raging Bolt Ogerpon
Yasuyuki Handa [AU],Roaring Moon ex
Mark McDonald Jr [US],Iron Thorns ex
Nicolas Pino Contreras [CL],Lugia Archeops
Fernando Campista [BR],Miraidon ex
Mikael Marques [BR],Lugia Archeops
Jake Santiago [CA],Raging Bolt Ogerpon
Rodrigo Ortiz Rio [MX],Regidrago VSTAR
Jorge Arteaga [US],Regidrago VSTAR
Carlos Soto Quelin [CL],Terapagos Dusknoir
Casey Bennink [US],Gardevoir ex
Leonardo Costa [BR],Iron Thorns ex
Krystal Florendo [CA],Charizard Pidgeot
Ana Luiza Erthal [BR],Snorlax Stall
Frederico Assis [BR],Palkia
HENRIQUE CAMISOTTI CARVALHO [BR],Miraidon ex
Guilherme Ganeko [BR],Dragapult Dusknoir
Leandro Santos de Siqueira [BR],Raging Bolt Ogerpon
Mauricio Siqueira [BR],Dragapult Dusknoir
Joseph Nawal [US],Lugia Archeops
igor carvalho [BR],Charizard Pidgeot
Michael Souza [BR],Terapagos Dusknoir
Ricardo Vilela [BR],Lugia Archeops
Kenny Ngo [US],Terapagos Dusknoir
Xavier Veiga [CL],Charizard Pidgeot
Tiago Fernandes [BR],Lugia Archeops
Angus Johnson [AU],Regidrago VSTAR
Rodrigo Cerda [CL],Terapagos Dusknoir
Esteban Traconis [MX],Dragapult Dusknoir
manuel donoso [CL],Raging Bolt Ogerpon
Jorge Danilo Urban Rolon [PY],Charizard Pidgeot
Yuridia Peña Loza [MX],Raging Bolt Ogerpon
Matias Candia [CL],Lost Zone Box
weslen brandão [BR],Charizard Pidgeot
Tim Tipton [US],Gardevoir ex
PJ Witusik [US],Charizard Pidgeot
Jorge Rivero [CL],Miraidon ex
Nathan Doyle [IE],Gardevoir ex
bruno ligieri [BR],Snorlax Stall
Jonhathan Vazquez [MX],Charizard Pidgeot
Dallas White [US],Lugia Archeops
Victor García [MX],Terapagos Dusknoir
Sebastián Pavez [CL],Raging Bolt Ogerpon
Daniella De Moura Fernandes Trindade [BR],Iron Thorns ex
Amanda Bravo [BR],Raging Bolt Ogerpon
Franco De Crescenzo [MX],Miraidon ex
Sebastian Ardila [US],Regidrago VSTAR
Israel Bravo [CL],Raging Bolt Ogerpon
Christian Solis [US],Lugia Archeops
Jean Barreto [CO],Terapagos Dusknoir
Francisco Bernard [CR],Raging Bolt Ogerpon
Monique Marques [BR],Lugia Archeops
Cynthia Proença [BR],Gardevoir ex
Rodrigo Torres [MX],Charizard Pidgeot
Carlos Uribe [CL],Terapagos Dusknoir
Bruno Rocha [BR],Terapagos Dusknoir
Gustavo Henrique Santos Silva [BR],Snorlax Stall
Tony Phan [US],Gardevoir ex
Alfredo Torres Lozano [MX],Palkia
Carlos Kohler [CL],Ancient Box
Raul Yasumoto [BR],Terapagos Dusknoir
Jesus Duarte [MX],Terapagos Dusknoir
Guilherme Baldez [BR],Raging Bolt Ogerpon
Erick Emmanuel Villaseñor Chagoya [MX],Raging Bolt Ogerpon
Benjamin Arancibia [CL],Pidgeot Control
GABRIEL DA SILVA [BR],Lugia Archeops
Felipe Arriagada [CL],Raging Bolt Ogerpon
Manuel Alcaíno [CL],Miraidon ex
Rafael Koakutsu [BR],Klawf Terapagos
Matheus Mazzolli Wilbrantz [BR],Palkia
Alexander van Hemert [ZA],Regidrago VSTAR
Thalys Rosa [BR],Lugia Archeops
Murilo Peres [BR],Other
Diego Arcos [CL],Regidrago VSTAR
Amanda Gonzalez [BR],Raging Bolt Ogerpon
João Victor Godoi Bernardino [BR],Regidrago VSTAR
Rob Spronken [NL],Other
Cesar Herrera [CL],Miraidon ex
Claudio Ferla [BR],Raging Bolt Ogerpon
Arthur de Oliveira Paiva [BR],Charizard Pidgeot
Erico Lotufo [BR],Terapagos Dusknoir
Jose Tello [CL],Raging Bolt Ogerpon
Tyson Holder [US],Lugia Archeops
Shashi Naraine [CA],Other
John Portuguez [PE],Terapagos Dusknoir
Daniel Cordeiro Esteves Sampaio [BR],Regidrago VSTAR
Gabriel De oliveira [BR],Other
Demitrius Yedlin [US],Terapagos Dusknoir
Leonardo Redondo [BR],Terapagos Dusknoir
Júnio Fernandes [BR],Raging Bolt Ogerpon
Ignacio Arratia Fernández [CL],Pidgeot Control
Raphael Gonçalves [BR],Regidrago VSTAR
Bastián Ulloa [CL],Charizard Pidgeot
Christopher H. Melgar [AR],Raging Bolt Ogerpon
Bruno Watanabe [BR],Raging Bolt Ogerpon
Emerson Luiz Stanizecoski Filho [BR],Dragapult Dusknoir
Stefano Radogna [AR],Dragapult ex
Jasmin Kirchherr [DE],Regidrago VSTAR
Juan Cruz Francia [AR],Iron Thorns ex
Francisco Marquet [AR],Raging Bolt Ogerpon
Brennan Winkler [US],Raging Bolt Ogerpon
Juan Pablo Gaitan Torrente [CO],Terapagos Dusknoir
Hector Reyes [CL],Gholdengo ex
Victor De Velasco [MX],Snorlax Stall
Julian Luvara [AU],Regidrago VSTAR
Marcelo Guarita [BR],Raging Bolt Ogerpon
Guilherme Medeiros [BR],Raging Bolt Ogerpon
Eduardo Eugenio [BR],Charizard Pidgeot
Pablo Lizama [CL],Terapagos Dusknoir
Matheus Costa de Sa [BR],Other
Hiroki Nakashima [UK],Lugia Archeops
Giovani Vargas Rechia [BR],Raging Bolt Ogerpon
Renaud LEVAIN [FR],Other
Jamila Penido [BR],Ancient Box
Esteban González [CL],Terapagos Dusknoir
Felipe Huang [BR],Gardevoir ex
Carlos Riquelme Labrin [CL],Terapagos Dusknoir
Gabriel Coelho [BR],Terapagos Dusknoir
Caleb Tomas [US],Lugia Archeops
Carlos Carrasco [CL],Lost Zone Box
Michael Azocar Veliz [CL],Raging Bolt Ogerpon
Juan Alejandro Rodriguez [CO],Raging Bolt Ogerpon
David Vera [MX],Charizard Pidgeot
Airton Alves [BR],Raging Bolt Ogerpon
Arthur Yuji Sibuta [BR],Terapagos Dusknoir
Fernando Toratto [PE],Raging Bolt Ogerpon
Gustavo Maddalena Parra Vilela [BR],Charizard Pidgeot
Dwayne Erasmus [ZA],Roaring Moon ex
Kevin Haro [CL],Regidrago VSTAR
Ronaldo Takata [BR],Lost Zone Box
Wallysson Lima [BR],Lost Zone Box
Felipe Herrera [CL],Terapagos Dusknoir
Anderson Da Silva Fragoso [BR],Charizard Pidgeot
Liam Contreras [MX],Regidrago VSTAR
Daniel Ribeiro [BR],Dragapult Dusknoir
Willy Saavedra [PE],Raging Bolt Ogerpon
Enrique Osvaldo Pinto Herrera [BO],Snorlax Stall
Valentina Espinoza Wolleter [CL],Dragapult Dusknoir
Cássio Sakamoto [BR],Raging Bolt Ogerpon
Williams Garrido [CL],Snorlax Stall
Jia-Hao Ma [NL],Pidgeot Control
Raissa Arruda [BR],Terapagos Dusknoir
Thiago Silva [BR],Regidrago VSTAR
Gabriel Teixeira [BR],Palkia
Leonardo Mota de Lima [BR],Charizard Pidgeot
Matias Sumonte [CL],Dragapult Dusknoir
Nicolás Erices [CL],Klawf Terapagos
Marco Dardis [AR],Regidrago VSTAR
Vicente Opazo [CL],Raging Bolt Ogerpon
Victor Vasquez [CL],Raging Bolt Ogerpon
Joan Araujo [BR],Charizard Pidgeot
Wesley Dantas [BR],Terapagos Dusknoir
Michael Natto [US],Lugia Archeops
Davi Almeida [BR],Dragapult Dusknoir
Jonathan Chaves [BR],Iron Thorns ex
Raimundo Lisboa [CL],Raging Bolt Ogerpon
Leonel Akira Berti [BR],Charizard Pidgeot
Mikey Wityk [US],Raging Bolt Ogerpon
Sinval Neto [BR],Regidrago VSTAR
Juan David Cruz [CL],Charizard Pidgeot
Miguel Sanchez [MX],Ancient Box
Ricardo Miranda [CL],Dragapult Dusknoir
Steve Willams Canqui Bellott [BO],Raging Bolt Ogerpon
Denis Cesar [BR],Raging Bolt Ogerpon
Kennet Zambrano [CL],Terapagos Dusknoir
Gaston Carlos Dhers [AR],Other
Lucas Alencar [BR],Iron Thorns ex
Manuel Jorach [AT],Charizard Pidgeot
Tanner Hurley [US],Terapagos Dusknoir
Rafael Cavitioli [BR],Charizard Pidgeot
Jeferson Ferreira da silva [BR],Charizard Pidgeot
Joe Bates [UK],Lost Zone Box
Nick Guzman [US],Regidrago VSTAR
Mariano Nicolás Álvarez Pérez [AR],Gardevoir ex
Juliano Souza [BR],Other
Gustavo Sasaki [BR],Lost Zone Box
Guilherme Elmec [BR],Raging Bolt Ogerpon
Hermano jose Santos duarte [BR],Charizard Pidgeot
Julian Ramirez [CO],Charizard Pidgeot
Lucas Pedrosa [BR],Klawf Terapagos
BIL OLIVEIRA [BR],Raging Bolt Ogerpon
Federico Daniel Laborde [AR],Lugia Archeops
Leonardo Schenfeld [BR],Terapagos Dusknoir
Gabriel Veloso [BR],Klawf Terapagos
Rafael Moura [BR],Iron Thorns ex
Victor Santos Cardoso Rosa [BR],Regidrago VSTAR
Vickytor Costa [BR],Raging Bolt Ogerpon
Edgardo Martin Saldivia [AR],Terapagos Dusknoir
Ruben Alejandro Canul Mendoza [MX],Lugia Archeops
Esteban Vásquez [CL],Charizard Pidgeot
Rogelio Espinoza [MX],Dragapult Dusknoir
Francisco Muñoz R. [CL],Regidrago VSTAR
Christian D'Onofrio [IT],Other
Aleaner Pabonnie [US],Raging Bolt Ogerpon
José Iuri Brito [BR],Pidgeot Control
Thiago Pilotto [BR],Terapagos Dusknoir
Patrick Müller [BR],Iron Thorns ex
Noé Gajardo Cid [CL],Dragapult Iron Thorns
Nathan Brower [US],Other
Giuseppe Guilhermin [BR],Raging Bolt Ogerpon
Lucas Ribeiro [BR],Snorlax Stall
Alejo schettini [AR],Terapagos Dusknoir
Dannyelson Cirico Vieira [BR],Dragapult Dusknoir
Pedro Zanetti [BR],Terapagos Dusknoir
Rafael Campana Fonseca [BR],Raging Bolt Ogerpon
Hugo Fernandes [BR],Terapagos Dusknoir
victor fuentes [CL],Lugia Archeops
Luis Diaz [CL],Raging Bolt Ogerpon
MARLLON FELIPE MUNIZ DE FARIAS ALVES [BR],Other
William Weise [BR],Regidrago VSTAR
Luis Navas [CL],Raging Bolt Ogerpon
Sebastián Aspe [CL],Ancient Box
Franco Nuñez [CL],Raging Bolt Ogerpon
Antony Mizukami [BR],Raging Bolt Ogerpon
Mario Cesar Destro [BR],Other
Raul Avila [MX],Lost Zone Box
Augusto Souza [BR],Dragapult ex
Julio Cesar de Amorim Francelino [BR],Terapagos Dusknoir
Ignacio Vidal [CL],Terapagos Dusknoir
Felipe Monteiro Morisson [BR],Lugia Archeops
Luiza Back [BR],Raging Bolt Ogerpon
Jenifer Aya Okazuka [BR],Lost Zone Box
Jaime Fierro angulo [CL],Raging Bolt Ogerpon
Hugo Alberto López [MX],Charizard Pidgeot
Edmilson Rocha [BR],Raging Bolt Ogerpon
DANIEL ANDRADE JUNIOR [BR],Roaring Moon ex
diego andrade [BR],Regidrago VSTAR
Gustavo Adolfo Sayol de Sá Peixoto [BR],Raging Bolt Ogerpon
Jaime Cardoso [BR],Terapagos Dusknoir
Rafael Neubern de Souza [BR],Other
Cauan Carvalho [BR],Raging Bolt Ogerpon
Cédric Paporello [FR],Other
Miguel Del Valle Flores [CL],Raging Bolt Ogerpon
André Duarte [BR],Palkia
pedro ignacio toro gonzalez [CL],Lost Zone Box
Ignacio Silva [CL],Regidrago VSTAR
Mariela Ramos [PE],Raging Bolt Ogerpon
Alexander Alvarado [CL],Terapagos Dusknoir
Werick Santos [BR],Terapagos Dusknoir
Brian Wade [US],Other
Rafael Fuchs [BR],Charizard Pidgeot
Heitor Fernandes Pinho [BR],Charizard Pidgeot
Vinicius Correa [BR],Gardevoir ex
Frank Rojas [MX],Lugia Archeops
Nakay Kesler [AR],Terapagos Dusknoir
Soeren Oez [DE],Palkia
Owen Johnson [CA],Banette Gardevoir
Gonzalo Kohatsu [PE],Lugia Archeops
João Santos [BR],Other
Carlos Villalobos [MX],Charizard Pidgeot
BRUNO PARTALA [BR],Snorlax Stall
Gerardo Elgueta [CL],Dragapult Dusknoir
José Roberto Favato [BR],Charizard Pidgeot
Carlos Alberto Vasquez Rivera [MX],Lost Zone Box
Thais Steinbach [BR],Raging Bolt Ogerpon
Renata Pacheco [BR],Regidrago VSTAR
Damian Fulco [AR],Raging Bolt Ogerpon
RICARDO SCHMITZ [BR],Raging Bolt Ogerpon
Thalles Leite [BR],Roaring Moon ex
Valentino Peng [AR],Banette Gardevoir
luca ventimiglia [BR],Other
Thanya Soto [CL],Charizard Pidgeot
Jonathan Silva [CL],Raging Bolt Ogerpon
Juan Valdivia [CL],Raging Bolt Ogerpon
Cory Koehler [US],Raging Bolt Ogerpon
Roger Coudounarakis [BR],Terapagos Dusknoir
Felipe Lima [BR],Charizard Pidgeot
Josué Abraão [BR],Regidrago VSTAR
Ruben Rocha [CL],Regidrago VSTAR
Alejandro Avendaño [CL],Gholdengo ex
Renan Fardin [BR],Roaring Moon ex
Fernanda Cunha [BR],Gholdengo ex
Michael Byrne [ZA],Terapagos Dusknoir
Alexis Espinoza [MX],Charizard Pidgeot
Pedro Henrique Santos [BR],Terapagos Dusknoir
Gabriel Azevedo [BR],Gardevoir ex
Heather Vance-Winkler [US],Raging Bolt Ogerpon
Guillermo Parra Sandoval [CL],Iron Thorns ex
Raphael Sabetta [BR],Gardevoir ex
Wesly Dias Ribeiro [BR],Regidrago VSTAR
Eduardo Fenuchi [BR],Charizard Pidgeot
Dominique Pinochet [CL],Raging Bolt Ogerpon
Claudio Valderrama [CL],Raging Bolt Ogerpon
Kelvyn Silva [BR],Dragapult ex
Gustavo Vilhalva [BR],Raging Bolt Ogerpon
THIAGO GRACIANO DE PAIVA JUNIOR [BR],Regidrago VSTAR
Alexander Marques Avistá [BR],Iron Thorns ex
Nelson Mastrangelo albertoni [BR],Dragapult Dusknoir
Kevin Qi,Palkia
Diego Viamonte [BR],Iron Thorns ex
Marcos Vinícius Santos de Almeida [BR],Lugia Archeops
Diego Cavalcante [BR],Terapagos Dusknoir
RENATO PINTO [BR],Gardevoir ex
Mateus Batista [BR],Terapagos Dusknoir
Juan Martín Bravo [AR],Miraidon ex
Nicolas Sapunar [CL],Raging Bolt Ogerpon
Rodrigo Ciulla [BR],Lugia Archeops
Daniel Alejandro Elgueta Cancino [CL],Snorlax Stall
Daniel Vitor Blaia Gouvea [BR],Raging Bolt Ogerpon
ignacio Olivares [CL],Regidrago VSTAR
Benjamin Vasquez [CL],Terapagos Dusknoir
Yago Marcon [BR],Raging Bolt Ogerpon
FABIEN Pujol [FR],Regidrago VSTAR
Antonio Pedro Garbelotti Cruz [BR],Raging Bolt Ogerpon
Omar Uribe [PE],Gardevoir ex
James Washer [US],Iron Thorns ex
Diego Leite Oliveira [BR],Raging Bolt Ogerpon
Leonardo Paulucci [BR],Terapagos Dusknoir
José Benjamin [BR],Terapagos Dusknoir
Nathan Hoekman [US],Terapagos Dusknoir
Francisco Toloza [CL],Other
Lucas de Freitas Perella [BR],Charizard Pidgeot
Augusto Piovesan [BR],Other
Fábio Henrique Andrade Silva [BR],Ancient Box
Matheus Franca [BR],Regidrago VSTAR
Cristofer Lima [BR],Raging Bolt Ogerpon
Filipe da Rocha Cardoso [BR],Banette Gardevoir
João Vitor Fernandes Silveira [BR],Roaring Moon ex
Fernando Scapatici [BR],Charizard Pidgeot
Alcides Neves [BR],Lugia Archeops
Emily Rhodes [US],Charizard Pidgeot
Thais Farto [BR],Charizard Pidgeot
Thomas Burmeister Silva [BR],Lugia Archeops
Igor Mazza Barbosa Oliveira [BR],Gholdengo ex
Luiz Carrion [BR],Iron Thorns ex
Matheus Gabriel [BR],Palkia
Gianmarco Tizzot [BR],Lugia Archeops
Murillo Avila [BR],Banette Gardevoir
Gabriel Souza Bispo da Silva [BR],Iron Thorns ex
Vitoria Mialski [BR],Lugia Archeops
adilson junior [BR],Iron Thorns ex
Caio Bruneli [BR],Miraidon ex
Felipe Santana [BR],Other
Victor Salgado [BR],Raging Bolt Ogerpon
Caio Lacerda [BR],Ancient Box
Cristopher Cerda [CL],Raging Bolt Ogerpon
Manuel Collazos [PE],Gardevoir ex
Nicholas Zapparoli Haddad [BR],Iron Thorns ex
Rodrigo Mendes [BR],Raging Bolt Ogerpon
Marcelo Vercelino [BR],Lugia Archeops
Jean Pietro Carvalho dos Santos [BR],Terapagos Dusknoir
Benjamin Carrasco [CL],Raging Bolt Ogerpon
Takuya Yamaguchi [US],Lugia Archeops
marcus lundin [BR],Raging Bolt Ogerpon
Geovany Ramirez [US],Regidrago VSTAR
José Vitor Fontes São Pedro [BR],Lugia Archeops
Roberto Busato [BR],Raging Bolt Ogerpon
Adriano Neris [BR],Miraidon ex
Daniel Souza [BR],Roaring Moon ex
Anthony Smith [US],Palkia
Vinícius Moon Leite [BR],Lost Zone Box
Gabriel Campelo [BR],Lugia Archeops
Javier Barrientos [CL],Dragapult ex
Guilherme Leite [BR],Lugia Archeops
Caio Mendes [BR],Roaring Moon ex
Lucas Kenzou Sadakane Nakagava [BR],Palkia
Vicente (MoeHawk) Canales-Loyola [PY],Lugia Archeops
Ivan Chan [US],Raging Bolt Ogerpon
Benjamin Ferrel [CL],Palkia
Lucca Machado [BR],Terapagos Dusknoir
Celso Bispo [PT],Iron Thorns ex
MATHEUS ELIAS PINHEIRO [BR],Lugia Archeops
Francisco Javier Piñones Pineda [CL],Lugia Archeops
Daniel Abramovici [BR],Iron Thorns ex
Naim Legñar [MX],Terapagos Dusknoir
Eduardo Teixeira [BR],Charizard Pidgeot
Paul Karl-Alarcón Bickelein [PE],Raging Bolt Ogerpon
Pedro Mallet [BR],Terapagos Dusknoir
Vinicius Loureiro [BR],Charizard Pidgeot
Rômulo Rocha [BR],Gardevoir ex
Arthur Mesquita [BR],Lugia Archeops
Rafael Rodrigues Correia [BR],Charizard Pidgeot
Alexandre Hirao [BR],Raging Bolt Ogerpon
Eduardo Kawassaki [BR],Raging Bolt Ogerpon
victor muñoz [CL],Lugia Archeops
Endrews Oliveira [BR],Lost Zone Box
Ivan Ruiz [CL],Lugia Archeops
Augusto Ribeiro Jardim [BR],Dragapult Iron Thorns
Eduardo Cardoso [BR],Miraidon ex
Adriano Mazzarolo [BR],Raging Bolt Ogerpon
Lucas Schneider Lima [BR],Lugia Archeops
Diego Lon [BR],Gardevoir ex
Jonathan Rios [BR],Charizard Pidgeot
João Pedro Souza [BR],Raging Bolt Ogerpon
Belen Orallo [AR],Raging Bolt Ogerpon
Carlos Araya [CL],Terapagos Dusknoir
Ericson Mendes Souza [BR],Miraidon ex
João Vitor De Sá Medeiros Santos [BR],Raging Bolt Ogerpon
Rafael Frade [MX],Raging Bolt Ogerpon
Luis Carlos Sanchez Rojas [MX],Lugia Archeops
Frank Jimenez [US],Other
Jose Rivera [CL],Terapagos Dusknoir
Luann Kenji [BR],Raging Bolt Ogerpon
Lucas Eduardo [BR],Other
FELIPE MULLER ZAPATA [BR],Raging Bolt Ogerpon
Francielle Bolsok [BR],Raging Bolt Ogerpon
Airton Brandt Junior [BR],Charizard Pidgeot
Antoine Betti [FR],Regidrago VSTAR
pedro santos [BR],Terapagos Dusknoir
Daniel Santos [BR],Klawf Terapagos
Giovanne Lucas Santos Marques [BR],Charizard Pidgeot
Diane Schemanske [US],Iron Thorns ex
Justin Kim [CA],Regidrago VSTAR
Matheus Oliveira [BR],Dragapult Dusknoir
Ivan Martinez [MX],Raging Bolt Ogerpon
william silveira [BR],Dragapult Dusknoir
Guilherme Henrique [BR],Charizard Pidgeot
Lucas Pereira [BR],Iron Thorns ex
Leandro Villanova Oliveira [BR],Other
rodrigo castro [CL],Snorlax Stall
Adolfo Lagos [CL],Dragapult Iron Thorns
Daniel Facciabene [AR],Lugia Archeops
Naoki Sosa Aoyama [PY],Terapagos Dusknoir
Felipe Elgueta [CL],Miraidon ex
Augusto Sergio Dantas Monsores [BR],Gardevoir ex
Ramón Espinoza [CL],Terapagos Dusknoir
Monica Pereira [BR],Raging Bolt Ogerpon
Victor Montañez [MX],Banette Gardevoir
Bilal Ahmad [ZA],Raging Bolt Ogerpon
Danilo Enrique Souza [BR],Dragapult Pidgeot
Leandro Matumoto [BR],Raging Bolt Ogerpon
Felipe Guedes [BR],Ancient Box
Lucas Keiji Hori Rosa [BR],Terapagos Dusknoir
Ribamar José Bassan Filho [BR],Other
Tomas Abad [AR],Dragapult Pidgeot
Daniela Morais [BR],Dragapult Dusknoir
Matias Herrera [CL],Dragapult Dusknoir
Luigi Profeti [BR],Terapagos Dusknoir
Lucas Gabriel Vitro Oliveira [BR],Dragapult Dusknoir
Pedro Henrique Hage Bonicontro [BR],Lugia Archeops
"Florian ""SΛDLIFE"" Schlabes [DE]",Unknown
Gabriel Funayama [BR],Raging Bolt Ogerpon
Vania Ramirez [MX],Raging Bolt Ogerpon
Luiz Claudio Rios Pecoraro Junior [BR],Terapagos Dusknoir
Pablo Láscar Carvajal [CL],Dragapult Dusknoir
Jeremias Dantas [BR],Dragapult Dusknoir
Felipe Oriente [BR],Terapagos Dusknoir
Thayná Bertho [BR],Lugia Archeops
Dennis Aguilera da Costa Garcia [BR],Lost Zone Box
Jorge Perusina [GT],Raging Bolt Ogerpon
Ranielhy Spoladore [BR],Raging Bolt Ogerpon
Carlos Jara [CL],Lugia Archeops
Lucas Russo [BR],Gholdengo ex
Thaís Câmara [BR],Roaring Moon ex
Matheus Henrique Tavares [BR],Miraidon ex
Jeremy Erazo [CL],Lugia Archeops
Jose Monroy [PE],Gardevoir ex
Artur Ramos [BR],Ancient Box
Felipe Valenzuela [CL],Terapagos Dusknoir
Josefa Eugenin,Raging Bolt Ogerpon
Tácio Grossi [BR],Gardevoir ex
VICTOR ISIQUE [BR],Dragapult Pidgeot
Vinicius Correia [BR],Terapagos Dusknoir
diego zuniga [CL],Ancient Box
Bruno Garcia [BR],Terapagos Dusknoir
Berman Rivas [CL],Terapagos Dusknoir
Bruno Bolson [BR],Roaring Moon ex
Eric Zhao [US],Gholdengo ex
Matheus Gomes [BR],Terapagos Dusknoir
Cristian Gallo [CL],Iron Thorns ex
Matheus Tomaz [BR],Ancient Box
Vinicius Carvalho [BR],Charizard Pidgeot
Beat Christen [CH],Iron Thorns ex
eduardo soto saez [CL],Palkia
Giusepe Aguzzi [CR],Gardevoir ex
Alexis Seco [CL],Lugia Archeops
Phelipe Diogo Gagliardo [BR],Charizard Pidgeot
Christian Badenas [AR],Lugia Archeops
Kai Shahmeen Kasim [US],Lugia Archeops
Carlos Palomeque [MX],Raging Bolt Ogerpon
Gian Luca [BR],Lugia Archeops
André Pereira [BR],Charizard Pidgeot
Henrique Max [BR],Charizard Pidgeot
Andrea Foffi [IT],Charizard Pidgeot
Marcel Okano [BR],Terapagos Dusknoir
Luiz Carlos Ventrilho [BR],Other
Renato Barros Garcia [BR],Terapagos Dusknoir
João Alcim Neves [BR],Terapagos Dusknoir
Caio César Freitas Costa Cabral [BR],Roaring Moon ex
DIMAS NETO [BR],Charizard Pidgeot
Ignacio Irribarren [CL],Snorlax Stall
Camilo Zamora [CL],Banette Gardevoir
Fernando Falquetto [BR],Regidrago VSTAR
Lucas Izabo [BR],Regidrago VSTAR
Lucas De Araujo Leite [BR],Gardevoir ex
Nicolás Paiva [CL],Palkia
Gustavo Firmiano [BR],Ancient Box
Audel Dugarte [CL],Lugia Archeops
Lucas Ferreira Nunes [BR],Roaring Moon ex
Miguel Catalán Torres [CL],Iron Thorns ex
Henrique Lasso [BR],Terapagos Dusknoir
Christhian Cordeiro [BR],Roaring Moon ex
Hernán Clivio [CL],Charizard Pidgeot
Pablo Carrizales [MX],Regidrago VSTAR
Sebastián González [CL],Terapagos Dusknoir
João Elmos [BR],Raging Bolt Ogerpon
Lucas Barros [BR],Ancient Box
Danilo Carrasco [CL],Other
Bruno Gastaldi [BR],Raging Bolt Ogerpon
Jason Whittle [US],Gardevoir ex
Matheus Gustavo Alves Sasso [BR],Gardevoir ex
Leonel Izaba [GT],Dragapult Dusknoir
Heinrich Doi [BR],Palkia
Vitor Mendes [BR],Charizard Pidgeot
pedro vieira [BR],Miraidon ex
VINÍCIUS UEHARA [BR],Regidrago VSTAR
Gabriel Liody Hashizume Flor [BR],Raging Bolt Ogerpon
Julian Riveros [CO],Regidrago VSTAR
Bruno De Lucena [BR],Dragapult Dusknoir
Camila Pastro [BR],Lugia Archeops
César Luan Santos [BR],Dragapult Dusknoir
William Basso [BR],Raging Bolt Ogerpon
Thiago Garcia dos Santos [BR],Snorlax Stall
Keito Arai [JP],Regidrago VSTAR
Marcio Eduardo da Silva [BR],Other
Darlan Silva [BR],Pidgeot Control
FERNANDO FERREIRA [BR],Charizard Pidgeot
Mey Isonaka [BR],Charizard Pidgeot
Osvaldo Vivar [CL],Raging Bolt Ogerpon
Carlos Barros [BR],Terapagos Dusknoir
Carlos Ivan Novelo Ocampo [MX],Lugia Archeops
Hanako Misuki Taguchi [BR],Lost Zone Box
LUCAS TEIXEIRA [BR],Regidrago VSTAR
Hugo Durães [BR],Regidrago VSTAR
Tiger Yang [US],Lost Zone Box
Anthony Barragan [US],Snorlax Stall
Lucas Anunciação [BR],Snorlax Stall
Alejandro De la Peña [MX],Lugia Archeops
Juan Andree [CL],Raging Bolt Ogerpon
Rennan Mutz [BR],Raging Bolt Ogerpon
Juliano de Almeida Jompolsky [BR],Raging Bolt Ogerpon
Robert Meira [BR],Other
gabriel schmitt [BR],Other
Luiz Vila [BR],Lugia Archeops
Gustavo Hos [BR],Lugia Archeops
Matheus Chaparim [BR],Lugia Archeops
Paulo Cesar Moraes Filho [BR],Raging Bolt Ogerpon
JORGE DA SILVA VIEIRA [BR],Terapagos Dusknoir
Jorge Eduardo Taucare Miranda [CL],Roaring Moon ex
Justin Bokhari [US],Regidrago VSTAR
Augusto Cesar Macolla Bazan [BR],Terapagos Dusknoir
Luan Loose [BR],Terapagos Dusknoir
Gabriel Reyes [MX],Raging Bolt Ogerpon
HUGO ALMEIDA [BR],Terapagos Dusknoir
Davi Sousa Gomes Costa [BR],Regidrago VSTAR
Luciano Pinheiro [BR],Regidrago VSTAR
Hiago Bahú [BR],Charizard Pidgeot
Matheus Araujo [BR],Terapagos Dusknoir
Leandro Souza [BR],Lugia Archeops
Adriano Melo [BR],Terapagos Dusknoir
Thomas Carter [CL],Terapagos Dusknoir
Charles Ames [CA],Terapagos Dusknoir
Mauricio Torres Chavez [CL],Raging Bolt Ogerpon
Guilherme Lima [BR],Other
Artur Duarte de Carvalho [BR],Other
Jefferson Araújo [BR],Dragapult Dusknoir
Vitor Jacomett [BR],Charizard Pidgeot
Andre Ribeiro [BR],Regidrago VSTAR
Anderson Luis Magalhães Couto de Souza Pereira [BR],Dragapult Pidgeot
Rodrigo Ribeiro Conceição [BR],Regidrago VSTAR
Luiz moura [BR],Terapagos Dusknoir
Guilherme Bazana [BR],Lugia Archeops
Marcos Nascimento [BR],Gardevoir ex
Laura Webber Alves [BR],Dragapult Dusknoir
Luciano Passos [BR],Charizard Pidgeot
Matheus Morato [BR],Regidrago VSTAR
VITOR CARRIAO [BR],Gardevoir ex
Pedro Paulo Zeuli Rio [BR],Regidrago VSTAR
Andréa Arakaki [BR],Terapagos Dusknoir
Alejandro Hernandez [MX],Lugia Archeops
Isaque Mesquita [BR],Regidrago VSTAR
Luiz Felipe Oliveira Cabral [BR],Terapagos Dusknoir
Luiz Gomes [BR],Dragapult Dusknoir
André Silva [BR],Raging Bolt Ogerpon
Alexander Chacon [CR],Charizard Pidgeot
Daniel Vega Stückrath [CL],Other
Francisco Figueroa [CL],Klawf Terapagos
Samuel Martins [BR],Lost Zone Box
William Igarashi [BR],Pidgeot Control
Vincent Quiroz [CL],Miraidon ex
Jaime Martinez [CL],Terapagos Dusknoir
Leonardo Martins [BR],Raging Bolt Ogerpon
Renan Fiorani [BR],Terapagos Dusknoir
LUCAS ALEXANDRE [BR],Ancient Box
Yalace de Souza Marques [BR],Raging Bolt Ogerpon
Leandro Spagnoli [AR],Banette Gardevoir
Giulia Ayumi [BR],Other
Dario Scarnò [IT],Other
Phillipe Gaspar [BR],Terapagos Dusknoir
Mario Oviedo [CL],Snorlax Stall
MARCELLY PAULINO [BR],Gardevoir ex
Leonardo Oliveira [BR],Roaring Moon ex
Haru Nishikawa [JP],Regidrago VSTAR
André Cristiano da Cunha [BR],Charizard Pidgeot
Paulo Chehadi [BR],Gardevoir ex
JULIO OSORIO DAMIAN [MX],Raging Bolt Ogerpon
Pedro Freitas [BR],Other
Fernando Gonçalves [BR],Palkia
André Scholz [BR],Lugia Archeops
Luz Neira [CL],Raging Bolt Ogerpon
Mateus Palhano [BR],Roaring Moon ex
Cristian Montas [US],Ancient Box
João Pedro [BR],Lost Zone Box
Henrique Carbonar [BR],Dragapult Pidgeot
Guilherme Ferreira [BR],Raging Bolt Ogerpon
felipe william [BR],Other
Rafael Marques [BR],Lugia Archeops
Artur Féres [BR],Regidrago VSTAR
Vitor Montagnoli [BR],Regidrago VSTAR
Jack Gregory-Campbell [UK],Terapagos Dusknoir
Atila Augusto [BR],Terapagos Dusknoir
Renato Junior [BR],Roaring Moon ex
Luis Carlos Vieira Buechele [BR],Other
Tuane Perez de Sousa [BR],Raging Bolt Ogerpon
Johnny Silva [BR],Iron Thorns ex
Matt Banna [US],Miraidon ex
SAMIR NETO [BR],Other
Gustavo Dantas [BR],Dragapult Dusknoir
Gabriel Machado Carvalho Dias [BR],Iron Thorns ex
Felipe Barreto [BR],Other
Antoine Olivier [US],Raging Bolt Ogerpon
Failon Sousa [BR],Dragapult Dusknoir
Vinicius Costa [BR],Regidrago VSTAR
Damian Fernandez Urroz [AR],Terapagos Dusknoir
José Burgue [BR],Regidrago VSTAR
heddi Brahmi [FR],Regidrago VSTAR
Thomas Veazie [US],Regidrago VSTAR
Rafael Nepomuceno [BR],Dragapult Dusknoir
sebastian martinez [CL],Lugia Archeops
marcelo almeida [BR],Iron Thorns ex
Miguel Honofre [BR],Terapagos Dusknoir
Vitor Akira Kawashima [BR],Other
Eric Vexenat [FR],Terapagos Dusknoir
Kaio César Silva [BR],Lugia Archeops
Mahomed Mahomed [ZA],Lugia Archeops
Douglas Eduardo de Souza [BR],Other
Juan Sebastian Rojas Prieto [CO],Charizard Pidgeot
Ajay Sridhar [US],Terapagos Dusknoir
Ryan Queiroz [BR],Dragapult Dusknoir
Gabriel Santos [BR],Pidgeot Control
Kristian Hodas [SK],Terapagos Dusknoir
André Costa Lopes [BR],Roaring Moon ex
Andi Guevara [US],Charizard Pidgeot
Pedro de Mattos [BR],Raging Bolt Ogerpon
Bruno Colisse [BR],Dragapult Pidgeot
Vinícius Gonçalves [BR],Terapagos Dusknoir
Vitor Kleindinst Figueiredo [BR],Other
Gustavo Serafim [BR],Lugia Archeops
Tiago Dias [BR],Iron Thorns ex
Marcela Magalhães [BR],Other
Yoanis Kovelis [BR],Miraidon ex
Luiz Fernando Tobo [BR],Regidrago VSTAR
Alberto Hiratsuka [BR],Iron Thorns ex
Rodrigo Soares de Castro [BR],Other
Jheyssy Rocha [BR],Terapagos Dusknoir
Pablo Sanhueza [CL],Dragapult Dusknoir
Alexandre Souza [BR],Dragapult Dusknoir
PAOLA VIGGIANO [BR],Raging Bolt Ogerpon
jhonattan marques [BR],Miraidon ex
Lucas de Carvalho Rodrigues da Silva [BR],Charizard Pidgeot
Roberto Paixão [BR],Pidgeot Control
Patricio Recio [CL],Regidrago VSTAR
Patrick Rhodes [US],Regidrago VSTAR
Vitor Silva [BR],Lugia Archeops
Alberto Bonsanto [MX],Lugia Archeops
Rodrigo Olivares [CL],Banette Gardevoir
Roberto Loaiza [CL],Other
Iain Harding [US],Lost Zone Box
Nicolás Valenzuela [CL],Roaring Moon ex
Luiz Gustavo Bianchi [BR],Terapagos Dusknoir
Yago Ribeiro [BR],Regidrago VSTAR
Matheus Kumm Cabane Oliveira [BR],Terapagos Dusknoir
Lucas Funada [BR],Lost Zone Box
André Neto [BR],Charizard Pidgeot
José Matheus Nascimento do Vale [BR],Charizard Pidgeot
Gabriel Isaac da Silva [BR],Charizard Pidgeot
Igor Gonçalves Ribeiro [BR],Regidrago VSTAR
Manuel González [CL],Terapagos Dusknoir
Christopher Rocha [BR],Other
Yadira Guzman [MX],Raging Bolt Ogerpon
Carol de Nadai [IE],Raging Bolt Ogerpon
Raphael Bazan [BR],Lugia Archeops
Ezequiel Jerez [AR],Raging Bolt Ogerpon
Mariana Motta [BR],Raging Bolt Ogerpon
Henrique Nobrega [BR],Lugia Archeops
Maianne Ribeiro [BR],Other
Alberto Paz [BR],Gardevoir ex
Leslie Cerro Silva [CL],Banette Gardevoir
Crisóstomo Dias [BR],Lugia Archeops
Fábio Melo de Santana [BR],Charizard Pidgeot
Hendriu Colombo da Silva [BR],Dragapult Dusknoir
Joaquin Abente [PY],Regidrago VSTAR
Eduardo Battendieri [BR],Pidgeot Control
André Yang Chung [BR],Terapagos Dusknoir
Marco Vargas [BO],Terapagos Dusknoir
Anderson Andrade [BR],Lost Zone Box
Guilherme Torres [BR],Regidrago VSTAR
camila hikari harada [BR],Regidrago VSTAR
Renato Padua Jr [BR],Raging Bolt Ogerpon
Beatriz Vitória Santos Alves [BR],Ancient Box
Gustavo Schefer [BR],Raging Bolt Ogerpon
Lucas Caetano [BR],Iron Thorns ex
Pedro vianna [BR],Regidrago VSTAR
Gabriel Bomfim [BR],Terapagos Dusknoir
Guilherme candido lopes [BR],Raging Bolt Ogerpon
Jefferson Bando [BR],Dragapult Pidgeot
Gustavo Gotardo [BR],Lugia Archeops
Kailey Thomas [US],Regidrago VSTAR
Bastian Latorre [CL],Palkia
Alexandre Abrão [BR],Dragapult Dusknoir
Jose Marcondes Barbosa Junior [BR],Charizard Pidgeot
Hernan Eugenio Rios Labbe,Unknown
Nicolas Lopez [CL],Charizard Pidgeot
Pedro Dossi [BR],Regidrago VSTAR
Cassio Augusto de Freitas [BR],Terapagos Dusknoir
Aaron-Lee Cole [AU],Terapagos Dusknoir
Konstantin Shapkin [UK],Gardevoir ex
Jailson Silva [BR],Other
Juan Batista [BR],Lugia Archeops
William Vandersyppe [BE],Snorlax Stall
Rafael Prado [BR],Raging Bolt Ogerpon
Murillo Anthony [BR],Raging Bolt Ogerpon
Arthur Martinez [BR],Charizard Pidgeot
César Augusto Assai Vaz [BR],Lugia Archeops
Felipe Correa [BR],Lugia Archeops
Kewer Marcos [BR],Lugia Archeops
Murilo Vasconcelos [BR],Charizard Pidgeot
Marcelo Andrade [BR],Charizard Pidgeot
Tulio Leonardo [BR],Charizard Pidgeot
Guillaume Adam [FR],Raging Bolt Ogerpon
Daniela Lima [BR],Raging Bolt Ogerpon
André Argolo [BR],Terapagos Dusknoir
Matheus Turra [BR],Roaring Moon ex
Danilo Nuñez [CL],Regidrago VSTAR
Carlos Eduardo Vieira [BR],Terapagos Dusknoir
Maria Luiza Pereira [BR],Regidrago VSTAR
Diana Hernandez [MX],Regidrago VSTAR
Rodrigo Hiratsuka [BR],Miraidon ex
Yuta Takahashi [JP],Ancient Box
Felipe Rodrigues [BR],Terapagos Dusknoir
Oscar Lobos [CL],Lugia Archeops
Thiago Sant Helena [BR],Iron Thorns ex
bruno pereira [BR],Other
joão victor paz venancio [BR],Terapagos Dusknoir
Arthur Almeida [BR],Raging Bolt Ogerpon
Alex Fusco [US],Roaring Moon ex
Rebecca Hendriks [NL],Gholdengo ex
Antonio Tolio [BR],Raging Bolt Ogerpon
Luis Mendoza [CO],Raging Bolt Ogerpon
Lucas Alkmin [BR],Iron Thorns ex
Norran Hirayama [BR],Raging Bolt Ogerpon
Abe Morales [US],Terapagos Dusknoir
Gabriel Pontes [BR],Terapagos Dusknoir
Luis Átila Dias Silva [BR],Charizard Pidgeot
LUCAS TERCEIRO [BR],Charizard Pidgeot
Alexandre Bozzo [BR],Gardevoir ex
Ernesto Perez [PE],Raging Bolt Ogerpon
Javier Gamboa [CL],Terapagos Dusknoir
Lucas Santos [BR],Terapagos Dusknoir
Cleber Feltrin [BR],Charizard Pidgeot
Mário Mateus [BR],Terapagos Dusknoir
Ana Carolina Orcelli Bautzer [BR],Dragapult Dusknoir
Gabriel Turri [BR],Regidrago VSTAR
Héctor Julián Parra Mogollón [CO],Raging Bolt Ogerpon
João Zago [BR],Miraidon ex
William Cañón [CO],Raging Bolt Ogerpon
Igor Marques [BR],Regidrago VSTAR
Luis Furlan [BR],Regidrago VSTAR
Rafael Santos [BR],Terapagos Dusknoir
Edson Silva de Almeida Junior [BR],Terapagos Dusknoir
Paulo Henrique Santos [BR],Gardevoir ex
Roberto Matos [BR],Dragapult Pidgeot
Felipe De Menezes [BR],Miraidon ex
Lorenzo Espetxe [AR],Banette Gardevoir
Omar Lima Junior [BR],Roaring Moon ex
Daniel Duarte [BR],Charizard Pidgeot
Marcelo Santiago [BR],Charizard Pidgeot
Júlia Pinotti [BR],Gardevoir ex
JEFFERSON SOUZA [BR],Terapagos Dusknoir
ANDERSON INACIO [BR],Raging Bolt Ogerpon
Rafael Dias Eto [BR],Gardevoir ex
Fabio Diogo Torres [BR],Dragapult Dusknoir
Everton Almeida [BR],Charizard Pidgeot
Jorge Pacheco [CR],Regidrago VSTAR
WAGNER KANASHIRO [BR],Other
Katherina Yañez Howard [CL],Gardevoir ex
Marcela Antunes [BR],Charizard Pidgeot
João victor Conforto zambon [BR],Lugia Archeops
Gedson Ferreira [BR],Other
Lucas Lemos Costa [BR],Snorlax Stall
Hanna Coutinho [BR],Iron Thorns ex
Pedro Simbelis [BR],Other
Mauricio Cataldo [CL],Snorlax Stall
Alisson Gino [BR],Ancient Box
Vicente Rodriguez Cuevas [CL],Terapagos Dusknoir
Matheus Jorge Rosa Pereira [BR],Other
Pedro Henrique Pereira calda [BR],Terapagos Dusknoir
Gonzalo Pinto [CL],Charizard Pidgeot
Hercules Eduardo Peres Da Silva [BR],Gardevoir ex
Gustavo Badin [BR],Raging Bolt Ogerpon
Camila de Nadai [BR],Raging Bolt Ogerpon
Giuliano Rodrigues Panhotta [BR],Dragapult Dusknoir
Gabriel Brustolin [BR],Gardevoir ex
Victor Hugo Oliveira [BR],Raging Bolt Ogerpon
Paulo Braga [BR],Gardevoir ex
Felipe Rios Correa,Unknown
Everton Herber [BR],Raging Bolt Ogerpon
Akira Kurasaki [JP],Regidrago VSTAR
Erick Fava dos Reis Figueiredo Dias [BR],Terapagos Dusknoir
João Bergamini [BR],Roaring Moon ex
Bruno Basso [BR],Other
Gabriel Massayuki Lima [BR],Lost Zone Box
Victor Alexis Belarde [AR],Lost Zone Box
Nicolas Ricardo Reiter [BR],Gholdengo ex
Bruno Lemos [BR],Raging Bolt Ogerpon
Andrew Zacatei [BR],Charizard Pidgeot
Lucas Elisio da Costa [BR],Other
Brandon Baughn [US],Lugia Archeops
Tulio Cruz [BR],Ancient Box
Felipe Herrera [BR],Terapagos Dusknoir
Neuton Neto [BR],Gardevoir ex
RAFAEL LEAO DE CASTILHO [BR],Terapagos Dusknoir
Vitor Koerner [BR],Regidrago VSTAR
Marcelo Oliveira [BR],Lugia Archeops
Sergio Felipe Jesus Lopes Cardoso [BR],Lost Zone Box
Guillermo Muñoz Tejo [CL],Lost Zone Box
Breno Almeida [BR],Charizard Pidgeot
Ondřej Škubal [CZ],Lugia Archeops
Marcelo Cansian [BR],Regidrago VSTAR
Marcio Paes Filho [BR],Lugia Archeops
Joshua Galea Logan [FR],Other
Gustavo Santos [BR],Iron Thorns ex
Maurício Bruno Lamounier Lopes Ramos [BR],Dragapult Dusknoir
Nicolas Piquerez [UY],Gardevoir ex
Luan henrique roman bonni [BR],Miraidon ex
Vitor Tatsumi [BR],Snorlax Stall
Fábio Iba e Silva Cabral [BR],Dragapult Dusknoir
Gustavo Henrique Vieira [BR],Other
Igor Rocha de Souza [BR],Regidrago VSTAR
Alex Ikezili [BR],Gardevoir ex
Christian Medeiros [BR],Raging Bolt Ogerpon
Thiago Cairo [BR],Iron Thorns ex
Sergio Filho [BR],Regidrago VSTAR
Marco Cifuentes D [CL],Other
Daniel Spoladore [BR],Lugia Archeops
Bruno Mattos [BR],Terapagos Dusknoir
Luis Carlos Rodrigues de Souza [BR],Miraidon ex
Stella Rosa [BR],Dragapult ex
Jose Filho [BR],Terapagos Dusknoir
Lucas Chrisostimo Farah [BR],Iron Thorns ex
Filipe Felix [BR],Lugia Archeops
Rafael Silva [BR],Terapagos Dusknoir
Leonardo Barbosa Alves [BR],Terapagos Dusknoir
Matheus Mitsuru [BR],Charizard Pidgeot
Vinicius Augusto Gomes [BR],Charizard Pidgeot
Kaua Tomaz de Lima Souto [BR],Other
Douglas Minobu [BR],Charizard Pidgeot
Fernanda Emeterio Pintor [BR],Charizard Pidgeot
Mauricio Rodrigues Dias Fernandes [BR],Other
Gabriel Neves [BR],Dragapult Dusknoir
Gabriel Caprioli [BR],Other
Saulo Jose da Silva Filho [BR],Terapagos Dusknoir
André Luiz Velar Santos [BR],Charizard Pidgeot
Arthur Victor Monteiro Silva [BR],Iron Thorns ex
João Vitor Santos Oliveira Magiori [BR],Iron Thorns ex
Rodrigo Ferreira Costa Pinto [BR],Raging Bolt Ogerpon
Otaner Demarchi [BR],Regidrago VSTAR
Javier Ñancufil [CL],Dragapult Dusknoir
Kaynã Lima [BR],Lugia Archeops
Vinicius Souza [BR],Dragapult Dusknoir
Katherine Faundez [CL],Iron Thorns ex
Luan Costa [BR],Other
Hugo Estrella [BR],Lugia Archeops
Cezar Maekawa [BR],Dragapult Dusknoir
Luis Filipe Modesto Pereira [BR],Dragapult Pidgeot
Matheus Menegol [BR],Miraidon ex
Lucas Henrique de Almeida [BR],Miraidon ex
Bernardo Sosa [EC],Palkia
Bruno de Paula Gardinalix [BR],Palkia
carlos vinicius [BR],Regidrago VSTAR
Bruno Tassinari [BR],Raging Bolt Ogerpon
Leonardo Bahu [BR],Terapagos Dusknoir
Raul Neto [BR],Raging Bolt Ogerpon
Marcus Oliveira [BR],Other
Renzo Di Credico [BR],Dragapult Dusknoir
Alexandre Garuti [BR],Terapagos Dusknoir
Gabriel Kauê Lima [BR],Iron Thorns ex
Gilberto Torres [BR],Gardevoir ex
Breno Gonçalves de Almeida [BR],Raging Bolt Ogerpon
Sebastian Olivares [CL],Klawf Terapagos
Jaime Jubert [AR],Raging Bolt Ogerpon
Luis Eduardo Oliveira de Lima [BR],Charizard Pidgeot
Rafael Motta [BR],Banette Gardevoir
Bruno Costa [BR],Other
Guilherme Stroschon [BR],Gholdengo ex
Cassiano Carvalho [BR],Dragapult Dusknoir
Fernando Spin [BR],Other
Anderson Marcelino [BR],Other
Grecia Estefania Vargas Padron [MX],Roaring Moon ex
Antonio Castillo Matran [ES],Terapagos Dusknoir
Jéssica Pereira [BR],Raging Bolt Ogerpon
Sérgio Roberto Lemos de Carvalho [BR],Raging Bolt Ogerpon
Marcelo Silva Franco [BR],Klawf Terapagos
Denis Matias [BR],Roaring Moon ex
Rodolfo Silva [BR],Pidgeot Control
Valter \junior [BR],Unknown
Jefferson Alves da Silva [BR],Other
Roger Ricardo Visentin [BR],Regidrago VSTAR
Daniel Kenji Sakamoto [BR],Raging Bolt Ogerpon
Lucas Café [BR],Dragapult Dusknoir
Diogo Correa [BR],Lugia Archeops
ALBANO FRANCISCO SCHMIDT [BR],Charizard Pidgeot
jesus riva [MX],Lost Zone Box
Bruno Almeida [BR],Terapagos Dusknoir
Felipe Silva [BR],Charizard Pidgeot
Pedro Rogério Varalo Alvaro [BR],Gardevoir ex
Victor Philipe Smirnov [BR],Dragapult Dusknoir
Gustavo Mendrot Andrade [BR],Regidrago VSTAR
Taynã Berloffe [BR],Snorlax Stall
Jânio Lucas Marques Fenandes [BR],Banette Gardevoir
Gustavo Napolitano [BR],Lugia Archeops
Victor Chiarelli [BR],Charizard Pidgeot
Vitor Cunha [BR],Terapagos Dusknoir
Bruno Luis Orozimbo Quinteiro Leda [BR],Charizard Pidgeot
Marcelo Antonio Turra [BR],Raging Bolt Ogerpon
Rafael Peres de Oliveira [BR],Ancient Box
Wilson Pizzonia [BR],Gholdengo ex
Victor Glauber Lopes Silva [BR],Regidrago VSTAR
Carina Benitez de Siqueira [BR],Other
Paulo Victor Rodrigues Rosa [BR],Raging Bolt Ogerpon
Kaue Sales [BR],Palkia
Arnaldo Ferreira [BR],Other
Aderson da Cunha [BR],Terapagos Dusknoir
Julio Montalvão [BR],Other
Vinícius Masone [BR],Other
Gustavo Luz [BR],Charizard Pidgeot
CARLOS HANFT [BR],Raging Bolt Ogerpon
Ricardo Lundgren [BR],Other
Luan Amorim [BR],Raging Bolt Ogerpon
Pedro Olavo Aydos [BR],Other
bruno dias prado [BR],Raging Bolt Ogerpon
Rodrigo Costa [BR],Raging Bolt Ogerpon
Sandro Rodrigues [BR],Charizard Pidgeot
Cassio Santana da Silva Nascimento [BR],Other
Carlos Kobayashi [BR],Dragapult Dusknoir
Aurelio Miguel de Oliveira [BR],Dragapult Pidgeot
João Pedro Dos Santos Ferian [BR],Lugia Archeops
charles souza [BR],Roaring Moon ex
Caio Menghi Zampolli [BR],Other
Vladimir K. Pessoti Jr. [BR],Terapagos Dusknoir
Kelvin Ribeiro de Oliveira Silva [BR],Terapagos Dusknoir
MATEUS LEWIN [BR],Terapagos Dusknoir
Livia Alves [BR],Other
Bruno Ramos Lima Netto [BR],Banette Gardevoir
Diego Falqui [BR],Charizard Pidgeot
Antonio Ferreira Neto [BR],Other
Rafael Bernardes de Souza [BR],Ancient Box
Alessandro Rossetto [BR],Regidrago VSTAR
Rafael Menezes [BR],Palkia
Edvaldo Pontes [BR],Charizard Pidgeot
Olivier Campos [BR],Terapagos Dusknoir
Alejandro Tejada [PE],Gardevoir ex
Timur Yusuf [UK],Regidrago VSTAR
Gabriel Reis [BR],Pidgeot Control
Mario Alves [BR],Regidrago VSTAR
Luis Gonzalez [CL],Terapagos Dusknoir
Baptiste DUPUY [FR],Charizard Pidgeot
William Jesus de Paula [BR],Charizard Pidgeot
Matteo Quoiani [IT],Dragapult Dusknoir
Manuel Ernesto Lugo Olvera [MX],Roaring Moon ex
Marcin Szukała [PL],Iron Thorns ex
RAFAEL MIRANDA [BR],Charizard Pidgeot
Rodrigo Ferreira [BR],Iron Thorns ex
Rithyan G De araujo [BR],Banette Gardevoir
Alexandre Basso [BR],Raging Bolt Ogerpon
Artur Francisco da Silva Neto [BR],Lugia Archeops
Bruno Manzani [BR],Regidrago VSTAR
Vinícius Kinceler [BR],Dragapult Dusknoir
Grant Hays [US],Raging Bolt Ogerpon
Dylan Smeigh [US],Lugia Archeops
Rafael Weiss [BR],Dragapult Dusknoir
André Rassy [BR],Lugia Archeops
Marcelo Fraga [BR],Lugia Archeops
Andres Arango [CO],Lost Zone Box
Victor Leite [BR],Terapagos Dusknoir
Tiago Ribeiro [BR],Other
Victor Pederzini [BR],Iron Thorns ex
Luigi Braga [BR],Ancient Box
Felipe Rozante [BR],Other
Diego Leonardo [BR],Charizard Pidgeot
Matheus Fontoura Milhazes [BR],Gardevoir ex
Lucas Toledo [BR],Other
Heloïse Sanchez [BR],Gardevoir ex
Waldir Rodrigues Junior [BR],Dragapult Dusknoir
Gustavo Piatto Lopes [BR],Roaring Moon ex
ISADORA BUECHELE [BR],Iron Thorns ex
Andrey Floriano Silva [BR],Raging Bolt Ogerpon
Pedro Thiesen Schiochet [BR],Palkia
Bruno Rodrigues [BR],Charizard Pidgeot
Juan Carlos Hernandez [MX],Regidrago VSTAR
Alvaro Almeida [BR],Terapagos Dusknoir
Thales Godinho [BR],Lugia Archeops
Muhamed Palatinus [CA],Gardevoir ex
Leticia Magalhães [BR],Iron Thorns ex
ANDRE CABRAL [BR],Dragapult Dusknoir
Guilherme Ito [BR],Other
Thais do Nascimento Martins [BR],Other
João Guilherme de França Bragaia [BR],Other
Lucas Macedo da Silva [BR],Regidrago VSTAR
Diogo Freitas [BR],Charizard Pidgeot
Bruno Goya [BR],Regidrago VSTAR
Elton Daniel Carneiro Pinto [BR],Other
EDUARDO FEDER [BR],Terapagos Dusknoir
gabriel land [BR],Iron Thorns ex
Daniel Fernandez [BR],Snorlax Stall
Isaías nicollas Cordero [CL],Iron Thorns ex
Luiz Fillipe Coimbra Rosa [BR],Dragapult Dusknoir
"Gabriel ""Zen"" Henrique [BR]",Unknown
Christiano Carchereri [BR],Gardevoir ex
Matheus Rebouças [BR],Gardevoir ex
Yasmin Cipelli [BR],Raging Bolt Ogerpon
Raphael Oliveira Cruz [BR],Terapagos Dusknoir
Vinicius Scavoni [BR],Terapagos Dusknoir
Ana Cariane Grion [BR],Other
Cristobal Ruiz [CL],Terapagos Dusknoir
Lucas Fávero Sanches [BR],Terapagos Dusknoir
Rodolfo Terezan de Souza [BR],Terapagos Dusknoir
Pedro Donnangelo [BR],Raging Bolt Ogerpon
Igor Piero Manzutti [BR],Terapagos Dusknoir
Vinicius Pazian [BR],Dragapult Dusknoir
Paulo Lencioni [BR],Raging Bolt Ogerpon
Pablo Moreira [BR],Terapagos Dusknoir
Yerco Valencia [CL],Unknown
Nick Alvarez [US],Lost Zone Box
Angelo Ribeiro [BR],Terapagos Dusknoir
Jardel Artiman Cruz [BR],Unknown
Oscar Moya Arriagada [CL],Unknown
Joshua Sanchez [CR],Ancient Box
Adeline Davoli [FR],Charizard Pidgeot
Gustavo Matsufugi [BR],Charizard Pidgeot
Lucas Jordão [BR],Unknown
Railane Queiroz [BR],Raging Bolt Ogerpon
