James Cox [NL],Regidrago VSTAR
clement courbois [FR],Dragapult Pidgeot
Rone Nielsen [DK],Snorlax Stall
Alberto Conti [IT],Regidrago VSTAR
Kaiwen Cabbabe [AU],Regidrago VSTAR
Joshua Vanoverschelde [BE],Lugia Archeops
Ethan Wilde [UK],Lugia Archeops
Anthony Argente [FR],Raging Bolt Ogerpon
Nina Eisenblätter [DE],Regidrago VSTAR
David Walerian Rzepka [DE],Banette Gardevoir
Ondřej Škubal [CZ],Lugia Archeops
Sander Wojcik [NL],Other
Javier Tengo Jofre [ES],Terapagos Dusknoir
Luke Kirkham [UK],Other
Daniel Magda [CZ],Regidrago VSTAR
Nicholas Forsinetti [IT],Lugia Archeops
Stéphane Ivanoff [FR],Terapagos Dusknoir
Yoann Barszezak [FR],Regidrago VSTAR
Francesco Pasquale Caterino [IT],Charizard Pidgeot
miloslav posledni [CZ],Regidrago VSTAR
Nico Alabas [DE],Terapagos Dusknoir
nicky paradis [BE],Roaring Moon ex
Emma Hagen [NO],Pidgeot Control
Matthew Houtput [BE],Gardevoir ex
Drew Stephenson [UK],Regidrago VSTAR
Jory Koot [NL],Gardevoir ex
Lukasz Gziut [IM],Snorlax Stall
Aarni Karjala [FI],Charizard Pidgeot
Matias Matricardi [AR],Lost Zone Box
Joshua Galys [DE],Terapagos Dusknoir
Brent Tonisson [AU],Regidrago VSTAR
Mads Jensen [DK],Lugia Archeops
Elmar Tresp [DE],Snorlax Stall
Stephen L Kent [UK],Iron Thorns ex
Josh Bond [UK],Lugia Archeops
Emanuele Sirini [IT],Raging Bolt Ogerpon
Julien Charnet [FR],Iron Thorns ex
Bert Wolters [NL],Regidrago VSTAR
Arthur VINCENT [FR],Lugia Archeops
Bryan de Vries [NL],Charizard Pidgeot
Erik Bladh [SE],Charizard Pidgeot
Benjamin Martinsen [NO],Terapagos Dusknoir
Colin Müller-Kersting [DE],Dragapult Dusknoir
Florian Mansuy [FR],Terapagos Dusknoir
Omar Mahmood [UK],Lugia Archeops
Oscar Rivas [ES],Snorlax Stall
Harry Dunn [UK],Snorlax Stall
Tobias Gervin [IE],Raging Bolt Ogerpon
Amer Bikic [SE],Lugia Archeops
Łukasz Mazurkiewicz [PL],Snorlax Stall
Anthony Blanchard [FR],Lugia Archeops
Jamie Hindley [UK],Regidrago VSTAR
Stepan Suchanek [CZ],Lost Zone Box
Ashwin van Gool [NL],Raging Bolt Ogerpon
Igor Nowotnik [UK],Dragapult Dusknoir
stef jonge [NL],Charizard Pidgeot
Gilles Garré [BE],Regidrago VSTAR
Erik Støwer [NO],Lost Zone Box
Toby Clark [UK],Iron Thorns ex
Joshua Bausch [DE],Terapagos Dusknoir
Demetris Eaton [UK],Regidrago VSTAR
Jack Gregory-Campbell [UK],Terapagos Dusknoir
Matteo Cavani [IT],Terapagos Dusknoir
Maxence de Lussac [FR],Dragapult Dusknoir
Hermanni Hietalahti [FI],Lost Zone Box
Konsta Kallama [FI],Lugia Archeops
Maciej Chojnacki [PL],Raging Bolt Ogerpon
Jaume Torrelles [ES],Lugia Archeops
Bo Vinke [NL],Charizard Pidgeot
Corentin Antoine [FR],Gardevoir ex
Kai Wainwright [UK],Charizard Pidgeot
Thomas Standaert [BE],Lugia Archeops
Laura Abbott [UK],Raging Bolt Ogerpon
Ryan Griffiths [UK],Terapagos Dusknoir
Sen Caubergh [BE],Regidrago VSTAR
Bolly Olufon [UK],Miraidon ex
Magnus Pedersen [DK],Banette Gardevoir
Michal Grebenár [CZ],Lugia Archeops
Rune Heiremans [BE],Lost Zone Box
Kevin Balgar [DE],Gardevoir ex
Xavier Meyniel [FR],Lugia Archeops
Jack Culkin [UK],Charizard Pidgeot
Thomas Williams [UK],Regidrago VSTAR
Owyn Kamerman [NL],Banette Gardevoir
Dariusz Włodarski [PL],Lugia Archeops
Dario Van Meenen [DE],Snorlax Stall
Karl Blake [UK],Dragapult Dusknoir
Julius Brunfeldt [FI],Regidrago VSTAR
Demare Victor [FR],Lugia Archeops
Ali Salame [DE],Lugia Archeops
Thomas GULINO [FR],Terapagos Dusknoir
Zubin Schweitzer [UK],Pidgeot Control
Florian PETIT [FR],Iron Thorns ex
Dylan Zeller [FR],Snorlax Stall
Matthias Philipp [FR],Dragapult Dusknoir
Arthur Van Audenrode [BE],Terapagos Dusknoir
Tord Reklev [NO],Lost Zone Box
Alex Northey [UK],Klawf Terapagos
Ethan Chew [UK],Terapagos Dusknoir
Pearce Wilton [UK],Charizard Pidgeot
Hans van der Werf [NL],Gholdengo ex
Thomas Heijdemann [NL],Snorlax Stall
Koen Moors [NL],Raging Bolt Ogerpon
Alex Bismara [IT],Klawf Terapagos
Oliver Newson [UK],Iron Thorns ex
>ST10>Jamie Turner [UK],Unknown
Ruben van der Sluis [NL],Gholdengo ex
Lucian Hargreaves [UK],Charizard Pidgeot
Luke Ayla Mallia [MT],Banette Gardevoir
Lennert De Clercq [BE],Miraidon ex
Fabrizio Cremascoli [IT],Other
Julius Krag [DK],Banette Gardevoir
Alix Dufour [FR],Raging Bolt Ogerpon
HaiLong Nguyen [FR],Other
François FRUALDO [FR],Terapagos Dusknoir
Vinnie Schelfhaut [BE],Ancient Box
Alessandro Cremascoli [IT],Unknown
Leon Thiemann [DE],Unknown
Daniele Rosati [IT],Unknown
Owen Dalgard [US],Unknown
Marc Towler [UK],Unknown
Luca Clavadetscher [CH],Unknown
Yang SHI [FR],Unknown
Thomas GERAUNON [FR],Unknown
Nicolas Drouet [FR],Unknown
Victor Desombre [FR],Unknown
Bartosz Bialik [PL],Unknown
Valentin Radet [FR],Unknown
Niklaus Christen [CH],Unknown
Oliver Elwick [UK],Unknown
Jack Chambers [UK],Unknown
Gabor Van Meenen [DE],Unknown
Piotr Matliński [PL],Unknown
Benny Billinger [CA],Unknown
Max Hofmans [NL],Unknown
Luuk den Toom [NL],Unknown
heddi Brahmi [FR],Unknown
Frank Schaumann [DE],Unknown
Juho Kallama [FI],Unknown
Natalia Balcer [PL],Unknown
Alexandre Dubourg [FR],Unknown
Simone Canziani [IT],Unknown
Matteo Quoiani [IT],Unknown
Alp Ehliz [DE],Unknown
Brent degens [BE],Unknown
Thomas Ducrot [FR],Unknown
Alexander Käppler [DE],Unknown
Denis Kienzler [DE],Unknown
Christian Jahrbacher [AT],Unknown
Johannes Hagen [DE],Unknown
George Shough [UK],Unknown
Sawyer Melban [US],Unknown
Thibault Dezutter [BE],Unknown
Angel Grandati [FR],Unknown
Jack Pauling [UK],Unknown
David Marel [CZ],Unknown
Arne Van Braeckel [BE],Unknown
Leyton Hindle-Cain [UK],Unknown
Jesper S.H Eriksen [DK],Unknown
Jack Blyth [UK],Unknown
Manuel Jorach [AT],Unknown
Andrea Calciolari [IT],Unknown
Timothy Nicholson [IT],Unknown
Miłosz Dyrlica [PL],Unknown
Nofoume Ben Ahmed Aly [FR],Unknown
Julien Dallé [FR],Unknown
Mickael Lallemand [FR],Unknown
Victor ZHAO [FR],Unknown
Shotaro MIYABE [FR],Unknown
Megan Janszen [NL],Unknown
Marcin Ogórek [PL],Unknown
Priya Bodha [NL],Unknown
Jan Hausmann [DE],Unknown
Benjamin PHAM [NL],Unknown
Maxime Ameloot [FR],Unknown
Elvis Caccin [IT],Unknown
Brando Longino [IT],Unknown
Ewan West [UK],Unknown
Melanie van der Elsen [NL],Unknown
Steven Mao [DE],Unknown
Kristian Hodas [SK],Unknown
Alex Pavlenko [DE],Unknown
Julian Selimi [DE],Unknown
Martin Budka [DE],Unknown
Oliver Brice [UK],Unknown
Kai Chun So [UK],Unknown
David Booij [NL],Unknown
Quentin MATERNAT [FR],Unknown
Sophia Checkley-Barrett [UK],Unknown
Krzysztof Fryca [PL],Unknown
Martin Desombre [FR],Unknown
Vincenzo Bastelli [IT],Unknown
Quentin Fens [NL],Unknown
Joseph Philip [UK],Unknown
Niels Van Ravenzwaaij [NL],Unknown
Siebe Bauwens [BE],Unknown
Antoine Betti [FR],Unknown
Luigi Petrozzi [IT],Unknown
Joe Bates [UK],Unknown
James Hathaway [UK],Unknown
Winnie Wong [UK],Unknown
Andrew Elliott [UK],Unknown
Teddy Vataire [FR],Unknown
Axel Piscaglia [FR],Unknown
Alex Robertson [UK],Unknown
David Hennaut [BE],Unknown
Alexandre Solé [BE],Unknown
Michael Clazzer [IT],Unknown
Yarno Van der fraenen [BE],Unknown
Vianney Leroy [FR],Unknown
Christian Fontenot [DK],Unknown
SEBASTIEN MARQUES [FR],Unknown
Steven Mills [UK],Unknown
Daniel Rinaldi [IT],Unknown
Neddy Kosek [CZ],Unknown
Jake Gamblen [UK],Unknown
Franck ALEXANDRE [FR],Unknown
Adam Luck [UK],Unknown
Paul Garnier [UK],Unknown
Alex Dao [UK],Unknown
Gioele Reitano [DE],Unknown
Massimiliano Vitiello [UK],Unknown
Damian Wincenciak [PL],Unknown
Adam Hawkins [UK],Unknown
Pedro Eugenio Torres [ES],Unknown
Uffe Axelsen [DK],Unknown
Nicolas Baumann [DE],Unknown
Juri Pavlik [DE],Unknown
Jasmine Dickinson [UK],Unknown
Andrew Hayward [UK],Unknown
Lukas Coenraats [NL],Unknown
Yasmin Kiss [DE],Unknown
Mauro Spanò [IT],Unknown
César Carbajo García [ES],Unknown
Alex Bortolini [IT],Unknown
Lennert Van Overloop [BE],Unknown
Thomas Jones [UK],Unknown
Jaden Berberich [DE],Unknown
Hugo Lilja [SE],Unknown
Piotr Orleański [PL],Unknown
Gilles Heyndrickx [BE],Unknown
Hugo Flokstra [NL],Unknown
Kurtis Broughton-King [UK],Unknown
Andrea Miggiano [IT],Unknown
Fabio Battistella [IT],Unknown
Karel Maertens [BE],Unknown
Nerses Fatunz [DE],Unknown
Joe Lamb [UK],Unknown
Adria Tam Martinez [UK],Unknown
Jérémy Crapez [FR],Unknown
Tobias Roberts [UK],Unknown
Tobias Walther [DE],Unknown
Chris Mastromarino [IT],Unknown
Elias Stratmann [DE],Unknown
JOEL NGUYEN [FR],Unknown
Hana Perez [ES],Unknown
Kyle Best [UK],Unknown
Riccardo Coviello [IT],Unknown
Mike Davies [UK],Unknown
Alvaro BUENO BLANCO [ES],Unknown
Artur Herdt [DE],Unknown
Jelle van Kampen [NL],Unknown
Kaya Lichtleitner [DE],Unknown
Iosac Gallagher [IE],Unknown
stefanos spyropoulos [GR],Unknown
Thomas Van Engeland [BE],Unknown
Simran Sahota [UK],Unknown
Janus Wagner [DE],Unknown
Gianmarco Morlé [IT],Unknown
Laura Takeda [UK],Unknown
John Bioux [FR],Unknown
Brennan Kamerman [NL],Unknown
Florian Giesa [DE],Unknown
Alexander Deegener [DE],Unknown
ward knuts [BE],Unknown
Charlie Collis [UK],Unknown
Gabriel Fischer [CH],Unknown
Keenan Grange [UK],Unknown
Max Theeuwen [NL],Unknown
Daniël Rietbergen [NL],Unknown
Fabio Lembo [IT],Unknown
Zachary Brotherton [UK],Unknown
Axel VOLONDAT [FR],Unknown
Antoine Floure [FR],Unknown
Connor Morgan [UK],Unknown
Igor Pouillon [FR],Unknown
Mikołaj Plich [PL],Unknown
Thomas Launay [FR],Unknown
Corentin METGE [FR],Unknown
Kilian Barth [DE],Unknown
Will Gracie [UK],Unknown
Sabrina Cugnier [FR],Unknown
Antoine Lestarquis [FR],Unknown
Robert Hodes [NL],Unknown
Tom-Cedric Hinz [DE],Unknown
Danny Verduyn lunel [NL],Unknown
Manuele Tartaglia [IT],Unknown
Miguel Lorenzo Iglesias [ES],Unknown
Dustin Bachmann [DE],Unknown
Liliana Imrichová [SK],Unknown
Axel Oberti [FR],Unknown
Alexis Molineau [FR],Unknown
Andrea Mario Schroder [IT],Unknown
Thomas Karg [DE],Unknown
Louis BOURRIAGUE [FR],Unknown
Lauri Harmaja [FI],Unknown
Walid ABDERRAHMANI [FR],Unknown
Aldra Carrillo [ES],Unknown
harvey scheinman [UK],Unknown
Adam Jenemark [SE],Unknown
Mathias Kerckhof [BE],Unknown
Renaud LEVAIN [FR],Unknown
Vincent Jouare [FR],Unknown
Cem Kara [DE],Unknown
Samuele Roma [IT],Unknown
Sion Griffiths [UK],Unknown
>ST19>Matt Mitchell [UK],Unknown
Celso Bispo [PT],Unknown
Benedetta Todaro [IT],Unknown
Charlie Broome [UK],Unknown
Jari Honraedt [BE],Unknown
Kyle Burton [UK],Unknown
minqan rassalle [BE],Unknown
Davide Zamuner [IT],Unknown
Nino Anderluh [SI],Unknown
Daniel Rowe [UK],Unknown
Nikoline Pedersen [DK],Unknown
Mateusz Klawikowski [UK],Unknown
Thibault Petit [FR],Unknown
Nicolas Bartkowiak [FR],Unknown
Simon Kolbe [DE],Unknown
Patrick NGOYI [FR],Unknown
Matteo Tenan [IT],Unknown
Arthur Gibelin [FR],Unknown
Kevin Kitzig [DE],Unknown
Dominic Charlton [UK],Unknown
Daniel Díaz [ES],Unknown
Antoine Fichefet [FR],Unknown
Finn Schleusner [DE],Unknown
Alberto Benvenga [IT],Unknown
Andreas Deese [DE],Unknown
Paul Stringer [UK],Unknown
Amy Jones [US],Unknown
Amber Watson [UK],Unknown
Jawad Chowdhury [UK],Unknown
Paolo Cantile [IT],Unknown
Luis Salvador [ES],Unknown
YANN CANTORO [FR],Unknown
Petr Luba [CZ],Unknown
Kevin Andriamanefo [FR],Unknown
Luca Joos [BE],Unknown
Nathan Doyle [IE],Unknown
Jan Schäfer [DE],Unknown
Christopher Oeltjendiers [DE],Unknown
Bastien Valentin [FR],Unknown
Arvid Holl [DE],Unknown
Paulo Mimoso [PT],Unknown
Roberto Costanzo [FR],Unknown
Rasmus Wagner [DK],Unknown
Julius Hoeptner [DE],Unknown
Corentin VACHEY [FR],Unknown
Lasse Nielsen [DK],Unknown
Adam Brooke [UK],Unknown
Danny Edgar [UK],Unknown
Diego Alexandre [FR],Unknown
Guillaume FLAMENT [FR],Unknown
Kévin NEPHTYS Semlali [FR],Unknown
Francesco De Blasio [IT],Unknown
Rubèn Schonewille [NL],Unknown
Jonathan Sharpling [UK],Unknown
Baverel Thomas [FR],Unknown
Michael Niska [SE],Unknown
Marcel Klein [DE],Unknown
Quentin Lima [FR],Unknown
Lyder Iversen [NO],Unknown
Ryan Moorhouse [UK],Unknown
Xander Brown [UK],Unknown
Jari Bonsee [NL],Unknown
Gia-Thanh Thai [FR],Unknown
Jacob O'Hara [UK],Unknown
Scott Pahnke [UK],Unknown
Ludovic Orban [FR],Unknown
Romain Lavaut [FR],Unknown
Samuele Gnoli [IT],Unknown
Jakob Wagner [DK],Unknown
Kevin Gerritzen [DE],Unknown
Konstantinos Anagnostopoulos [GR],Unknown
Mike de Bruijn [NL],Unknown
Eric Aut [BE],Unknown
Luke Doran [UK],Unknown
Sebastian Teague [UK],Unknown
Jamie Miller [UK],Unknown
>ST9>Sanne van Hoogstraten [NL],Unknown
Ashley Baldry [UK],Unknown
facundo facio [AR],Unknown
Nam Paul Nguyen [DE],Unknown
Ithiel Arki [FR],Unknown
Ye Wang Chen [IT],Unknown
James Butler - Royal [UK],Unknown
Marius Hinderberger [DE],Unknown
Benjamin Goodridge [UK],Unknown
Gavin Hoebeeck [UK],Unknown
Luigi Vezzoni [IT],Unknown
Filippo Colamorea [IT],Unknown
Marek Stolarik [SK],Unknown
Alex Frindt [SK],Unknown
Lewis Wilsher [UK],Unknown
Fabian Schlieckau [DE],Unknown
Giorgio Cancian [IT],Unknown
Aleksander Domek [PL],Unknown
Alex Boin [FR],Unknown
Tad Hansen [UK],Unknown
Darren Ho [ZA],Unknown
Amine El Bouhattaoui [NL],Unknown
Bastien LAMOTTE [FR],Unknown
Jeremy Limousin [FR],Unknown
Julien Gaudfrain [FR],Unknown
Davide Maniscalco [IT],Unknown
Alejandro Felices Puértolas [ES],Unknown
Simone Venticinque [IT],Unknown
James Lewis [UK],Unknown
JP THAMMABOUTH [FR],Unknown
Markos Dagas [GR],Unknown
Tristan Kenzeler [BE],Unknown
Giuseppe Ametrano [IT],Unknown
Jamie Escalante [UK],Unknown
Justin Kempley [UK],Unknown
Dario Tosolini [IT],Unknown
Joseph Welch [UK],Unknown
Cédric Paporello [FR],Unknown
Brice FROMONT [FR],Unknown
Konstantin Shapkin [UK],Unknown
Gioele Dell'Andrino [CH],Unknown
Kévin Vacquier [FR],Unknown
Alexis MARTIN [FR],Unknown
Mathias Cohen-Solal [FR],Unknown
Atilla Gedik [NL],Unknown
Craig Standen [UK],Unknown
Bernhard Mandl [AT],Unknown
German Arribas Gongora [ES],Unknown
Filippo Gatti [IT],Unknown
terry bennett [UK],Unknown
Ruben Gomez de la Peña [ES],Unknown
Timothy Cox [UK],Unknown
Marijn van Duivenboden [NL],Unknown
Simone Fiorito [IT],Unknown
Jonas Ude [DE],Unknown
Corentin Gaudfrain [FR],Unknown
Adam Denk [CZ],Unknown
Fabio Spanò [IT],Unknown
Nereis Dugaleix [FR],Unknown
Beppe Grönmark [SE],Unknown
Bernard Kościk [PL],Unknown
Pascal Tillenberg [DE],Unknown
Markus Schulze [DE],Unknown
Marc Torres Jimenez [ES],Unknown
Paul Shail [UK],Unknown
Francesco Parazzini [IT],Unknown
Tom Leroy [FR],Unknown
Jeremiah Peterson [DE],Unknown
Jason Resto [US],Unknown
Lorenzo Zanzi [IT],Unknown
Jose Jorge Sayegh Lens [ES],Unknown
Emerson Baillie [UK],Unknown
Oliver Gooch [UK],Unknown
Sulyman Aabkari [FR],Unknown
Lewis Roach [UK],Unknown
Mehdi Boussekkine [FR],Unknown
Jakub Koenner [PL],Unknown
Sai Hoang [UK],Unknown
Enzo DUVAL [FR],Unknown
Youry De Bruyn [BE],Unknown
Caroline Ferino [FR],Unknown
laura altarriba [ES],Unknown
Marvin Häßler [DE],Unknown
Oscar Knowles [SE],Unknown
Gino Pili [NL],Unknown
Jolen Lo-Arnoult [FR],Unknown
Paul Windibank [UK],Unknown
Tobias Freitag [DE],Unknown
Tom CLEENEWERCK [FR],Unknown
Lars Claessens [BE],Unknown
Paul Myers [UK],Unknown
Elias Graf [DE],Unknown
Karol Blesak [SK],Unknown
Sébastien KWASTERS [FR],Unknown
Gary Newcombe [UK],Unknown
Nathan Schonewille [NL],Unknown
Sacha Dias-Pierot [FR],Unknown
Arthur Trutzschler [NL],Unknown
MELVIN boutrea [FR],Unknown
Andrea Foffi [IT],Unknown
Gijs van Schie [NL],Unknown
Lucia Koonings [NL],Unknown
Cerys Jones [US],Unknown
Rene Ess [DE],Unknown
Sam Bahrami Pirooz [LU],Unknown
Dario Scarnò [IT],Unknown
Lewis Cupoli [UK],Unknown
Matthieu Vialatte [FR],Unknown
Matthieu DELOBELLE [FR],Unknown
Justus Schöttl [DE],Unknown
Giacomo Tiraboschi [IT],Unknown
Soeren Oez [DE],Unknown
Jordon Hannant [UK],Unknown
Julian Bouaalam [DE],Unknown
Vince Honraedt [BE],Unknown
Aaron Holdsworth [UK],Unknown
Enzo Vergnon [FR],Unknown
Gatien Moreau [FR],Unknown
Charles Poulet [FR],Unknown
Guido Mielke [DE],Unknown
Matic Pirnat [SI],Unknown
Arthur JULIEN [FR],Unknown
Jonah De ruyck [BE],Unknown
Ferreira Vincent [FR],Unknown
Jianjun Liu [CN],Unknown
Michael Dellenbach [CH],Unknown
Jet Waterman [NL],Unknown
Eric Hendrickson [DE],Unknown
>ST3>Luc LACHENAUD [FR],Unknown
Devansh Koppar [SG],Unknown
nicola bergamaschi [IT],Unknown
Kirill Mokshin [UK],Unknown
Sunil Blaggan [UK],Unknown
Matthew Webb [UK],Unknown
Philibert Volant [FR],Unknown
Raúl Méndez Horcas [ES],Unknown
Matthijs Bettman [NL],Unknown
Matthew Gilbert [UK],Unknown
Jari Senne [NL],Unknown
Rosie Spink [UK],Unknown
Mona Gorny [DE],Unknown
Ewann Lesage [FR],Unknown
Antoine FELICE [FR],Unknown
Aleksi Jäntti [FI],Unknown
Johannes Forster [DE],Unknown
Johny Nguyen [FR],Unknown
Florian Roussiere [FR],Unknown
Lutz Voss [DE],Unknown
>ST5>Romain Cannet [FR],Unknown
Daniel Jones [UK],Unknown
Maximilian Lehnen [DE],Unknown
Sylvain GOSSELIN [FR],Unknown
Alex Lonnecker [UK],Unknown
Luke Shore-Jones [UK],Unknown
Jan Bartow [DE],Unknown
Yves de Bernardy [DE],Unknown
Tim Hinz [DE],Unknown
Fabia Slaughter [UK],Unknown
Ivan Lopez Navarro [ES],Unknown
Matej Slama [SK],Unknown
Kélyann Gamard [FR],Unknown
Alexis EVRARD [FR],Unknown
Rebecca van der Lee [UK],Unknown
Darren Jacques [UK],Unknown
Niels Klatt [DE],Unknown
Ellyn Renard [FR],Unknown
Hugo De Torres [ES],Unknown
javier menta [ES],Unknown
Kevin Ponthieux [IT],Unknown
Glenn Bauwens [BE],Unknown
Jan-Patrick Strohmeier [DE],Unknown
Alexander Stoppel [DE],Unknown
Tim Peters [DE],Unknown
Simon Droog [NL],Unknown
Daekyung Ok [KR],Unknown
Harry Miller [UK],Unknown
Dylan Smith [UK],Unknown
Jannes Bellmann [DE],Unknown
Joah Wiegner [DE],Unknown
Maxime Depincé [FR],Unknown
Patrik Bartošovič [CZ],Unknown
Gracjan Sass [PL],Unknown
Frederic Roger [FR],Unknown
yann kunesch [FR],Unknown
Dominique Soudant [BE],Unknown
Maxime Launay [FR],Unknown
Brunehilde Lavoisier [FR],Unknown
Steve Van den Broeck [BE],Unknown
robbert olthof [NL],Unknown
Logan Gillet [FR],Unknown
Alessandro Bax [IT],Unknown
Omar Alloul [FR],Unknown
Mondhor Chihi [FR],Unknown
Darko Ristic [BE],Unknown
Asher Donnell-Ford [UK],Unknown
Axel Fournier [FR],Unknown
Maxime OGIER [FR],Unknown
Greg Pope [UK],Unknown
Michael Hunter [IE],Unknown
Christiaan Smit [NL],Unknown
Roy Vos [NL],Unknown
Joakim Ginste [SE],Unknown
Sarah Schwarz [DE],Unknown
Florian AVISSE [FR],Unknown
Adrien FIXOT [FR],Unknown
Leighton Searcy [UK],Unknown
Beat Christen [CH],Unknown
Adrien LECLAIR [FR],Unknown
Daniel Pochman [CZ],Unknown
Luca Montani [IT],Unknown
Owen Gilbert [UK],Unknown
Gustav Olsson [SE],Unknown
Giacomo Pagliaro [IT],Unknown
James Wright [UK],Unknown
Krzysztof Figas [PL],Unknown
James-Andrew Sannad [DE],Unknown
Matteo Medici [SE],Unknown
James de Boer [UK],Unknown
Nicolas LION [FR],Unknown
Danny van der Wel [NL],Unknown
Bryan Remacle [BE],Unknown
Allan Dubreuil [FR],Unknown
Elodie Maciaszek [FR],Unknown
Lilian Garny [FR],Unknown
kyle hynam [UK],Unknown
Christian Burton [UK],Unknown
Aurélien Colback [BE],Unknown
Malaurie Goudard [FR],Unknown
Cyrille Leroy [FR],Unknown
Daniel Pierce [UK],Unknown
Axel Bée [FR],Unknown
Stefano Verhaert [BE],Unknown
Maximilian Schrap [DE],Unknown
Matt Gracie [UK],Unknown
Gabriel Manchelin [FR],Unknown
Kian Trabula [DE],Unknown
Yann Giraudet [FR],Unknown
Martin Lombard [FR],Unknown
Quinten Van Bever [BE],Unknown
Long Boun [FR],Unknown
Mario Milano [BE],Unknown
Warre Haghedooren [BE],Unknown
FRANCOIS CARRERA [FR],Unknown
Gary Andrè Rosales Morales [IT],Unknown
Daniel Monticelli [IT],Unknown
Dan Hynam [UK],Unknown
Perrine Boissieres [FR],Unknown
Alex Stephenson [UK],Unknown
Ali Dogan Aslan [DE],Unknown
David De Bruyne [BE],Unknown
Oscar Ullberg [SE],Unknown
Romain Wendling [FR],Unknown
Lewis Burns [UK],Unknown
Martin Brenner [DE],Unknown
Teirlinck Evan [BE],Unknown
Gino Gacon [FR],Unknown
Lucas GUITTON [FR],Unknown
Cyril Beaubois [FR],Unknown
Duncan van de ven [NL],Unknown
Oliver Schmitz [DE],Unknown
Giorgio Gatti [IT],Unknown
Esteban Marques [FR],Unknown
Brandon Escalante [MX],Unknown
Matous Krejci [CZ],Unknown
Patrick Breen [UK],Unknown
Anthony Ceretto [FR],Unknown
Romain Berthez [FR],Unknown
Sidney Mathieu [FR],Unknown
Loïc Bodenez [FR],Unknown
Baptiste Risser [FR],Unknown
Thomas Asare [NL],Unknown
Ali Sahiri [FR],Unknown
Mason CHARITER [FR],Unknown
Jovi Vleminx [BE],Unknown
Freddie Saunders [UK],Unknown
Nicolas GIRARDIN [FR],Unknown
Igor Michale [DE],Unknown
Jimmy Lambourion [FR],Unknown
Lars Aquilino [LU],Unknown
Jules Courau [FR],Unknown
Jamie Gilman-Lewis [UK],Unknown
Tremaudant Noé [FR],Unknown
Caia Hope [IE],Unknown
Nathanaël ROQUEPLAN [FR],Unknown
Darran Messom [UK],Unknown
Kieran Rowe [UK],Unknown
Alan Birchall [UK],Unknown
Sergio Trapanese [IT],Unknown
Anthony Chenieux [FR],Unknown
Pol Ortega Serna [ES],Unknown
Joséphine Herlemont [FR],Unknown
Leonardo Maria Leoni [IT],Unknown
zina brexel [FR],Unknown
Lucas Brausch [DE],Unknown
Julian Chaput [FR],Unknown
Dillon Piebenga [NL],Unknown
Joseph Clarke [UK],Unknown
Jason Caldeira [UK],Unknown
Alan Cattaneo [FR],Unknown
Sean van Dijk [NL],Unknown
Jun Lam [NL],Unknown
Kamil Świstuń [PL],Unknown
Frank Van der Wielen [NL],Unknown
Lucas Cruz [BR],Unknown
Pierre Thibault [FR],Unknown
Jake Pearson [UK],Unknown
Maurizio Corimbi [DE],Unknown
Thomas Oldenhof [NL],Unknown
Tobias Piontek [DE],Unknown
Timothé MARSAN [FR],Unknown
Jia-Hao Ma [NL],Unknown
Alexandre Bocquet [FR],Unknown
Karine Parigi [FR],Unknown
Vincent Perez [FR],Unknown
Maximilien MAIREY [FR],Unknown
Thomas Farrow [UK],Unknown
Simone Veronese [IT],Unknown
Olivia Whittaker [UK],Unknown
Hugues moine [FR],Unknown
Daniel Dean [UK],Unknown
Keld Juhl [DK],Unknown
Quentin Carlier [FR],Unknown
Sebastian Key [UK],Unknown
Gary Cole [UK],Unknown
Sven Jansen [NL],Unknown
James Brown [UK],Unknown
Jesus Villamizar [ES],Unknown
Servando Pascual [NL],Unknown
Soo-Bin Audouy [FR],Unknown
Leon Wenteler [NL],Unknown
emmanouil vamvoukas [GR],Unknown
Diego Muñoz Espadas [ES],Unknown
Stephen Chan [UK],Unknown
Marc Cabezas [ES],Unknown
Stefano Carta [IT],Unknown
Michaël Garmyn [BE],Unknown
Julia Mars [DE],Unknown
Jack Taylor [UK],Unknown
Wannes Struyf [BE],Unknown
Alexandre Demarque [FR],Unknown
Filippo Bertoli [IT],Unknown
Daniel Brunsch [DE],Unknown
Romain Pasquiet [FR],Unknown
Juuso Toivanen [FI],Unknown
Lucas Legaz [FR],Unknown
arnaud FELIN [FR],Unknown
Jarno De Vuyst [BE],Unknown
Federico Fanara [IT],Unknown
Patrick Wilkins [UK],Unknown
Irsjaad Nasroe [NL],Unknown
Maxime Duluc [FR],Unknown
Peter Carruthers [UK],Unknown
Léo REVIRE [FR],Unknown
Mathieu Langlois [FR],Unknown
Francesco Paolo Marino [FR],Unknown
Machu Clotilde [FR],Unknown
Chun Jeffrey Lin [HK],Unknown
Harrison Hunter [UK],Unknown
Sven Kallert [DE],Unknown
Rémy Bijaoui [FR],Unknown
Giulia Duchich [IT],Unknown
Endry Gostivari [IT],Unknown
Philipp Zimmer [DE],Unknown
FRANCISCO TORANZO [ES],Unknown
Romain CHAT [FR],Unknown
Jonathan Tavernier [FR],Unknown
Adrian Caiñas [ES],Unknown
Barbaros Büyükcakir [DE],Unknown
Rodrigues Fabien [FR],Unknown
Allan LACROIX [FR],Unknown
Owen Draper [UK],Unknown
Jean Cools [FR],Unknown
Max van Leeuwen [NL],Unknown
William Vandersyppe [BE],Unknown
Samuel Bertin [FR],Unknown
Thibault Delahaye [FR],Unknown
Tom Niculae [FR],Unknown
William Huteau [FR],Unknown
Tomáš Kadeřábek [CZ],Unknown
Julius Kerkis [FI],Unknown
Berry Agricola [NL],Unknown
Mathieu Pignon [FR],Unknown
>ST4>Rebecca Hearne [UK],Unknown
Bas Juffer [NL],Unknown
Esteban Valerio-Pendaries [FR],Unknown
Declan Easter [UK],Unknown
Manon Neves [FR],Unknown
JEAN MEUNIER [FR],Unknown
Ed Franks-Moore [UK],Unknown
Nils Charfeddine [FR],Unknown
Harley Rinnaert [BE],Unknown
Tim Eekman [NL],Unknown
Laura Allitt [UK],Unknown
Djibril Aatif [FR],Unknown
Milan Jarábek [SK],Unknown
Minh Tâm THAI [BE],Unknown
Alexander Nazemi [UK],Unknown
Gaëtan Gicquel [FR],Unknown
Janneke van Gortel [NL],Unknown
Christian Chervet [FR],Unknown
mahory vigneri [BE],Unknown
Robin Langlois [FR],Unknown
Noa Loisy [FR],Unknown
Philippe GUILEMENT [FR],Unknown
Joris Guittonneau [FR],Unknown
Julien Beaulieu [FR],Unknown
Freya Fias [BE],Unknown
Quentin Chéron [FR],Unknown
Jean-Sébastien d'Anchald [FR],Unknown
Toby Woolner [UK],Unknown
Matthew Pearce [UK],Unknown
Jacob Challis-Wagstaff [UK],Unknown
Luke Burke [UK],Unknown
Lucas Gournay [FR],Unknown
Antoni Pilarczyk [PL],Unknown
arnaud BONN [FR],Unknown
Pele Ifill [UK],Unknown
Aaron Edwards [UK],Unknown
Damian Górski [PL],Unknown
Dennis Havermans [BE],Unknown
Alexander Simons [DE],Unknown
Öjvind Svinhufvud [FI],Unknown
Valentin Jordi Guitart Palonsky [ES],Unknown
nil font [ES],Unknown
George Chave [UK],Unknown
Oliver Friedrich [DE],Unknown
Sylvain Cera [FR],Unknown
Friedrich Illbruck [DE],Unknown
Jasmin Kirchherr [DE],Unknown
Michelle Brown-Brine [UK],Unknown
Ben Cook [UK],Unknown
Jan Wiggers [NL],Unknown
Giovanni Lo Bocchiaro [FR],Unknown
andrea Zorat [IT],Unknown
Alexandre CAMELO [FR],Unknown
Kurt Setchell [UK],Unknown
Marco Fulgosi [IT],Unknown
Edmund Mazur [PL],Unknown
Thomas AIMO [FR],Unknown
Bernardo Mocho [PT],Unknown
Remi Albiero [FR],Unknown
Charles edouard Armande [FR],Unknown
Elisio Lemoine [FR],Unknown
Eric Pujol [FR],Unknown
Thomas Naylor [UK],Unknown
Julien Bourdin [FR],Unknown
Cristian Basile [IT],Unknown
Owen Waghorn [UK],Unknown
DAVID FEUTRY [FR],Unknown
Grégory MACIASZEK [FR],Unknown
Nicola Bortolotti [IT],Unknown
Luca Jahns [DE],Unknown
Christian Graziano [IT],Unknown
Sander Klardie [NL],Unknown
marvin jinguenaud [FR],Unknown
Ethan Jenkins [UK],Unknown
Shankithan Thevakumar [FR],Unknown
Ashwick Schuil [NL],Unknown
Reuben Davidson [UK],Unknown
Pierre POUPARD [FR],Unknown
Maxime AFONSO [FR],Unknown
Andrea Franco [IT],Unknown
Daniel Powell [UK],Unknown
Julien Ringot [CH],Unknown
Alfredo Devars Ventura [DE],Unknown
Drägo Van Meenen [BE],Unknown
Aidan Mamo [IE],Unknown
Maxwell Johnson [UK],Unknown
David Martinez [DK],Unknown
Quinten Safi [BE],Unknown
Andy Ghijs [BE],Unknown
Ronja Seewig [DE],Unknown
Tom Pettersson [SE],Unknown
Stéphane Gaubeen [FR],Unknown
Joseph Kidd [UK],Unknown
Simone Lasaponara [IT],Unknown
Noe Charenton Davis [FR],Unknown
Niklas Schäfer [DE],Unknown
Freya Verheyden [BE],Unknown
Thomas MORGANT [FR],Unknown
Thierry Lessard-Vignini [CA],Unknown
Mathieu Joostens [FR],Unknown
Tom Fuller [UK],Unknown
Echo Stuart [UK],Unknown
william linard [FR],Unknown
Ashley Richards [UK],Unknown
Clément Fournier [FR],Unknown
Sophie Foulon [FR],Unknown
theo merienne [FR],Unknown
Loïc RAMANANTSOA [FR],Unknown
Roland Sekerija [AT],Unknown
Christopher Berry [UK],Unknown
Quentin Barbarat [FR],Unknown
Layla Sheppard [UK],Unknown
Florian Lehnen [DE],Unknown
Thomas Abbott [UK],Unknown
Ann-Christin Nickel [DE],Unknown
Aleks Rogič [SI],Unknown
Jiske Angenent [NL],Unknown
CHARLES SAINT-PAUL [FR],Unknown
Dominic Brown [UK],Unknown
Cynthia Scholtus [BE],Unknown
Seán McCormack [IE],Unknown
Damien CORREIA JORGE [FR],Unknown
Edgar SAIZ [FR],Unknown
Steven Whitton [NL],Unknown
McElroy Quinney [UK],Unknown
Jessica Rost [FR],Unknown
Joseph Myers [UK],Unknown
jean-marc schosse [BE],Unknown
Jan Fischer [DE],Unknown
Gil Maure [FR],Unknown
Emilie Bougault [FR],Unknown
Jan Vincent Aalbers [DE],Unknown
Charlie Hanning [UK],Unknown
Daniell McMahon [UK],Unknown
Jordan Peacock [UK],Unknown
Christoph Okun [DE],Unknown
Kathleen Gennin [FR],Unknown
Yuliia Ilina [LV],Unknown
Laurine Simon [FR],Unknown
Fabien Devos [FR],Unknown
Charlotte Snowdon [UK],Unknown
Ashley Timmins [UK],Unknown
Bryan Villa [FR],Unknown
Ashley Mckay [UK],Unknown
Nicolas Darge [DE],Unknown
Štefan Tóth [SK],Unknown
Liam Kinne-Hall [UK],Unknown
Franck Mêlé [FR],Unknown
Javier Pérez Fondevila [ES],Unknown
Lucas Jeanneau [FR],Unknown
Clément Hager [FR],Unknown
Dwight Frinsel [NL],Unknown
jimmy Ketelaar [NL],Unknown
James Tait [UK],Unknown
Arnold Antonissen [NL],Unknown
Luca Kempenaers [BE],Unknown
Bahadir Oncel [NL],Unknown
>ST6>Thibaut Gerard [FR],Unknown
Romain De Jonckheere [FR],Unknown
Guillaume Morin [FR],Unknown
De Haes Damien [BE],Unknown
Théo Lin [FR],Unknown
James Tubbs [UK],Unknown
Jérémie VUILLARD [FR],Unknown
Thibaut Goeneutte [FR],Unknown
Anca Cosma [UK],Unknown
Guillaume Gosset [FR],Unknown
Abdallah Salman [NL],Unknown
Nicolas Stuyck [FR],Unknown
Pascal Middel [NL],Unknown
>ST2>Caroline Rege Gianasso [FR],Unknown
Kévin Roussel [FR],Unknown
Julien GIORIA [FR],Unknown
Angel Miguel Sifuentes Oliveira [ES],Unknown
Maxime Duchenait [FR],Unknown
Marguerite AZAI [FR],Unknown
Lilly Tronet [FR],Unknown
Arthur Kerbiquet [FR],Unknown
Cédric Parra [FR],Unknown
Raphaël Pinson [FR],Unknown
Niels Van der planken [BE],Unknown
Pauline Papa [FR],Unknown
Pauline Bareille [FR],Unknown
Alex Scholl [DE],Unknown
Thierry Manjard [FR],Unknown
anthony martin [FR],Unknown
Pepijn Langeraert [BE],Unknown
daniel lomax [UK],Unknown
Moritz Kretschmer [DE],Unknown
Thomas DEDUN [FR],Unknown
Gilles De Langhe [BE],Unknown
Daniel Gray [UK],Unknown
jerome VALENTIN [FR],Unknown
>ST8>Irune Déu [ES],Unknown
Edmund Wang [UK],Unknown
Tristan REMOND [FR],Unknown
brent hermans [BE],Unknown
Marino Rodriguez [US],Unknown
Fabio Zeppetella [CH],Unknown
Christopher Hau [UK],Unknown
Skylar Townsend [UK],Unknown
Ferran Romero Baró [ES],Unknown
Hiroki Nakashima [UK],Unknown
Thomas Wojtysiak [FR],Unknown
Thomas Muteau [FR],Unknown
Muhtasham Hussain [UK],Unknown
Connor Shaw [UK],Unknown
Megane VERSLUYS [FR],Unknown
Tobias Schütz [DE],Unknown
Benjamin Omar [UK],Unknown
Connor Bird [UK],Unknown
Grégoire Durelle [FR],Unknown
Rose Gregson [UK],Unknown
Alexandre Lozac'h [FR],Unknown
Denis Provázek [CZ],Unknown
Liam Burden [UK],Unknown
Iago Losada [ES],Unknown
Christopher May [UK],Unknown
Alexandre De Oliveira [FR],Unknown
Nathan McIntyre [UK],Unknown
Joyce Funcke [NL],Unknown
Clint Vancliff [UK],Unknown
Sam Van Tongerloo [BE],Unknown
Christian D'Onofrio [IT],Unknown
Gauthier Vesseron [FR],Unknown
Cyril Deneux [FR],Unknown
Eniyan Kirushnapillai [CH],Unknown
Michael Vandamme [BE],Unknown
Lennart Timmers [NL],Unknown
Darren Ward [UK],Unknown
Axel Buscot [FR],Unknown
Victor Palma [ES],Unknown
Sylvain Flaction [CH],Unknown
Alisha Malin [UK],Unknown
Zlatko Ristic [BE],Unknown
Michael Ledeboer [NL],Unknown
Margaux Adam [FR],Unknown
Dennie de Wilde [NL],Unknown
Jacques SECCO [FR],Unknown
Francesco Dettori [IT],Unknown
Steve Jacquet [FR],Unknown
Mike Ashdown [UK],Unknown
Martin Leclercq [FR],Unknown
Eilia Tuckfield [UK],Unknown
Tom Roebbers [NL],Unknown
Dominik Fink [DE],Unknown
Ilias Chalkidis [GR],Unknown
Krissy Davies [UK],Unknown
Aurelien Delambre [FR],Unknown
Edward Firmin [UK],Unknown
Joan Saballs Paradell [ES],Unknown
Logan MARION [FR],Unknown
>ST1>Amy Wosley [UK],Unknown
Cyrielle Danel [FR],Unknown
Marie Knobloch [FR],Unknown
Tai Pitman [UK],Unknown
Ulas Gögdagöz [DE],Unknown
Julien Tahon [FR],Unknown
Nicolas Merlin [FR],Unknown
Dylan Devriese [BE],Unknown
Jérémie Pagnoux [FR],Unknown
Steven Zhang [FR],Unknown
Bizel Cyril [FR],Unknown
Nicolò Castignoli [IT],Unknown
Dorian Aldebert [FR],Unknown
Aurélien Perrot [FR],Unknown
Gabriel Bombe [FR],Unknown
Noé Bartolone [FR],Unknown
Nathan Hargreaves [UK],Unknown
Koen Smid [NL],Unknown
Rafal Gizinski [PL],Unknown
Sylvain Clermont [FR],Unknown
Kevin Narimani [FR],Unknown
Luke Parkes [UK],Unknown
Olivier Bron [CH],Unknown
Eymeric DOMET [FR],Unknown
Cameron McDonald [UK],Unknown
Kheury Infante [US],Unknown
Luis Miguel García Pérez [ES],Unknown
Luke Enness [UK],Unknown
Victor Zhang [DE],Unknown
Loic Cudennec [FR],Unknown
merijn verduin [NL],Unknown
reda zekkari [FR],Unknown
Stephen SOM [FR],Unknown
Grégory SALVA [FR],Unknown
Olivier Autelet [BE],Unknown
Adrien Desmet [FR],Unknown
Michele Masili [NL],Unknown
Amir Jaa [DE],Unknown
Lucien CASY [FR],Unknown
Elia Perrone [IT],Unknown
Romain LAMOTHE [FR],Unknown
David Rosse [FR],Unknown
Marco Concavo [IT],Unknown
Cyprien Debosse [FR],Unknown
Mika Dreyer [DE],Unknown
Thomas Van Heyste [BE],Unknown
Kyan O [BE],Unknown
Styn Labeeuw [BE],Unknown
Austin Byard [UK],Unknown
David Kramer [IL],Unknown
Simone Dalla [IT],Unknown
Adrien Lobo [FR],Unknown
Clément Colombel [FR],Unknown
Ewen Hayter [UK],Unknown
christopher piecko [FR],Unknown
Berhan Sonkaya [DE],Unknown
Alex Nicolaou [UK],Unknown
Luise Rath [DE],Unknown
Quentin Quenet [FR],Unknown
Feliciano Adriano [DE],Unknown
Jérémy Delassus [FR],Unknown
Timothé Jouglet [FR],Unknown
Bertrand Feron [BE],Unknown
Yaw-Wang Truong [DE],Unknown
Arthur Nicolle [FR],Unknown
Cyrille ROGET-RICARD [FR],Unknown
Benjamin ANDREOTTI [FR],Unknown
Guilhem Raucau [CH],Unknown
Rob James [UK],Unknown
Brent Coosemans [BE],Unknown
Pedros Gebrehiwet [CH],Unknown
Pierron Jerome [FR],Unknown
Aysenur Yikilmazsoy [DE],Unknown
David Noble [UK],Unknown
Manuel Wiechert [DE],Unknown
Samuel Postic [FR],Unknown
Vincent Lecouvez [FR],Unknown
Aurélien Rouxhet [FR],Unknown
Anais Siu [FR],Unknown
Abdel-hamid CHARA [FR],Unknown
Tiphaine Boucher [FR],Unknown
Sophie Boilard [FR],Unknown
Tobias Olsson [SE],Unknown
Dan Shaw [UK],Unknown
James Kael [UK],Unknown
enzo hallynck [FR],Unknown
Xuanwen Zhang [CN],Unknown
Lachuries-Santoni Romain [FR],Unknown
Inti de Jong [NL],Unknown
>ST7>Lucas van den Berg [NL],Unknown
Sophie Prudhomme [FR],Unknown
Nikolaos Winter [DE],Unknown
Rémi Grésillon [FR],Unknown
Abe Morales [US],Unknown
Jake Walvin [UK],Unknown
James McSweeney [UK],Unknown
Thomas Cugny [FR],Unknown
Sean Cunningham [UK],Unknown
Guiot Richard [FR],Unknown
Jérémy Zhou [FR],Unknown
Maxime grubert [FR],Unknown
Clément Dossemont [FR],Unknown
Mick van der Waag [NL],Unknown
Michael Ritchie [UK],Unknown
Malick KAABECHE [FR],Unknown
Jason Correia [FR],Unknown
haizea monje valenzuela [ES],Unknown
Lukas Pessy [NL],Unknown
Gaël Legendre [FR],Unknown
Gary ENTEN [FR],Unknown
Julien Bethelot [FR],Unknown
Chris Bailey [UK],Unknown
Damien Prodan [FR],Unknown
John Myers [UK],Unknown
Antoine Bidaux [FR],Unknown
Sam Van Parijs [BE],Unknown
Chris-Harry Finch [DE],Unknown
Brittny Mendoza [FR],Unknown
Daniel San Segundo Tomàs [ES],Unknown
Renato Boschetti [NL],Unknown
Joan Esmandia [ES],Unknown
Abdelilah Benhaddi [NL],Unknown
Philip Schulz [DE],Unknown
Julien Francart [BE],Unknown
Arpan Dev [UK],Unknown
Justus Giersch [DE],Unknown
Jonathan De Bock [BE],Unknown
Dan White [UK],Unknown
Annie Cheyenne Fischer [DE],Unknown
Alessandro Cirillo [UK],Unknown
sofiane isbai Lo fermo [FR],Unknown
Adel Moussaoui [DE],Unknown
Mathew Hedge [UK],Unknown
Lukáš Novotný [CZ],Unknown
Matthew Fisher [UK],Unknown
Romain Maingre [FR],Unknown
Geffrey Van der Veken [BE],Unknown
Mathieu Benard [FR],Unknown
Lucas Boix [FR],Unknown
Mauro Wandoloh [BE],Unknown
Simon Francois [FR],Unknown
francois storne [FR],Unknown
Fred STAGNO [FR],Unknown
Jacob Schofield [UK],Unknown
Julie Heugue [SE],Unknown
Bart Somers [BE],Unknown
Edward Suter [UK],Unknown
Jocelyn Le Goff [FR],Unknown
Tinka Vanpoucke [BE],Unknown
Jason Baker [UK],Unknown
Lân-Nhi HUYNH [FR],Unknown
Christophe Braquis [FR],Unknown
Ban Che [UK],Unknown
Neil Atkinson [UK],Unknown
Thomas Leclef [BE],Unknown
Stephanie MOULIN [BE],Unknown
Xander De Moor [BE],Unknown
Nico Bavay [DE],Unknown
Boy Kouwenberg [NL],Unknown
Marc Jacobs [BE],Unknown
Kim-Kevin Pajonk [DE],Unknown
Cedric Raucher [FR],Unknown
Leon Stakne [SI],Unknown
Domenico Corniola [NL],Unknown
Puck Zwaan [NL],Unknown
Nicolas Droesch [FR],Unknown
Yann Lefèvre [FR],Unknown
Aaron Field [UK],Unknown
Julien Musset [FR],Unknown
Aurélien Lovalente [FR],Unknown
Jérôme Bidaux [FR],Unknown
Zishan Wang [UK],Unknown
Douglas Magin [BE],Unknown
Romy Dokter [NL],Unknown
Jordon Martin [UK],Unknown
Björn Lietz [DE],Unknown
Toon Souvereyns [BE],Unknown
Lennart Beaupoil [DE],Unknown
Karl Gaughan [UK],Unknown
Jesus Rodriguez-Badell [UK],Unknown
James Herlin [FR],Unknown
Christopher Rowland [UK],Unknown
Barrie Newton [UK],Unknown
Rabah Zibouche [FR],Unknown
Jonathan Hourdequin [FR],Unknown
callum roulson [UK],Unknown
Charlie Belfield [UK],Unknown
Aurélien Fernandez [FR],Unknown
Louis HERR [FR],Unknown
FABIEN Pujol [FR],Unknown
Jens Deroo [BE],Unknown
Mehdi BEN AMARA [FR],Unknown
Flavie BLOUIN [FR],Unknown
Antoine Guth [FR],Unknown
Sebastian Krizek [AT],Unknown
Deney Chu [UK],Unknown
Sébastien Fournerot [FR],Unknown
Brendan Reynard [UK],Unknown
johnny fournier [FR],Unknown
Benjamin AUBARBIER [FR],Unknown
gianluca visconti [IT],Unknown
Daniele del Rosso [IT],Unknown
Tim Haffmanns [DE],Unknown
Cristiana Da Silva Fernandes [CH],Unknown
Marvin Jansen [DE],Unknown
Alexandre Serres [FR],Unknown
Ash Heymes [FR],Unknown
Bridget De Ruiter [NL],Unknown
Clément Levignon [FR],Unknown
Mert Toraman [DE],Unknown
Ravinesh Bhoep [NL],Unknown
Hannah Green [UK],Unknown
Yinshi Shan [CN],Unknown
Yaquin Wels [NL],Unknown
Ryan Tonge [UK],Unknown
Alexis Nicolas [FR],Unknown
Emiliano Baglivi [IT],Unknown
Tobias Jakhöfer [DE],Unknown
Ky N'guyen [FR],Unknown
Florent Fernandes [FR],Unknown
Hippolyte Mithouard [FR],Unknown
Cyrille Cervelle [FR],Unknown
Jamie Collumbell [UK],Unknown
Aurelie Maurel [FR],Unknown
Elian Ferreira [FR],Unknown
Abigaelle Patard [FR],Unknown
Finnian Houghton [UK],Unknown
Florian Queneudec [FR],Unknown
Alexis Debons [FR],Unknown
Sebastien Peray [FR],Unknown
Mike List [LU],Unknown
bart matthys [BE],Unknown
Pascal Hoppenberg [DE],Unknown
guilherme godoy lalanda [CH],Unknown
Carole Yeromonahos [FR],Unknown
Hamza CHIADMI [FR],Unknown
Jonathan Gorgos [DE],Unknown
Sébastien Vivien [FR],Unknown
Jonathon Ward [UK],Unknown
>ST18>Toki Royales [UK],Unknown
Geert Van Hoogstraten [NL],Unknown
Alexander Rudjaka [DE],Unknown
Yuchen Qiu [DE],Unknown
Callum Griffiths [UK],Unknown
Aurelien RITZLER [FR],Unknown
Seth Trudeau [NL],Unknown
Óscar Menéndez Barrio [ES],Unknown
Emeline Callenaere [BE],Unknown
Axel Rohard [FR],Unknown
Rémi Ringot [FR],Unknown
Matthew Shafik [UK],Unknown
Liesa Rodet [BE],Unknown
Samuel Dirkse [NL],Unknown
Lucie DOMEC [FR],Unknown
Tobias van Yperen [NL],Unknown
Buse Gerard [BE],Unknown
Allan Ferreira [FR],Unknown
Karol Muniak [PL],Unknown
Niklas Knittel [DE],Unknown
Anthony Rebelo [FR],Unknown
David Basterrechea Mateos [ES],Unknown
Theo Gressier [FR],Unknown
Anthony Gemmink [NL],Unknown
Gunter Van Roey [BE],Unknown
Lukas Eßer [DE],Unknown
Jacob Tunbridge de Orfe [UK],Unknown
Lewis Davies [UK],Unknown
Kristijan Pecirep [DE],Unknown
Alisa Geiß [DE],Unknown
Timon Bodin [FR],Unknown
Jan Windisch [AT],Unknown
Piotr Lenkiewicz [NL],Unknown
Wilson Dias [FR],Unknown
Josh Martinez [US],Unknown
James Whitby [UK],Unknown
Lukas Dellenbach [CH],Unknown
Sílvia Faura [ES],Unknown
Thomas Malheiro [FR],Unknown
Yannick Leemans [BE],Unknown
Romain Berger [FR],Unknown
Emily Ball [UK],Unknown
Jordan Guiot [FR],Unknown
Admir Osmanovic [NL],Unknown
Bruno Cuinet [FR],Unknown
Issa Maoihibou [FR],Unknown
