Caleb Gedemer [US],Raging Bolt Ogerpon
Michael Davidson [US],Lost Zone Box
Kyle Lesniewicz [US],Terapagos Dusknoir
Sebastian Lashmet [US],Charizard Pidgeot
Benjamin Hebert [CA],Regidrago VSTAR
Ciaran Farah [CA],Lugia Archeops
Gabriel Smart [US],Terapagos Dusknoir
Yerco Valencia [CL],Lugia Archeops
Brandon Dean [US],Terapagos Dusknoir
Xander Pero [US],Raging Bolt Ogerpon
gwen durell [US],Lugia Archeops
Simon Feng [CA],Snorlax Stall
Isaiah Cheville [US],Charizard Pidgeot
Grant Walworth [US],Lugia Archeops
Ryan Antonucci [US],Snorlax Stall
Julian Gort-Barry [CA],Terapagos Dusknoir
Nathan Ginsburg [US],Lost Zone Box
Alex Schemanske [US],Terapagos Dusknoir
Vincent Owen [US],Raging Bolt Ogerpon
Calvin Connor [US],Snorlax Stall
Travis Beckwith [US],Terapagos Dusknoir
Tyler Mathews [US],Lost Zone Box
Ethan Sevigny [US],Raging Bolt Ogerpon
jesse spencer [US],Dragapult Dusknoir
Alexander Scheller [US],Lugia Archeops
Malachi Ryder [US],Pidgeot Control
Owen Dalgard [US],Terapagos Dusknoir
Haruki Miwa [JP],Charizard Pidgeot
Michael Lehotsky [US],Raging Bolt Ogerpon
Cameron Shenoy [US],Regidrago VSTAR
Olivia Ambrosetti [US],Charizard Pidgeot
Dylan Gunn [US],Pidgeot Control
Dylan Smeigh [US],Lugia Archeops
Samuel Liggett [US],Charizard Pidgeot
Lucas Xing [CA],Regidrago VSTAR
Henry Chao [US],Gardevoir ex
Brock Davis [US],Lugia Archeops
Piper Lepine [US],Banette Gardevoir
Juan Mora [US],Terapagos Dusknoir
Kamal Crooks-Valdez [US],Terapagos Dusknoir
Mustafa Tobah [US],Raging Bolt Ogerpon
Jeremiah Schmutz [US],Lugia Archeops
James Shows [US],Raging Bolt Ogerpon
Jack Moore [CA],Regidrago VSTAR
Camden Cornwall [US],Regidrago VSTAR
Christian Chase [US],Dragapult Pidgeot
Ethan Yi [US],Pidgeot Control
Victor De Velasco [MX],Snorlax Stall
Jake Riggs [US],Dragapult Dusknoir
Anthony Romanello [US],Charizard Pidgeot
>128 TABLE Matt Bacnis [US],Unknown
Tucker Louis [US],Regidrago VSTAR
Caleb Rogerson [US],Lost Zone Box
Colton Mesimer [US],Raging Bolt Ogerpon
Matthew Chmielewski [US],Gholdengo ex
Kaleb Jacobson [US],Lost Zone Box
Dillon Johnson [US],Lugia Archeops
Alex Chandler [US],Terapagos Dusknoir
Sackett Brehmer [US],Terapagos Dusknoir
Grant Shen [US],Regidrago VSTAR
Scotty Chesser [US],Lost Zone Box
Maxwell Johnson [US],Iron Thorns ex
Ryan Bonham [US],Snorlax Stall
Justin Brothers [US],Terapagos Dusknoir
Cyrus McCane [US],Snorlax Stall
Pearce Blend [US],Regidrago VSTAR
Preston Rutledge [US],Terapagos Dusknoir
Connor Chiappetta [US],Charizard Pidgeot
Ben Hays [US],Banette Gardevoir
Bobbie Baker [US],Raging Bolt Ogerpon
Corey Blankenship [US],Lugia Archeops
Jacob Szettella [US],Raging Bolt Ogerpon
Jon Eng [US],Regidrago VSTAR
Nicholas Moffitt [US],Regidrago VSTAR
Riley McKay [CA],Regidrago VSTAR
Jordan Childers [US],Iron Thorns ex
Scott DeGraw [US],Iron Thorns ex
Albert Centeno [US],Raging Bolt Ogerpon
Hunter Butler [US],Lost Zone Box
Sanjay Sundararajan [US],Pidgeot Control
blake wray [US],Terapagos Dusknoir
Tyler Ashlock [US],Terapagos Dusknoir
Ayden Crosby [US],Gardevoir ex
Christian LaBella [CA],Regidrago VSTAR
Payne Huisman [CA],Raging Bolt Ogerpon
Sahil Parekh [US],Regidrago VSTAR
Tyler Perry [US],Charizard Pidgeot
Dillon Ryan [US],Snorlax Stall
Abaan Ahmed [US],Gardevoir ex
Bryan Funk [US],Snorlax Stall
Dean Nezam [US],Regidrago VSTAR
Richard Cornwall [US],Snorlax Stall
Ethan Rible [US],Regidrago VSTAR
Brennon Conner [US],Terapagos Dusknoir
francisco bottero [EC],Terapagos Dusknoir
Noah Peltier [US],Terapagos Dusknoir
Tony Blackthorn [US],Iron Thorns ex
James Kowalski [US],Pidgeot Control
Gabriel Cruz [US],Raging Bolt Ogerpon
James Quick [US],Raging Bolt Ogerpon
Rahul Reddy [US],Lugia Archeops
Liam Pavone [US],Roaring Moon ex
Lyra Kraemer [US],Other
Jake Pilch [US],Charizard Pidgeot
Alexander Remick [US],Raging Bolt Ogerpon
Enrique Avila [US],Terapagos Dusknoir
Austin Ellis [CA],Terapagos Dusknoir
John Maas [US],Terapagos Dusknoir
Mauricio Patino [US],Other
Ramon Miranda [US],Charizard Pidgeot
Iain Harding [US],Regidrago VSTAR
Zach Prah [US],Raging Bolt Ogerpon
Samuel Scime [CA],Lugia Archeops
Matt Marusik [US],Roaring Moon ex
Caleb Tomas [US],Snorlax Stall
Taylor Whalen [US],Lugia Archeops
Yizhi Ren [US],Miraidon ex
Ian Robb [US],Terapagos Dusknoir
Devin Stephens [US],Roaring Moon ex
Uddish Sood [US],Banette Gardevoir
Kenneth Xu [US],Raging Bolt Ogerpon
Ramiro Galindo [US],Dragapult Dusknoir
Colin Alber [US],Terapagos Dusknoir
Stephen Lowe [US],Snorlax Stall
Alex LeBlanc [US],Terapagos Dusknoir
Iyla Sutherland [US],Iron Thorns ex
Solomon Shurge [US],Miraidon ex
Eric Ridgeway [US],Miraidon ex
Adrian Seidel [US],Raging Bolt Ogerpon
Brandon Joestar [US],Raging Bolt Ogerpon
Charlie Thompson [CA],Snorlax Stall
Tim Vince [CA],Snorlax Stall
Eric Petersberger [US],Raging Bolt Ogerpon
Justin Blanchard [US],Regidrago VSTAR
Gabriel Kuchera [CA],Snorlax Stall
Bryan Holkup [US],Regidrago VSTAR
Kiel Homa [US],Other
Anthony Ouertani [US],Charizard Pidgeot
Garrett Dukes [US],Terapagos Dusknoir
Casey Bennink [US],Snorlax Stall
Derek OBryan [US],Raging Bolt Ogerpon
Nick Robinson [US],Pidgeot Control
James Bratton [US],Iron Thorns ex
Giancarlo Bortolon [CA],Other
Jonathon Dunford [US],Snorlax Stall
Ethan Hegyi [US],Regidrago VSTAR
Kevin Deitche [US],Terapagos Dusknoir
Charles Ames [CA],Terapagos Dusknoir
Cory Tangman [US],Raging Bolt Ogerpon
Jared Grimes [US],Terapagos Dusknoir
Kenneth Bishop [US],Charizard Pidgeot
Axel Alvarez [US],Terapagos Dusknoir
Yihao Chen [US],Roaring Moon ex
Sam Elliott [US],Iron Thorns ex
Stephen Eshghy [US],Terapagos Dusknoir
Dean Davis [US],Dragapult Dusknoir
Carter Malnaik,Other
David Zheng [US],Charizard Pidgeot
Brandon Woodward [US],Lugia Archeops
Brant Lesher [US],Terapagos Dusknoir
Ryan Price [US],Raging Bolt Ogerpon
Dylan Schmitt [US],Dragapult Dusknoir
Griffin Norvell [US],Iron Thorns ex
Claudio Avendano [US],Gholdengo ex
Bryce Johnson [US],Raging Bolt Ogerpon
Conner Hurst [US],Terapagos Dusknoir
Jeff Heimann [US],Terapagos Dusknoir
Benjamin Nackman [US],Terapagos Dusknoir
Jordon Barrow [US],Gardevoir ex
Eric Lorenzen [US],Charizard Pidgeot
Steven Gripshover [US],Raging Bolt Ogerpon
Will Jenkins [US],Iron Thorns ex
Christopher Butler [US],Iron Thorns ex
Jac Carter [US],Charizard Pidgeot
Alek Estrada [US],Gholdengo ex
Brandon Baughn [US],Lugia Archeops
Chris Franco [US],Raging Bolt Ogerpon
Sean Burns [US],Regidrago VSTAR
Alec Imaizumi [US],Lugia Archeops
Jesse Parker [US],Lugia Archeops
James Hamilton [US],Charizard Pidgeot
Frank Luciano [US],Charizard Pidgeot
Cory Dickman [US],Gholdengo ex
Jeffrey Nieslawski [US],Palkia
Nathaniel Wilson [US],Terapagos Dusknoir
Josh Himstedt [US],Iron Thorns ex
Paul Miller [US],Dragapult Pidgeot
Grayson Jones [US],Terapagos Dusknoir
I-Chen Lin [US],Lugia Archeops
Jake Reed [US],Raging Bolt Ogerpon
Brandon Allen [US],Raging Bolt Ogerpon
Benjamin Merritt [US],Banette Gardevoir
Minghang Liu [US],Raging Bolt Ogerpon
Trey Rayburn [US],Terapagos Dusknoir
Daniel Merlo [US],Unknown
jim obrien [US],Unknown
Grant Manley [US],Unknown
Nathan Krueger [US],Unknown
Richard Mejia [US],Unknown
Gabe Shumway [US],Unknown
Benjamin Chang [US],Unknown
Cory Koehler [US],Unknown
Michael Ginchereau [US],Unknown
Nelson Mustain [US],Unknown
Dennis Peroff [CA],Unknown
Jeremiah Neumann [US],Unknown
Javier Skwara [US],Unknown
James Hicks [US],Unknown
Nic Stewart [US],Unknown
Jon Phillips [US],Unknown
Luis Olivera [US],Unknown
Juniper Shirey [US],Unknown
Cerys Jones [US],Unknown
Dan Irish [US],Unknown
Jonathan Rodriguez [US],Unknown
Willow Linker [US],Unknown
Scott Patchett [CA],Unknown
Jose Marrero [US],Unknown
Matthew Hall [US],Unknown
Raul Calderon [MX],Unknown
Graham West [US],Unknown
Adam Reinhardt [US],Unknown
Jacob Noel [US],Unknown
Benjamin Peacock [US],Unknown
Brian Morris [US],Unknown
Nolan Randall [CA],Unknown
James Bethune [US],Unknown
Cor Vanderwolf [CA],Unknown
Alex Leksan [US],Unknown
Daniel Schmitt [US],Unknown
Michael Bio [US],Unknown
Michael McKersie [US],Unknown
Matthew Wright [US],Unknown
Reed Casterlin [US],Unknown
Evan Bryant [US],Unknown
Anthony Garwick [US],Unknown
Jose Avila [US],Unknown
Beau Fleetwood [US],Unknown
Nathan Stratford [US],Unknown
Alex Koch [US],Unknown
Allison Cecilia Lichtenwalter [US],Unknown
Michael Laundrie [US],Unknown
Aidan Patterson [US],Unknown
David Pham [US],Unknown
Nicholas Butler [US],Unknown
Christina Korsak [US],Unknown
Evelyn Estridge [US],Unknown
Donald Campbell [US],Unknown
Nickon Bostandoustnik [CA],Unknown
Aaron Olson [US],Unknown
Jordan Scott [US],Unknown
Thomas Cooper [US],Unknown
Adam Pitchford [US],Unknown
Jordan Sanders [US],Unknown
Neo Erlandsson [US],Unknown
Cody Kaminska [US],Unknown
Josh Greiff [US],Unknown
Tania Gort [CA],Unknown
Alexander Adams Hsu [US],Unknown
John Guresky [US],Unknown
Jerry Li [US],Unknown
Duncan Crowley [US],Unknown
Anastazja Clappison [CA],Unknown
Lance Bradshaw [US],Unknown
Edwin Chinos [US],Unknown
Justin Meline [US],Unknown
Nathan Parker [US],Unknown
Nick Dela Torre [US],Unknown
Kyle Padgett [US],Unknown
Justin Stites [US],Unknown
Jackson Lee [US],Unknown
Samuel Hossain [US],Unknown
Matthew Wood [CA],Unknown
Aidyn Moye [US],Unknown
Tom Nardello [US],Unknown
Andrew Nunez [US],Unknown
Silas Johnson [US],Unknown
Edgar Garcia [US],Unknown
Nicholas Slayton [US],Unknown
Thomas Formy-Duval [US],Unknown
Anthony Daubney,Unknown
Miguel Taboada,Unknown
Noah Donen [CA],Unknown
Joshua Marsden [US],Unknown
Fred Singer IV [US],Unknown
Simon Copenhaver [US],Unknown
Brooke Wagner [US],Unknown
Asher Campbell [US],Unknown
Qifei Fu [US],Unknown
Xavier Clark [US],Unknown
Tyler Keller [US],Unknown
Andrew Hedrick [US],Unknown
Evan Madonna [US],Unknown
Zander Bennett [US],Unknown
Nick Jarrell [US],Unknown
Oliver Stark [US],Unknown
Blake DiCicco [US],Unknown
Johnny Hernandez [US],Unknown
HECTOR IBARRA [US],Unknown
Maxwell Pribyl [US],Unknown
Alyssa Lawrence [US],Unknown
Alexander Chea [US],Unknown
Robert Wilt [US],Unknown
jacob eye [US],Unknown
Sam Tran [US],Unknown
David Wilber Jr [US],Unknown
Kolton Day [US],Unknown
Johnny Rabus [US],Unknown
Parker Greenwald [US],Unknown
Jamie Chesnut [US],Unknown
Quinn Creel [US],Unknown
James Arnold [US],Unknown
Max Elsass [US],Unknown
Daniel Eberhart [US],Unknown
bryan okrey [US],Unknown
Cody Friend [US],Unknown
Joseph Figliano [US],Unknown
Manuel Jorach [AT],Unknown
Logan Hager [US],Unknown
Trevor Tran [US],Unknown
Kyle Haverland [US],Unknown
Patrick Rampton [US],Unknown
Seth Christopher [US],Unknown
Jeremy Medina [US],Unknown
Tanner Leonardo [US],Unknown
>19 TABLE Joe Turrentine [US],Unknown
Nathaniel Edelman [US],Unknown
Aaron West [US],Unknown
>5 TABLE Mike Morton [US],Unknown
Dylan Donley [US],Unknown
Matthew Brower [US],Unknown
wilsonn molina [CL],Unknown
Cole Riney [US],Unknown
Shukri Ideis [US],Unknown
Jacob Smith [US],Unknown
George Burden [CA],Unknown
Harrison Dye [US],Unknown
Dallas White [US],Unknown
Joseph Esten [US],Unknown
Ulysses Sanchez [US],Unknown
Kaylea Pryor [US],Unknown
Michael Feller [US],Unknown
ryan gerhart [US],Unknown
Jordan Hoadley [CA],Unknown
Matthew Gallat [US],Unknown
Rafal Gladysz [US],Unknown
Nate Joseph [CA],Unknown
Teegan Hall [US],Unknown
Izaiah Santiago [US],Unknown
Mitchel Goodnough [US],Unknown
Derek Faraji [US],Unknown
Michael Bergerac [US],Unknown
Nixon Cedillos [US],Unknown
>8 TABLE Steven Martin [US],Unknown
Caleb Shelton [US],Unknown
Nathaniel Stoess [US],Unknown
Alexander Diaz [US],Unknown
Evan Malone [US],Unknown
Jeffrey Weiss [US],Unknown
Eric Zhao [US],Unknown
Dalten Cross [US],Unknown
Chris Hoag [US],Unknown
Justin Johnson [US],Unknown
Jay Lattimore [US],Unknown
Julio Santos De Leon [US],Unknown
Ian McGregor [US],Unknown
David Peterson [US],Unknown
Josh Chevigny [US],Unknown
Callum Elliott [US],Unknown
Ryan Mayer [US],Unknown
Kyle Takafuji [US],Unknown
Shane McManus [US],Unknown
Cody Walker [US],Unknown
Justin Smith [US],Unknown
Ryan Ginsburg [US],Unknown
Domenick Ritchie [CA],Unknown
Aaron Walker [US],Unknown
Ajharulislam Khan [US],Unknown
Gary Ye [CA],Unknown
Hunter Wood [US],Unknown
Wilson Iturralde [US],Unknown
Tanner Townsend [US],Unknown
Johnathan Pritt [US],Unknown
Connor Cockerham [US],Unknown
Dwight Strayer [US],Unknown
Wesley Barker [US],Unknown
Andrew Krekeler [US],Unknown
Shashi Naraine [CA],Unknown
Sean Worcester [US],Unknown
Timothy Rutland [US],Unknown
Ross Cawthon [US],Unknown
Emmett Lorenzen [US],Unknown
Vincent Vuong [CA],Unknown
Jason Whittle [US],Unknown
Aiden Tripi [US],Unknown
Aidan Khus [US],Unknown
Renda Slone [US],Unknown
Kenneth Mead [US],Unknown
Donald Cao [US],Unknown
Hal Stewart [US],Unknown
James Wong [US],Unknown
Joseph Hollin [UK],Unknown
Nathan Rosenberg [US],Unknown
Destynn Hatcher [US],Unknown
Jonathan Valenzuela [US],Unknown
Nate Manning [US],Unknown
Peter Tanner [US],Unknown
Randy Mueller [US],Unknown
Ty Browning [US],Unknown
>6 TABLE Caleb Glisson [US],Unknown
Jorge Arteaga [US],Unknown
Lake Lubrano [US],Unknown
Ryan Overcash [US],Unknown
Collins Eckard [US],Unknown
Andy Jiang [US],Unknown
Darren Hollenbeck [US],Unknown
Gary Clymer [US],Unknown
Maddox Morrison [US],Unknown
Patrick Jones [CA],Unknown
Alex Weaver [US],Unknown
Lion Chen [US],Unknown
Logan Kite [US],Unknown
vincent gillette [US],Unknown
Austin Potter [US],Unknown
Max De Saint [CA],Unknown
Robert Carter [US],Unknown
Jackson Rowley [US],Unknown
Brandon Stull [US],Unknown
Sean Haynes [US],Unknown
Dillon Barta [US],Unknown
Alexander Blake [US],Unknown
Joseph Mousaed [US],Unknown
Mason Liu [US],Unknown
Justin Wold [US],Unknown
Christopher Shawver [US],Unknown
Emmet Hurley [US],Unknown
Chandler Crain [US],Unknown
Justin Tse [CA],Unknown
Sam Stone [US],Unknown
Howie Rylant [US],Unknown
Jose Zelaya [US],Unknown
Brayden Curtis [US],Unknown
Rickey Sparks [US],Unknown
Andrew Tucker [US],Unknown
Jonathan Arias [US],Unknown
Michael Battaglia [CA],Unknown
Jacob Hall [US],Unknown
Drew Ahlberg [US],Unknown
Roman Runyon [US],Unknown
Chad Abner [US],Unknown
Kenneth Gilman [US],Unknown
Tyler Flener [US],Unknown
Travis Rowley [US],Unknown
Jay Cristiano [CA],Unknown
Mubin Ahmed [US],Unknown
Charles Stephenson [US],Unknown
Benny Billinger [CA],Unknown
Henry Thompson [US],Unknown
Josh Stapler [US],Unknown
James Friedrichsen [US],Unknown
Octavio Rojo Morales [US],Unknown
Waylon Fisher [US],Unknown
Jeremy Allen [US],Unknown
Eric Aubertin [CA],Unknown
Brendan Acri [US],Unknown
Preston Alberts [US],Unknown
Sam Gulas [US],Unknown
Richard Disney [US],Unknown
Emma Francis [US],Unknown
Orlando Karam [US],Unknown
Isabella Greet [US],Unknown
Stephen Rice [US],Unknown
Michael Gordon [US],Unknown
Juan Enriquez [US],Unknown
Max DaSilva [US],Unknown
Landon Frank [US],Unknown
Travis Holler [US],Unknown
Baldemar Merlo [US],Unknown
Jimmy Bonneau [CA],Unknown
Baylor Shirrell [US],Unknown
Hunter Smith [US],Unknown
Kinsley Searles [US],Unknown
Brent Tonisson [AU],Unknown
June Norber [US],Unknown
>2 TABLE Hasan Kunukcu [US],Unknown
Rosh Patel [US],Unknown
Noah Kaiser [US],Unknown
Malakhi Pizar [US],Unknown
Gavin Walter [US],Unknown
Cody Criner [US],Unknown
Eric Thieleman [US],Unknown
James Thompson [US],Unknown
Michael Holmblad [US],Unknown
Zachariah Smith [US],Unknown
Nicolas Navarro,Unknown
Adam Baltrusaitis [US],Unknown
William Timmermeyer [US],Unknown
Derek Clark [US],Unknown
Elliot Gordon [US],Unknown
Blake Underhill [US],Unknown
Tyler Kramer [US],Unknown
Yul Gweon [US],Unknown
James Coyle [US],Unknown
Greg Wills [US],Unknown
Josh Maline [US],Unknown
Ajay Sridhar [US],Unknown
Kenneth Mauder [US],Unknown
Zach Laska [US],Unknown
alexis Roldan-Santiago [US],Unknown
Kabir Virji [CA],Unknown
Patrick McCarthy [US],Unknown
Kaetlyn Finn [US],Unknown
Ely Greenfeld [US],Unknown
Jonathan Hutchins [US],Unknown
Tianqi Zhang [CA],Unknown
Tom Savady [US],Unknown
Abe Morales [US],Unknown
Ian Viets [US],Unknown
Chuck Weaver [US],Unknown
Corey Samples [US],Unknown
Savannah Cruz [US],Unknown
Robert Burley [US],Unknown
John Thackeray [US],Unknown
Mitchell O'Neill [US],Unknown
Javier Castellon [US],Unknown
Scott Dunn [US],Unknown
Silas Umble [US],Unknown
Alex Hunt [US],Unknown
Anthony Lopez [US],Unknown
Opie Jankowski [US],Unknown
Matt Boring [US],Unknown
Giovanni Cortez [US],Unknown
Trevor Passmore [US],Unknown
Hunter Morales [US],Unknown
Dalton Hedges [US],Unknown
Alec DeLaney [US],Unknown
Tom Hellkamp [US],Unknown
victor Agrinsoni [US],Unknown
Israel Sosa [US],Unknown
Taylor Iniguez [US],Unknown
Sylvester Kwon [US],Unknown
Yehoshua Tate [US],Unknown
Katie Langholz [US],Unknown
Corey Rausch [US],Unknown
Tony Santos [US],Unknown
Nate Kirksey [US],Unknown
Alli Baumgarner [US],Unknown
Kevin Gomez [CA],Unknown
Jaren Alamo [US],Unknown
Aaron Bryant [US],Unknown
Wyatt Palguta [US],Unknown
Larry Smith [US],Unknown
Isaiah Bradner [US],Unknown
Cj Crump [US],Unknown
Jared Weiss [US],Unknown
Evan Lubeley [US],Unknown
Michael Quaid [US],Unknown
Ricky Cornett [US],Unknown
Grayson McKinley [US],Unknown
Angel Arredondo [US],Unknown
Logan Nelson [US],Unknown
Daniel Rao [CA],Unknown
Maxime Ferland [CA],Unknown
John Wanggaard [US],Unknown
Sean Dumler [US],Unknown
Riley Malik [US],Unknown
Isaiah Mckee [US],Unknown
Rob Flores [US],Unknown
Matthew Dennery [US],Unknown
Joseph Harding [US],Unknown
Jessica Blackwell [US],Unknown
Dalten Allen [US],Unknown
Jonathan Patterson [US],Unknown
>21 TABLE Kelsey Stapler [US],Unknown
Robert Logsdon [US],Unknown
Preston Wells [US],Unknown
Christian Cantelon [CA],Unknown
Jackey Du [US],Unknown
Mathew Brockmann [US],Unknown
Tommy Hines [US],Unknown
>18 TABLE Matt Bullock [US],Unknown
Jonathan Cooper [US],Unknown
Jordan Keeling [US],Unknown
Orion Perez [US],Unknown
Patrick Bolton [US],Unknown
Evan Dusseljee [US],Unknown
Thad Weyand [US],Unknown
Austin Swayne [US],Unknown
Michael Natto [US],Unknown
Elizabeth Bauman [US],Unknown
Joseph Hoover [US],Unknown
John Stewart [US],Unknown
Clayton Keel [US],Unknown
Gaylen Zellner [US],Unknown
Jason Pruitt [US],Unknown
RON ROUTHIER [US],Unknown
Jack Halow [US],Unknown
Mitchell Alvarez De La Rosa [US],Unknown
Andrew DaSilva [US],Unknown
August Painter [US],Unknown
Brannon Oiler [US],Unknown
Jon Leoniff [US],Unknown
Steven Singer [US],Unknown
Tyler Crouthamel [US],Unknown
anthonlee clark [US],Unknown
Ben DeGarmo [US],Unknown
Ryan Reichley [US],Unknown
Luke Miller [US],Unknown
Patrick Knapp [US],Unknown
Vincent Reynolds [US],Unknown
Carlos Vasquez [US],Unknown
Richard Yannow [US],Unknown
Michael Pope [US],Unknown
Nathan Hudgins [US],Unknown
Joaquin Cardenas [US],Unknown
Chris Haynes [US],Unknown
Shane Pierce [US],Unknown
Lloyd Ruhl [US],Unknown
Elijah Derringer [US],Unknown
Sydney Hamann [US],Unknown
Alec Moran [US],Unknown
Jack Bailey [US],Unknown
Mason Kulik [US],Unknown
Jonathan Lopez [US],Unknown
TK Tellez [US],Unknown
Jonathan Thompson Sr [US],Unknown
Logan Neidemire [US],Unknown
David Burson [US],Unknown
Brandon Wright [US],Unknown
Brandon Turner [US],Unknown
Gavin Jewan [CA],Unknown
Randall Segnar [US],Unknown
John Neireiter [US],Unknown
Robert Dowdrick [US],Unknown
Raymond Vega [US],Unknown
Kai Coe [US],Unknown
Malachi Sprague [US],Unknown
Zhen Zhang [CA],Unknown
Johnathan Neville [US],Unknown
Trenton Lichter [US],Unknown
Mathew Boat [US],Unknown
Kellan Jarvis [US],Unknown
Ryan Mooney [US],Unknown
Matthew Holland [US],Unknown
Daniel Lin [CA],Unknown
Christopher Passolano [US],Unknown
Hal Johnston [US],Unknown
Collin Elliott [US],Unknown
Bobby Ou [US],Unknown
Jonathan Wright [US],Unknown
Owen Robinson [US],Unknown
Kris Kavanagh [US],Unknown
Tony Vuong [US],Unknown
Rowan Stavenow [CA],Unknown
Camilo Fernandez [CL],Unknown
Asher Kier [US],Unknown
Henry Charnock [US],Unknown
salvador cedillo [US],Unknown
Taylor Lyle [US],Unknown
Kelly Pomrenke [US],Unknown
Alex Hamilton [US],Unknown
Benjamin Bliven [US],Unknown
Kale Stahl [US],Unknown
Cam Telarico [US],Unknown
Johnathan Hurley [US],Unknown
James McDaid [US],Unknown
Jalen Jones [US],Unknown
kyle jones [US],Unknown
Maddox Corcoran [US],Unknown
Kris Watterson [US],Unknown
Adam Emerson [US],Unknown
Jack Pitcher [CA],Unknown
Kyle Cole [US],Unknown
Brandon Mesimer [US],Unknown
Johnathon Clark [US],Unknown
Ashley Thacker [US],Unknown
Spencer Johnson [US],Unknown
Alexander Welsh [US],Unknown
Steven Hummelt [US],Unknown
Matthew Molloy [US],Unknown
Justin Howard [US],Unknown
Bryson Wooldridge [US],Unknown
Austin Pulmano [US],Unknown
Ryan Scott [US],Unknown
Maxim Korobov [US],Unknown
Ian Hunter [US],Unknown
David Hicks [US],Unknown
Kenneth Sauls [US],Unknown
Jake Gearhart [US],Unknown
Caleb Hayes [US],Unknown
Sebastian Moceri [US],Unknown
Corey Reynolds [US],Unknown
Kevin Qi [US],Unknown
Jordan Lipner [US],Unknown
Joe Sturino [US],Unknown
Ryan Fitzmaurice [US],Unknown
Joshua Wheeler [US],Unknown
Alex Cole [US],Unknown
Emily Forman [US],Unknown
Joey Simon [US],Unknown
Adam Towe [US],Unknown
Ryan Ferry [US],Unknown
Zane Hollomon [US],Unknown
Sally Corso [US],Unknown
Martin Paredes [US],Unknown
Bryce Bryner [US],Unknown
Sam Rindal [US],Unknown
James Jason [US],Unknown
Velen Ricci [US],Unknown
Darion Schroeder [US],Unknown
Derek Davis [US],Unknown
Alberto Plasencia [US],Unknown
Jason Espinosa [US],Unknown
Patrick McKay [CA],Unknown
Collin Merli-Matthews [US],Unknown
Jack Lozano [US],Unknown
>14 TABLE Christian Moshi [US],Unknown
Tim Tipton [US],Unknown
Eric Churchwell [US],Unknown
Hunter North [CA],Unknown
Loren Sowell [US],Unknown
Tito Gonzalez [US],Unknown
Keegan Ives [US],Unknown
Jesse Lyons [US],Unknown
Krystal Florendo [CA],Unknown
Corey Mason [US],Unknown
Louis Hibberd [US],Unknown
Wyatt York [US],Unknown
Andrew Krywko [US],Unknown
Brian Wade [US],Unknown
riyad mechel [CA],Unknown
Matthew Reed [US],Unknown
Kiel Reid [US],Unknown
Byron Breckenridge [US],Unknown
aaron Abbott [US],Unknown
Peter Benson [US],Unknown
Alonso Salgado [US],Unknown
Allison Farley [US],Unknown
Connor Dye [US],Unknown
garrett briglia [US],Unknown
Ryan Krats [CA],Unknown
Rajveer Singh [US],Unknown
Taylor Norris [US],Unknown
Tyler Tomlins [US],Unknown
Jack Baird [US],Unknown
Kevin Schilling [US],Unknown
Adam Melchin [US],Unknown
Jose Solis [US],Unknown
Anthony Bruno [US],Unknown
Kenneth Ji [US],Unknown
Jay Carter [US],Unknown
Kenneth Kinsman [US],Unknown
Spencer Gilreath [US],Unknown
chandler connelly [US],Unknown
Donny Nguyen [US],Unknown
Ben Wing [US],Unknown
Christian Kurtzman [US],Unknown
Nathaniel Wilcutt [US],Unknown
Corey Jones [US],Unknown
Jack Weaver [US],Unknown
Ming Weng [CN],Unknown
Jacobo Vega [US],Unknown
Enzo Perez [US],Unknown
Dustin Parker [US],Unknown
Christian Moshi Jr [US],Unknown
Justin Bean [US],Unknown
Nick Mojica [US],Unknown
Phelan Ward [US],Unknown
Michael Cacilhas [US],Unknown
Charlie Arnold [US],Unknown
Austin DiGiulian [US],Unknown
Tanner Passafiume [US],Unknown
Prateek Bynagari [US],Unknown
Citrine Schulthes [US],Unknown
Jake Gallagher [US],Unknown
Jarrett Ruppert [US],Unknown
Rose Little [US],Unknown
Alex Tran [US],Unknown
DJ Parkinson [US],Unknown
Tommy Souramasing [US],Unknown
Nick Sterger [US],Unknown
Steven Tokar [US],Unknown
Michelle Messinger [US],Unknown
Kiernan Wagner [US],Unknown
Will Hatzer [US],Unknown
Matthew Hubbard [US],Unknown
Kyle Dawson [US],Unknown
Mitchell Courtney [US],Unknown
Matthew Crane [US],Unknown
Matthew Ratliff [US],Unknown
jerad rose [US],Unknown
Elliott Ferschke [US],Unknown
Koji Okamura [US],Unknown
Adam Lester [US],Unknown
Jacob Mendez [US],Unknown
Thomas Happel [US],Unknown
Valerie Applegate [US],Unknown
William Cornelison [US],Unknown
Diamonti Noble [US],Unknown
Tyler Vencill [US],Unknown
Alex Sanford [US],Unknown
Rex Featherstone [US],Unknown
Ashley Sandlin [US],Unknown
Peyton Bauermeister [US],Unknown
Jose Rocha [US],Unknown
Brodee McCoy [US],Unknown
Michael kodi Phipps [US],Unknown
David Lanter [US],Unknown
DJ Alleyne [US],Unknown
James Juliano [US],Unknown
Franxl Zaragoza [US],Unknown
Troy Garcia [US],Unknown
Yul McGrath [US],Unknown
David Mattie [US],Unknown
Nicolas Galli [US],Unknown
Carly Walter [US],Unknown
Jerrick Gumila [US],Unknown
Morris Arnold [AU],Unknown
Brennan Winkler [US],Unknown
Reece Brown [US],Unknown
Hunter Berry [US],Unknown
Austin mcnielly [US],Unknown
Jamie Aldcorn [CA],Unknown
Connor Ware [US],Unknown
Tyler Courtney [US],Unknown
Tony Herrera [US],Unknown
Jesse Lynch [US],Unknown
Michael Anderson [US],Unknown
Jordan Wilson [US],Unknown
Zachary Brady [US],Unknown
Christopher Roberts [US],Unknown
Jackson Zipp [US],Unknown
Harrison Dollar [US],Unknown
Tristan Fryer [US],Unknown
Joseph Ordille [US],Unknown
Sammy Allen [US],Unknown
Joseph Huber [US],Unknown
Nathan Brower [US],Unknown
Brinley Evans [US],Unknown
Emily Rhodes [US],Unknown
Tyler Everts [US],Unknown
Devon Donley [US],Unknown
Roger Febuary [US],Unknown
Gabriel Rabin [CA],Unknown
>20 TABLE Xander Woolsey [US],Unknown
Alexander White [US],Unknown
Ari Leger,Unknown
Michael Zele [US],Unknown
Joseph Nawal [US],Unknown
Christopher Truax [US],Unknown
Noah Plagenza [US],Unknown
Alexandro Morales [US],Unknown
David Keener [US],Unknown
Nick Foltz [US],Unknown
Roberto NuÃ±ez [MX],Unknown
Mark McDonald Jr [US],Unknown
Ruth Van de Water [US],Unknown
Devin Parker [US],Unknown
Cody Mullahy [US],Unknown
Lukas Graves-Ray [US],Unknown
Frank Jimenez [US],Unknown
Alex Vega [US],Unknown
Zoe Amara Morales [US],Unknown
Danny Thrasher [US],Unknown
>16 TABLE Paula Patterson [US],Unknown
Alex Pearce [US],Unknown
Tyler Lutz [US],Unknown
Samatha Bailer [US],Unknown
Jordon Paul [US],Unknown
Barry Li [US],Unknown
Garet Atkins [US],Unknown
Anton Piccio [AU],Unknown
Connor Keyes [US],Unknown
Tony Phan [US],Unknown
Bryan Margolles [US],Unknown
Nicholas Vause [US],Unknown
Daniel Ceculski [US],Unknown
Seth McKee [US],Unknown
Corey Mesimer [US],Unknown
Tiger Hickman [US],Unknown
Jacob Oberdier [US],Unknown
Journey Foster [US],Unknown
Bertha Pena [US],Unknown
Nate Engstrom [US],Unknown
Fausto Guerrero [MX],Unknown
Henry Richarde [US],Unknown
Corey Patterson [US],Unknown
Zach Brearley [US],Unknown
David Alvarez [US],Unknown
Paul Thompson [CA],Unknown
Jose Dimas [US],Unknown
Phoebe DePerry [US],Unknown
Michael Lade [US],Unknown
Nathan Spencer [US],Unknown
Jeremy Gunsett [US],Unknown
Luke Harvey [US],Unknown
Callie Moore [CA],Unknown
Alec Thomas [US],Unknown
Kristen Koly Blanks [US],Unknown
Brett Kendrick [US],Unknown
Luis Aguilar [US],Unknown
Olive Battaglia [US],Unknown
Croix Doku [US],Unknown
Wendy Novak [US],Unknown
Russell Smith [US],Unknown
Rolando Flores Estrada [US],Unknown
Jonathan Crespo [US],Unknown
Deandre Ratcliffe [US],Unknown
Francisco Chagua [US],Unknown
Thom Vendl [US],Unknown
Skye Tagliavia [US],Unknown
Sean Jackson [US],Unknown
Christopher Novak [US],Unknown
Josh Clark [US],Unknown
Stephen Elmore [US],Unknown
oscar sowell [US],Unknown
Bryan Lyons [US],Unknown
James Hart [US],Unknown
Grayson Lang [US],Unknown
Andrew Weiss [US],Unknown
Eric Weisz [US],Unknown
Larry Myers [US],Unknown
Noah Sawyer [US],Unknown
Jake Dillon [US],Unknown
Kevin Krueger [US],Unknown
Brett Hartmann [US],Unknown
Joey Gayda [US],Unknown
James Gillespie [US],Unknown
Nick Guzman [US],Unknown
Lucas Harbuck [US],Unknown
Dalton Tuzas [US],Unknown
Ryan Belcher [US],Unknown
Mikey Kalb [US],Unknown
Caleb Stamps [US],Unknown
Eric Schermerhorn [US],Unknown
Cameron Hoskins [US],Unknown
Eric Cromer [US],Unknown
Tyler Pray [US],Unknown
Michael Skarlatov [US],Unknown
Justin West [US],Unknown
Randall Robertson [US],Unknown
austen vance [US],Unknown
Bradley Wieland [US],Unknown
Jace Troutman [US],Unknown
Richard Shoemaker [US],Unknown
Alex Danielson [US],Unknown
Manuel Medrano [US],Unknown
Joey Gaffney [CA],Unknown
Fayez Syed [US],Unknown
Christopher Antrim [US],Unknown
Evin Barber [US],Unknown
Brandon Chang [US],Unknown
Brandon Strong [US],Unknown
Brian Yu [US],Unknown
Aj Young [US],Unknown
donald harmes [US],Unknown
Nicholas Moses [US],Unknown
Dominique Cuellar [US],Unknown
steve king [US],Unknown
Anthony Barragan [US],Unknown
Aren Ashlock [US],Unknown
Brad Allard [US],Unknown
Bennett McKinney [US],Unknown
Austin Barker [US],Unknown
Sebastian Castillo [US],Unknown
Benjamin Thomas [US],Unknown
Logan Grady [US],Unknown
Dang Nguyen [US],Unknown
Kevin Carey [US],Unknown
Matthew Shiflet [US],Unknown
Vincenzo Porco [CA],Unknown
Richard Washington [US],Unknown
Jonathan Beeman [US],Unknown
Reilly Cooper [US],Unknown
Conner Kloiber [US],Unknown
Mark Cervoni [US],Unknown
Allen Richards [US],Unknown
Brian Augustine [US],Unknown
Coty Slack [US],Unknown
Alyssa Gilman [US],Unknown
Jeffery Still [US],Unknown
Aaron Hawkins [US],Unknown
Yido Jang [US],Unknown
Luke Maher [US],Unknown
Aaron Tymec [US],Unknown
Branna Blake [US],Unknown
Nathan Ritchie [CA],Unknown
Matthew Williams [US],Unknown
Jonathan Connell [US],Unknown
Jisahn Kim [US],Unknown
Samuel Petro [US],Unknown
Alex Sanders [US],Unknown
Gian Carlo Diaz [MX],Unknown
Andrue Gonzales [US],Unknown
Cody Hopkins [US],Unknown
Shengyuan Yang [US],Unknown
Samual Ackerman [US],Unknown
Claire Freeman [US],Unknown
Robyn Stephensen,Unknown
Harrison Zipp [US],Unknown
Bodhi Robinson [US],Unknown
Nicholas Thomas [US],Unknown
Alex Kuphal [US],Unknown
Jewel Marie [US],Unknown
Julius Cesar Estrope [US],Unknown
Ethan Lawrence [US],Unknown
Kyle Tokarczyk [US],Unknown
Zachary Satterfield [US],Unknown
Fredi Diaz Reyes [US],Unknown
Dang Pho [US],Unknown
Zach Nolan [US],Unknown
Michael Messina [US],Unknown
Michael Dones [US],Unknown
Matthew Ellison [US],Unknown
Michael Hendrickson [US],Unknown
Jared Woitalla [US],Unknown
>10 TABLE Noah schuler [US],Unknown
Caleb Borwick [US],Unknown
Thomas Roe [US],Unknown
Zachary Herdman [US],Unknown
skyler moon [US],Unknown
Daniel Aleman [US],Unknown
Mark Dreitzler [US],Unknown
Zack Galusha [US],Unknown
Kenny Packala [US],Unknown
Jarred Ingersoll [US],Unknown
Roger Lanrete [US],Unknown
Andrew Hroba [US],Unknown
Joseph Cornell [US],Unknown
Nathan Powell [US],Unknown
Muhamed Palatinus [CA],Unknown
Abel Flores [US],Unknown
Avery Appleby [US],Unknown
Luis Romo [US],Unknown
Anthony Palmero [US],Unknown
Autumn Moore [US],Unknown
Cody Bruder [US],Unknown
Kyle Salzman [US],Unknown
Loc Nguyen [US],Unknown
David Berrios Corujo [US],Unknown
Brody Allison [US],Unknown
Elcain Chase [US],Unknown
Dre Alderette [US],Unknown
Matthew Jambois [US],Unknown
Christian Bach [US],Unknown
Brad Lowery [US],Unknown
Ramon Mera [US],Unknown
Nicholas Scarangella [US],Unknown
isaac callahan [US],Unknown
Dhruva Mehta [US],Unknown
Jerry Bean [US],Unknown
Connor Griese [US],Unknown
Joseph Hildebrand [US],Unknown
Collin Ray [US],Unknown
Brandon Fields [US],Unknown
Tanner Hurley [US],Unknown
Levi Mills [US],Unknown
Alexander Rodriguez [US],Unknown
Logan Poindexter [US],Unknown
Stephen Church [US],Unknown
Jane Kiger [US],Unknown
Austin Charles [US],Unknown
Matthew Moruzzi [US],Unknown
Christopher Ilich [US],Unknown
Tyler Dunifin [US],Unknown
Christopher Robertson [US],Unknown
Jonathan campbell [US],Unknown
Lucas Brueggemann [US],Unknown
John Best [US],Unknown
Matthew McClain [US],Unknown
Juan Flores [US],Unknown
Brennan Remington [US],Unknown
Nicholas Hacquebord [US],Unknown
Daniel Mitchell [US],Unknown
Andrew Reinhardt [US],Unknown
Daniel Raney [US],Unknown
Tyson Holder [US],Unknown
Dan Hugar [US],Unknown
Andrew Moore [US],Unknown
Diego Barrera Moreno [MX],Unknown
Mitch Hunsucker [US],Unknown
Austin Davis [US],Unknown
Brian Mackes [US],Unknown
Dexter Siberell [US],Unknown
Jihoon Youn [US],Unknown
Joseph Zhu [US],Unknown
Dalton Moore [US],Unknown
Christian Metivier [US],Unknown
David Ceculski [US],Unknown
Gaeton Dragone [US],Unknown
William Kiefer [US],Unknown
Tyler Stambaugh [US],Unknown
Bradley Erickson [US],Unknown
Samuel Anserello [US],Unknown
Kevin Bennett [US],Unknown
Shelby Jones [US],Unknown
Andy Cisneros [US],Unknown
Matthew Erwin [US],Unknown
Blake Reagan [US],Unknown
Jack Botonis [US],Unknown
Conor Devins [US],Unknown
Jaedon Crawford [US],Unknown
Jacob Myers [US],Unknown
Cody Morgan [US],Unknown
Phillip Asmar [US],Unknown
Nathan Barker [US],Unknown
Jilliane Colwell Kinsman [US],Unknown
Matt Fox [US],Unknown
Bryce Harris [US],Unknown
Jared Kitzmiller [US],Unknown
Austen Wallace [US],Unknown
Nia Gonzalez [US],Unknown
Sean Webster [US],Unknown
Sable Creech [US],Unknown
Connor Taylor [US],Unknown
Ed Rickard [US],Unknown
Michael Yount [US],Unknown
Juan Gonzalez [US],Unknown
Olaf Rodriguez [US],Unknown
Andrew Skrzyniarz [US],Unknown
Josh Barnes [US],Unknown
John Pisaneschi [US],Unknown
Ashley Freije [US],Unknown
Michael Colon [US],Unknown
Brendan Robb [US],Unknown
Cooper Rice [US],Unknown
Tarun Eisen [US],Unknown
Matt Hartigan [US],Unknown
Ethan Goodchild [US],Unknown
Brittnay Moore [US],Unknown
Mac Currie [US],Unknown
Camaren Coker [US],Unknown
Todd Schetter [US],Unknown
Nathan Brooks [US],Unknown
Jacob Gurner [US],Unknown
Justin Culberson [US],Unknown
Jon Bradshaw [US],Unknown
Adriano Candido Jr [US],Unknown
Kailey Thomas [US],Unknown
Tavaris Dunn [US],Unknown
Bryan Madden [US],Unknown
kasey clark [US],Unknown
Kyle Sanchez [US],Unknown
Gavin Bang [US],Unknown
Alexander Russell [US],Unknown
Michael French [US],Unknown
Frederic Deneault [CA],Unknown
Rex Hurley [US],Unknown
Matthew Meyer [US],Unknown
Kyle Haywood [US],Unknown
Grace Tucker [US],Unknown
Michael Puffpaff [US],Unknown
Caroline Bagwell [US],Unknown
Elliott Zech [US],Unknown
Devon Birkner [CA],Unknown
Luke Twietmeyer [US],Unknown
Matthew Monteiro [US],Unknown
naomi williams [US],Unknown
Seth Heitmann [US],Unknown
Jose Padilla Macias [US],Unknown
Brandon-Christopher Bravo [US],Unknown
Vincent Bettex [US],Unknown
Brandon May [US],Unknown
Perry Smith [US],Unknown
Tyler Nelson [US],Unknown
Jessica Strader [US],Unknown
Matt Wolens [US],Unknown
>4 TABLE Kai Kasim [US],Unknown
Wesley Renye [US],Unknown
Zach Bates [US],Unknown
Elijah Ruff [US],Unknown
Tyler Price [US],Unknown
Trevor Goad [US],Unknown
Alex Cook [US],Unknown
Joshua Smiddy [US],Unknown
Mina Altman [US],Unknown
Eduardo Hernandez [US],Unknown
Lucas Thiele [US],Unknown
Patrick Littleson [US],Unknown
Philip Julian [US],Unknown
alan bolden [US],Unknown
Joseph Horth [US],Unknown
Thomas Dewsbury [US],Unknown
Jiazuo Sun [US],Unknown
Dalton Lovelace [US],Unknown
Caleb Koch [US],Unknown
Frank Clarke [US],Unknown
Alec Tuohey [US],Unknown
Michael Lux [US],Unknown
Erick Perez [US],Unknown
AJ Frazier [US],Unknown
William Angel [US],Unknown
Adrian Barrientos [US],Unknown
Kyle Bensley [US],Unknown
Devyn Campbell [US],Unknown
Robert Manella [US],Unknown
Hayden Towne [US],Unknown
Josue Gallegos [US],Unknown
Hunter Moxley [US],Unknown
Jose Casillas [US],Unknown
Alexander McPherson [US],Unknown
Steph Morrison [US],Unknown
Patrick Guerro [US],Unknown
Alex Dâ€™Angelo [US],Unknown
Meili Swanson [US],Unknown
Ruochen Tang [US],Unknown
Matt Steele [US],Unknown
Steven Williams [US],Unknown
Noah Konarz [US],Unknown
Nicole Miller [US],Unknown
Spencer Griese [US],Unknown
eric slygh [US],Unknown
Benjamin Koke [US],Unknown
Trevor Mitts [US],Unknown
Drake Larson [US],Unknown
William Chang [US],Unknown
Blake Stout [US],Unknown
Ashley Urban [US],Unknown
Corinne Butler [US],Unknown
Hieu Nguyen [CA],Unknown
Brittany Boswell [US],Unknown
Joseph Stephens [US],Unknown
Zachery Holton [US],Unknown
Viken Ashekian [CA],Unknown
Aaron Monti [US],Unknown
Kevin Ware [US],Unknown
Dylan Pope [US],Unknown
John Krieger [US],Unknown
Chris Chandler [US],Unknown
Bennett Hirschhorn [US],Unknown
Steve Zhang [US],Unknown
Jake Adkins [US],Unknown
Morgan Hammer [US],Unknown
Alexander Holtz [US],Unknown
Douglas Cox [US],Unknown
Ethan Thomas [US],Unknown
Cory Litteral [US],Unknown
Christopher Wigelsworth [US],Unknown
Collin Hand [US],Unknown
anthony anatra [US],Unknown
Chris Knudsvig [US],Unknown
Andrew Carlson [US],Unknown
Anthony Martin [US],Unknown
Yoshii Ma [US],Unknown
Michael Manley [US],Unknown
Joshua Frink [US],Unknown
Cody Highlan [US],Unknown
Alec Geissler [US],Unknown
Kris Harsh [US],Unknown
Mikayla Gaskin [US],Unknown
Makayla Penney [US],Unknown
Justin Gilbert [US],Unknown
Jared Dauenhauer [US],Unknown
Noah Spinale [US],Unknown
Wyatt Urbahns [US],Unknown
Nathan Anderson [US],Unknown
Jacob McCool [US],Unknown
Brennan Jackson [US],Unknown
Adam Dunworth [US],Unknown
Scotty Dunne [US],Unknown
Connor Eggleston [US],Unknown
Adrian Falcon [US],Unknown
Edward Soto Jr. [US],Unknown
Jordan Copeland [US],Unknown
Timothy Alamo [US],Unknown
Allison Ritter [US],Unknown
Mike Hines [US],Unknown
Saaud Zuberi [US],Unknown
victor muÃ±oz [CL],Unknown
Dylan Fark [US],Unknown
cortez campbell [US],Unknown
Cody Spalding [US],Unknown
Lucy Applegate [US],Unknown
Michael Cole [US],Unknown
Joseph Rivera [US],Unknown
Andrew Koke [US],Unknown
Mason Adolfs [US],Unknown
Collin Smith [US],Unknown
Mac Blair [US],Unknown
Zack Dietrick [US],Unknown
Brandon Bastianelli [US],Unknown
Sergio Rodriguez [CA],Unknown
Richard Sandlin [US],Unknown
Michael Guddy [US],Unknown
Carson Ward [US],Unknown
Grace Smythe [US],Unknown
Paul Menyo [US],Unknown
Joseph Kleineick [US],Unknown
Dustin Rice [US],Unknown
>17 TABLE Austin Beck [US],Unknown
Andrew Haga [US],Unknown
elijah castillo-esper [US],Unknown
Brian Ford [US],Unknown
DANNY MIRANDA [US],Unknown
Andrew Sakauye [US],Unknown
Tyler Tasch [US],Unknown
Thomas Hand [US],Unknown
Jacson Cruea [US],Unknown
Jesse Holland [US],Unknown
Nathan Arcienega [US],Unknown
Lindsey Bennett [US],Unknown
Richie Warlow [US],Unknown
Zak DeBeaussaert [US],Unknown
Omar Patterson [US],Unknown
Brandon Salazar [US],Unknown
Evan Prims [US],Unknown
Luke Romero [US],Unknown
CONRAD FEATHERSTONE [US],Unknown
Christian Villarosa [US],Unknown
Peter Idehen [US],Unknown
Bill Clark [US],Unknown
Molly Kay Wenzel [US],Unknown
Carter DeVoe [US],Unknown
BRIAN WASSOM [US],Unknown
PAUL GIZA [US],Unknown
Jared Meeks [US],Unknown
Taylor Mitchell-Hearon [US],Unknown
Eleni Kitzmiller [US],Unknown
Dillon Moreno [US],Unknown
Felipe Ponce [US],Unknown
Jonas Romero [US],Unknown
Tomas Hernandez [US],Unknown
Tina Stover [US],Unknown
Brittnie King [US],Unknown
Alan Cisneros [US],Unknown
Matthew Beets [US],Unknown
Emily McGonigle [US],Unknown
Taylor Ramsey [US],Unknown
Matt Hager [US],Unknown
Jordan Felder [US],Unknown
Benjamin Morse [US],Unknown
Sean Hargrave [CA],Unknown
Drew Cate [US],Unknown
Ethan Rachuy [US],Unknown
Josh Godbey [US],Unknown
Preston Wehr [US],Unknown
Jordan Nelle [US],Unknown
Josh Gibson [US],Unknown
Ryan Prusak [US],Unknown
Jeffrey Stone [US],Unknown
micheal corey [US],Unknown
Wyatt Campbell [US],Unknown
Josh Childers [US],Unknown
Nick Sorrels [US],Unknown
SETH RAMOS [US],Unknown
Corey Roca [US],Unknown
Willis Patenaude [US],Unknown
Caleb Wheeler [US],Unknown
Ezekiel Hall [US],Unknown
Elineury Collado [US],Unknown
Kason Day [US],Unknown
Andrew Sams [US],Unknown
Nolan Freda [US],Unknown
Adrian Moreno [US],Unknown
John Hunschofsky [US],Unknown
William Beyer [US],Unknown
Joseph Bouffard [US],Unknown
timothy tunks [US],Unknown
Carl Scheu IV [US],Unknown
>9 TABLE Nick Alvarez [US],Unknown
Kyler Norvell [US],Unknown
Wade Miletto [US],Unknown
Wyatt Ethier [US],Unknown
Brock Moyer [US],Unknown
Dean Marsh [US],Unknown
Lisia Oppedal [US],Unknown
>7 TABLE Jeffrey Blake [US],Unknown
Xiao Tang [US],Unknown
Michael Myers [US],Unknown
Ayliana McIntyre [US],Unknown
Matthew Sanders [US],Unknown
Chris Larson [US],Unknown
Zachary Robinson [US],Unknown
Lorenzo Prieto [US],Unknown
Brian Moreno [US],Unknown
Brandon Hughes [US],Unknown
Devin Thompson [US],Unknown
Patrick Brigman [US],Unknown
Zachary Carter [US],Unknown
Austin Yates [US],Unknown
Paul McCann [US],Unknown
D. Mark Courtney [US],Unknown
Richard Robinson [US],Unknown
Avrey Spengler [US],Unknown
Jeremy Barnett [US],Unknown
David Vaughn [US],Unknown
John Gilomen [US],Unknown
Guerino Bartello [US],Unknown
David Robuck [US],Unknown
Matthew Huinker [US],Unknown
Tom Day [CA],Unknown
Ryan Doverspike [US],Unknown
Bryce Derr [US],Unknown
Gwen Tran [US],Unknown
Brian Leary [US],Unknown
Craig Gobble [US],Unknown
Joseph Moore-Costa [US],Unknown
Calvin Humphries [US],Unknown
Victor Navarro [US],Unknown
Cameron Cohen [US],Unknown
Adam Baker [US],Unknown
Kelly Boyer [US],Unknown
Josh Smith [US],Unknown
kaleb kallas [US],Unknown
Sam Montgomery [US],Unknown
Michael Agans [US],Unknown
Samuel Sosa [US],Unknown
Thomas Deemter [US],Unknown
Scott Ethier [US],Unknown
Sean Hipp [US],Unknown
Sky DelaCruz [US],Unknown
Stephen Riley [US],Unknown
Deon Lunsford [US],Unknown
Jordan Johnson [US],Unknown
John Felton [US],Unknown
Gabe Koch-Flowers [US],Unknown
Slade Robertson [US],Unknown
Jace Flinn [US],Unknown
Austin Remo [US],Unknown
William Martin-Farmer [US],Unknown
William Au [US],Unknown
Ryan Vaughn [US],Unknown
Logan Cox [US],Unknown
Andrew Buckner [US],Unknown
Roshan Bhaskar [IN],Unknown
Shira Yunker [US],Unknown
Kisha Morris [US],Unknown
Devin Holland [US],Unknown
Patrick Sweany [US],Unknown
Jorge Torres [US],Unknown
Will Herrensmith [US],Unknown
Dorian Shasteen [US],Unknown
Jay Roberts [US],Unknown
Micah Kubr [US],Unknown
Kevin Liao [CA],Unknown
Teja Gummadi [US],Unknown
Seth Stagner [US],Unknown
Rachel Oxley [US],Unknown
Noah Zoldak [US],Unknown
Lily Hoekstra [US],Unknown
Cristian Estrada [US],Unknown
Bryan Napier [US],Unknown
Brendan Acre [US],Unknown
Kyle Adams [US],Unknown
Xavier Morgan [US],Unknown
Samuel Hurtado Jr [US],Unknown
Jaiden Hernandez [US],Unknown
Cody Falls [US],Unknown
eugene davis [US],Unknown
Travis Shows [US],Unknown
William Harbuck [US],Unknown
Timothy Langenderfer [US],Unknown
Yosha Riley [US],Unknown
Alex Colby [US],Unknown
Saharut Teavahasakulthong [US],Unknown
Ethan Gann [US],Unknown
Hampton Morton [US],Unknown
Alec Ward [US],Unknown
Ethan Kirkland [US],Unknown
Jake Winkel [US],Unknown
Marc Rogers [US],Unknown
Steven Quintero [US],Unknown
Taylor Touchet [US],Unknown
Connor Heath [US],Unknown
Zach Feller [US],Unknown
Aneil Saini [CA],Unknown
China Ross [US],Unknown
Kevin Johns [US],Unknown
Jon Christopher [US],Unknown
Nikolas Campbell [US],Unknown
Charlie Hall [US],Unknown
LC Barnard [US],Unknown
Gregory Haan [US],Unknown
Jimmy Chae [US],Unknown
Juwan Joseph [US],Unknown
Michael Hodges [US],Unknown
Travis Preston [US],Unknown
BILLY CHAN [CA],Unknown
Brandon Juan Ringor [US],Unknown
Joseph Buckalew [US],Unknown
Katie Wilson [US],Unknown
Caleb Porter [US],Unknown
Maxwell Bishop [US],Unknown
Talon Holloway [US],Unknown
chris audax [US],Unknown
Jackson Hyson [US],Unknown
Cody Courtney [US],Unknown
Joey Ward [US],Unknown
Joseph Gilmore [US],Unknown
Amy Jones [US],Unknown
Jacob Bray [US],Unknown
Daniel Sutch [US],Unknown
Jason McKinney [US],Unknown
Miguel Ramirez [US],Unknown
Nicholas Strother [US],Unknown
bradley willis [US],Unknown
Josh Allen [US],Unknown
Darren Johns [US],Unknown
Zackary Eberhardy [US],Unknown
Iris Morgan [US],Unknown
Jordan Householder [US],Unknown
Donny Myers [US],Unknown
Rosamond Riedeman [US],Unknown
Jack Beck [US],Unknown
Nathan Cheney [US],Unknown
Matthew Rylant [US],Unknown
Lucas Spackey [US],Unknown
Luis Luna [US],Unknown
>1 TABLE Jeffrey Petro [US],Unknown
steven henderson [US],Unknown
Joshua Rosario,Unknown
Haoyan Kang [CN],Unknown
Stephen Ward [US],Unknown
Bradley Allen [US],Unknown
Yunrong Cai [US],Unknown
Christopher Wiley [US],Unknown
Jared Lyles [US],Unknown
Ava Cruzan [US],Unknown
Dylan Simpson [US],Unknown
Maxwell Zakeri [US],Unknown
Adrian Mejia Galvez [MX],Unknown
Ryan Rafferty [US],Unknown
Andrew Newman [US],Unknown
Wilfred Worland [US],Unknown
Aaron McPeak [US],Unknown
Robert Meyers [US],Unknown
Javier Chinchilla [US],Unknown
Christian Baumgarner [US],Unknown
Michel Delgado [US],Unknown
Buddy Perry [US],Unknown
Tyler Driver [US],Unknown
Philip Helman [US],Unknown
Ron Park [US],Unknown
Nathaniel Lee [US],Unknown
Andreya Dunks [US],Unknown
Eric Mann [US],Unknown
Alex Bauman [US],Unknown
Matthew Hill-Kent [CA],Unknown
Mason Moore [US],Unknown
Taylor Brunner [US],Unknown
Charles Walters [US],Unknown
Mark Miller [US],Unknown
Agustin Ramirez [US],Unknown
Gregory Goad [US],Unknown
Anyely Cruz [US],Unknown
Alex Cruz [US],Unknown
Andy Zhou [US],Unknown
PJ Witusik [US],Unknown
Matt Garcia [US],Unknown
Matthew Demmond [US],Unknown
Gabriel Englehart [US],Unknown
Michael McCormick [US],Unknown
Luke Townsend [US],Unknown
Tony Bella [US],Unknown
Matt Pennington [US],Unknown
Nathan Guffey [US],Unknown
Joshua Bickel [US],Unknown
Jacob Nisiewicz [US],Unknown
James Santaniello [US],Unknown
Jason Bonica [US],Unknown
Alex Pahr [US],Unknown
Gregory Cate [US],Unknown
Matt Bubp [US],Unknown
Sakura Clanan [US],Unknown
Gerard Casuga [US],Unknown
Zoe Blair [US],Unknown
Nathaniel Lamar [US],Unknown
Luis Sanabria [US],Unknown
Ivan Chan [US],Unknown
Denver Hartman [US],Unknown
Matthew Blatnick [US],Unknown
Eisuke Ando [US],Unknown
Ariel Ruiz Rentas [US],Unknown
Colin Culbertson [US],Unknown
William Heffernan [US],Unknown
Jessica Lee [US],Unknown
Gregory Anderson [US],Unknown
Kyle ðŸ”¥ Morris [US],Unknown
Rich Wolter [US],Unknown
Ken duong [US],Unknown
Sharif Judd [US],Unknown
Dylan Usher [US],Unknown
Kyle McLaughlin [US],Unknown
Jacob Stillwell [US],Unknown
Rocky Barr [US],Unknown
Adrian Cruz [US],Unknown
Damian Barajas [US],Unknown
Nathanael Tuckerman [US],Unknown
Mathew Peoples [US],Unknown
Joshua Chan [US],Unknown
Jordan Robinson [US],Unknown
Yang-hua Chu [US],Unknown
Jermell Parrish [US],Unknown
Colton Shirley [US],Unknown
Nicholas Canfield [US],Unknown
Tariq Eddington [US],Unknown
Nick Fleming [US],Unknown
Paul Fischer [US],Unknown
Tomas Bobadilla [US],Unknown
Alfred Cayia [US],Unknown
Bradley Ireland [US],Unknown
Dylan Price [US],Unknown
Sean Fritts [US],Unknown
Ted Patrick [US],Unknown
Dustin Lester [US],Unknown
Dante Smith [US],Unknown
Jackson Hall [US],Unknown
Samantha Radford [US],Unknown
Jacob Williams [US],Unknown
Vinny Matthews [US],Unknown
Michael MacKay [US],Unknown
Samantha Durci [US],Unknown
Robert Davies [US],Unknown
Eddie Hernandez Jr [US],Unknown
Kade jones [US],Unknown
Josh Mckinney [US],Unknown
Ethan Meyers [US],Unknown
Christopher Thomason [US],Unknown
Jeremiah Moloney [US],Unknown
Tyler Bottom [US],Unknown
Roger Lee [US],Unknown
Nick Newton [US],Unknown
Haley Porath [US],Unknown
Josh Lynn [US],Unknown
Matthew Shreeve [US],Unknown
Tony Jaworowski [US],Unknown
Zach Kowalski [US],Unknown
Erick Canteria [US],Unknown
Andy Ousley [US],Unknown
Erin Fields [US],Unknown
Ian Baumgarner [US],Unknown
Drew Ho [US],Unknown
Alex krekeler [US],Unknown
Mikael Couch [US],Unknown
Joshua Miranda [US],Unknown
Marissa Antuneztapia [US],Unknown
Luke Motte [US],Unknown
Aaron Hunt [US],Unknown
Lenny Harrison [US],Unknown
Matthew Fudge [US],Unknown
Logan Buse [US],Unknown
Jacob Konter [US],Unknown
Jonathan Duncan [US],Unknown
Hollyann Wilson [US],Unknown
John Combs [US],Unknown
Matt Chuang [US],Unknown
Ryan Harris [US],Unknown
James Baranoski [US],Unknown
Logan Washburn [US],Unknown
Joe Winkler [US],Unknown
Justin Canard [US],Unknown
Tristan Macri [US],Unknown
Smiley Herrera [US],Unknown
Logan Green [US],Unknown
James Blanks [US],Unknown
Jay Finn [US],Unknown
Mark Gugler [US],Unknown
Zachary Rice [US],Unknown
Christopher Colon [US],Unknown
Andre DiPaola [US],Unknown
Thomas Yost [US],Unknown
Ben Seitz [US],Unknown
tienthomas pham [US],Unknown
Jonathan Colley [US],Unknown
Ryan Bentley [US],Unknown
Kyle Perkins [US],Unknown
Tommy Wallace [US],Unknown
Scott Harwood [US],Unknown
Elza Rusher [US],Unknown
Joseph Adams [US],Unknown
Taylor Mandsager [US],Unknown
David Winters [US],Unknown
Peter Turner [US],Unknown
Caleb Fulfer [US],Unknown
Alan Kelley [US],Unknown
Zachary Pace [US],Unknown
Kristina Benchoff [US],Unknown
Daniel Gloria [US],Unknown
William Carter [US],Unknown
Tanner Morrison [US],Unknown
Brian Fentress [US],Unknown
Tyler Wood [US],Unknown
Tyler Cox [US],Unknown
Ryan McIntosh [US],Unknown
Charles Weaver [US],Unknown
Matthew Nixon [US],Unknown
Logan Forsythe [US],Unknown
Han Garrett [US],Unknown
Chelsea Christy [US],Unknown
Jonathan Barnard [US],Unknown
Tanner Lloyd [US],Unknown
Corey Kime [US],Unknown
Yariel Lallave-Velez [US],Unknown
Micah MacGowan [US],Unknown
>12 TABLE Garry breech [US],Unknown
Melissa Goad [US],Unknown
Adam Eldridge [US],Unknown
Mason Going [US],Unknown
Brett Bieniak [US],Unknown
Blessing Ametitovi [US],Unknown
Emma Carney [US],Unknown
Brandon Smiley [US],Unknown
Dylan Truncone [US],Unknown
Nathaniel Ross [US],Unknown
Emily Keller [US],Unknown
Fredrick Lansford [US],Unknown
Bailey Giltner [US],Unknown
Daniel Lammers [US],Unknown
Sam Huber [US],Unknown
James Smith [US],Unknown
Elmo Johnson [US],Unknown
Adam Kalamat [CA],Unknown
Ryan Tallmage [US],Unknown
Jose Marzan [US],Unknown
John Ries [US],Unknown
Elijah Crane [US],Unknown
Andrew Eales [US],Unknown
James King [US],Unknown
Cody Sowell [US],Unknown
Shawn Stewart [US],Unknown
David Mateicka [US],Unknown
Zachary Rowe [US],Unknown
Stephen Riddle [US],Unknown
Bela Lancaster [US],Unknown
Ian Mitchell [US],Unknown
Nathan Haley [US],Unknown
Nicholas Muntzinger [US],Unknown
Marcos Garcia [US],Unknown
Seth Dollars [US],Unknown
Connor Finton [US],Unknown
Adam Pennington [US],Unknown
Justin Rivera [US],Unknown
Tracy Medley [US],Unknown
Dylan Shope [US],Unknown
Keaton Williams [US],Unknown
Nicholas Prezzato [US],Unknown
Joshua McLemore [US],Unknown
cody townsend [US],Unknown
Jacob Pinkstaff [US],Unknown
Sam Corder [US],Unknown
tyler palmison [US],Unknown
Andrew Pray [US],Unknown
Dillon Mckee [US],Unknown
Shelby Partin [US],Unknown
Andrew Grindrod [US],Unknown
Allen Dulen [US],Unknown
Jacob McIntosh [US],Unknown
David Whitney [US],Unknown
Jackson Avila [US],Unknown
Walker Moss [US],Unknown
Daniel Thompson [US],Unknown
Tyler Herrmann [US],Unknown
Jimmy Curtis [US],Unknown
Ethan Bougneit [US],Unknown
Lynn Perdue [US],Unknown
ANDREW GANTNER [US],Unknown
Melissa Huber [US],Unknown
Kenna Sarver [US],Unknown
Sanel Karacic [US],Unknown
William Wright [US],Unknown
Michael Choromanski [US],Unknown
Morgan Brown [US],Unknown
Ramon Guivas [US],Unknown
Justin Farst [US],Unknown
Travis Short [US],Unknown
Nicolas Adsit [US],Unknown
William Bolam [US],Unknown
Danny Williams [US],Unknown
James Lee [US],Unknown
Nathan Hampton [US],Unknown
Reece Templin [US],Unknown
Nicholas Matejzel [US],Unknown
William Hobbs [US],Unknown
Jacob Burritt [US],Unknown
Josh Larew [US],Unknown
Joshua Cormney [US],Unknown
Ashley Bennett [US],Unknown
Corey Freeman [US],Unknown
Jingbo Cheng [US],Unknown
Michael Scott,Unknown
Tabitha Bragg,Unknown
Milo Sparapani [US],Unknown
zachary herson [US],Unknown
Korey Gilmer [US],Unknown
Kane Hughes [US],Unknown
Sally Howell [US],Unknown
Peyton Ackerman [US],Unknown
>11 TABLE Link Maynard [US],Unknown
Clay Barfield [US],Unknown
Alfredo Chagua [US],Unknown
Sawyer Melban [US],Unknown
Michael Ingalls [US],Unknown
Jeffrey Brown [US],Unknown
Richard Sepulveda [US],Unknown
Cody Bowers [US],Unknown
Chance Filiatre [US],Unknown
Vincent Monaro [US],Unknown
Brock Robertson [US],Unknown
Ronald Sharpsteen [US],Unknown
Abigail Rusher [US],Unknown
Darian Spencer [US],Unknown
Mitchell Massey [US],Unknown
Andrew Martin [US],Unknown
Jacob Richter [US],Unknown
Cole Templin [US],Unknown
Joe Bryant [US],Unknown
David Duncan [US],Unknown
Christopher Shaw [US],Unknown
Cole Parsons [US],Unknown
Dominick Rouen [US],Unknown
Jacob Thornhill [US],Unknown
Abigale Wynn [US],Unknown
Charles Wood [US],Unknown
Keaton Hughes [US],Unknown
Adam Beavers [US],Unknown
Xavier Eldridge [US],Unknown
Aryn Fitzpatrick [US],Unknown
Tyler Smashey [US],Unknown
Chris Kerr [US],Unknown
Cory Rice [US],Unknown
Timothy Chase-Wise [US],Unknown
Ian Munro [US],Unknown
Laine Fedele [US],Unknown
Damian Schell [US],Unknown
Anthony Richards [US],Unknown
Zackariah Ward [US],Unknown
Christian Galvan [US],Unknown
Ezequiel Camacho [US],Unknown
Seth Savage [US],Unknown
Alison Fazenbaker [US],Unknown
Richard Martin [US],Unknown
Phillip Webb [US],Unknown
sawyer pruitt [US],Unknown
Dale Hamblin Jr [US],Unknown
Grant Monson [US],Unknown
Michael Bailey [US],Unknown
Jessica Woitalla [US],Unknown
Lucas Eason [US],Unknown
Robert Russell [US],Unknown
Summer Hartley [US],Unknown
Francisco Torres [US],Unknown
Frederick Hayes [US],Unknown
Angel Huezo [US],Unknown
Lily Morgan [US],Unknown
Robert Browne [US],Unknown
keith nieves [US],Unknown
Dick Moore [US],Unknown
Jie Ran [US],Unknown
Haley Gabori [US],Unknown
Ryan Bown [US],Unknown
Harrison Browning [US],Unknown
Tyler Stout [US],Unknown
Oscar Garcia [US],Unknown
Miles MC [US],Unknown
Stephen Yeh [US],Unknown
Charles McCauley [US],Unknown
James Stump [US],Unknown
William Jones [US],Unknown
Daniel Thrasher [US],Unknown
Erick Benavides [US],Unknown
Joshua Davies [US],Unknown
Jaydon Grubbs [US],Unknown
Bradley Dalton [US],Unknown
Garrett Coats [US],Unknown
Martin Trepanier [US],Unknown
Kristopher Smith [US],Unknown
Marc Perry [US],Unknown
Lynne Thompson [US],Unknown
Joseph Wilson [US],Unknown
Anthony Perrie [US],Unknown
Cody Banks [US],Unknown
Joe Gayda [US],Unknown
Larkin Floyd [US],Unknown
Mark Hooper [US],Unknown
Andrew Edberg [US],Unknown
Chris Yount [US],Unknown
Blake Turpin [US],Unknown
Elijah Moses [US],Unknown
Ari Perez [US],Unknown
Joseph Slone [US],Unknown
joshua luke [US],Unknown
Eric Delizo [US],Unknown
Damon Byers [US],Unknown
Aaron Jones [US],Unknown
Emeterio Reyes [US],Unknown
Nicholas Franco [US],Unknown
Jordan Hill [US],Unknown
Corey Graley [US],Unknown
Jeff Opp [US],Unknown
Brandon Morris [US],Unknown
Davis Elliott [US],Unknown
Andy Mahoney [US],Unknown
Russell Dilley [US],Unknown
Eric Evans [US],Unknown
Fisher Parsons [US],Unknown
Derrick Miller [US],Unknown
Ian Adams [US],Unknown
Michaela Zelaya [US],Unknown
Cinda Rinard [US],Unknown
Sidney Gautrau [US],Unknown
Derek Roberts [US],Unknown
Aaron Dodd [US],Unknown
Diane Schemanske [US],Unknown
Jon Christy [US],Unknown
Brandon Santizo-Johnson [US],Unknown
Rylee Muncy [US],Unknown
Alston Hall [US],Unknown
Rowen Abramowitz [US],Unknown
Robert Fiorini [US],Unknown
Nicholas Mink [US],Unknown
Abigale Murabito [US],Unknown
Cameron Pauli [US],Unknown
Samuel Elfanbaum [US],Unknown
Brandon Debes [US],Unknown
Kyle Barnes [US],Unknown
Chris Cooper [US],Unknown
Johnathon Rankin [US],Unknown
Joseph Mordente [US],Unknown
Jordan Rinard [US],Unknown
Josh Lemmon [US],Unknown
Elizabeth Bellin [US],Unknown
Sam Nguon [US],Unknown
Thomas Pitts [US],Unknown
Cameron Sillman [US],Unknown
Jeremy Gonterman [US],Unknown
Zach Mallard [US],Unknown
Jesslyn Mummert [US],Unknown
Chessie Howell [US],Unknown
William Gunnoe,Unknown
Zachary Smith,Unknown
Matthew Tracy,Unknown
David Michael Perkins,Unknown
Jovad Cruz [US],Unknown
Calvin Davis [US],Unknown
Ethan Huffman [US],Unknown
