Landen Kaetler [CA],Miraidon ex
Kenneth Gilman [US],Miraidon ex
Victor De Velasco [MX],Gholdengo ex
Grant Shen [US],Regidrago VSTAR
Brent Tonisson [AU],Regidrago VSTAR
Jon Eng [US],Regidrago VSTAR
Noah Sakadjian [US],Regidrago VSTAR
Isaiah Williams [US],Regidrago VSTAR
Camden Freeze [US],Charizard Pidgeot
Yihao Chen [US],Roaring Moon ex
Jon Bieligk [US],Charizard Pidgeot
Andrew Hedrick [US],Regidrago VSTAR
Joshua Salverredy [PE],Regidrago VSTAR
Andy Zhang [US],Palkia
Nicholas Cucinelli [US],Roaring Moon ex
Joseph Mousaed [US],Snorlax Stall
Cerys Jones [US],Gardevoir ex
Benjamin Clark [US],Charizard Pidgeot
Samuel Scime [CA],Lugia Archeops
Alex Lien [US],Roaring Moon ex
Benjamin Nackman [US],Terapagos Dusknoir
John Hunschofsky [US],Terapagos Dusknoir
Cody Roripaugh [US],Dragapult Dusknoir
Richard Yannow [US],Klawf Terapagos
Michael Cacilhas [US],Raging Bolt Ogerpon
Patrik Räty [US],Klawf Terapagos
Ethan Hegyi [US],Regidrago VSTAR
Sawyer Melban [US],Regidrago VSTAR
Liam Halliburton [US],Pidgeot Control
Omar Quezada [US],Regidrago VSTAR
Ryan Antonucci [US],Regidrago VSTAR
Drue Townsend [US],Charizard Pidgeot
Felipe Garibay [US],Charizard Pidgeot
Grant Manley [US],Regidrago VSTAR
Caleb Gedemer [US],Regidrago VSTAR
Nathian Beck [US],Raging Bolt Ogerpon
Lennon Baugh [US],Klawf Terapagos
Lance Bradshaw [US],Regidrago VSTAR
Ethan Rible [US],Regidrago VSTAR
Dylan Smeigh [US],Lugia Archeops
John England [US],Regidrago VSTAR
James Simms [US],Miraidon ex
Haruki Miwa [JP],Gardevoir ex
Andrew Choi [US],Archaludon ex
Travis Beckwith [US],Regidrago VSTAR
Avante Benson [US],Gholdengo ex
Rowan Willeke [US],Dragapult ex
ANDREW GANTNER [US],Lost Zone Box
Andrew Scott [US],Regidrago VSTAR
Abaan Ahmed [US],Gardevoir ex
Ethan Yi [US],Other
noah schuler [US],Lugia Archeops
Benjamin Anders [US],Dragapult Pidgeot
Josh Bangle [US],Archaludon ex
Victormanuel Jimenez [US],Lost Zone Box
Armando Cervantes [US],Regidrago VSTAR
Emmet Hurley [US],Roaring Moon ex
Calvin Connor [US],Snorlax Stall
Caleb Rogerson [US],Regidrago VSTAR
Christian LaBella [CA],Regidrago VSTAR
Joseph Sanchez [US],Roaring Moon ex
Makani Tran [US],Charizard Pidgeot
Joe Turrentine [US],Other
Aaron Davis [US],Snorlax Stall
Vance Kelley [US],Regidrago VSTAR
Dean Nezam [US],Other
Joshua Frink [US],Other
Gabriel Chai [US],Other
Stephen Lowe [US],Snorlax Stall
Elijah Hodges [US],Raging Bolt Ogerpon
Maxwell Johnson [US],Snorlax Stall
Yoshii Ma [US],Unknown
Michael Meal [CA],Lost Zone Box
Maurino Lopez [US],Snorlax Stall
Niccolo Abate [US],Charizard Pidgeot
AJ Bautista [US],Raging Bolt Ogerpon
Tony Vuong [US],Roaring Moon ex
Francisco Jacobs [MX],Regidrago VSTAR
Landen Owens [US],Regidrago VSTAR
Thanh Nhan Nguyen [US],Charizard Pidgeot
tony mendoza [US],Klawf Terapagos
Christian Villarosa [US],Raging Bolt Ogerpon
Jose Luis Vazquez [US],Charizard Pidgeot
Jared Grimes [US],Gholdengo ex
Caitlin White [CA],Regidrago VSTAR
Nathan Ginsburg [US],Lost Zone Box
Longman Huang [US],Dragapult Dusknoir
Charles Abrams [US],Terapagos Dusknoir
Lucas Anderson [US],Lost Zone Box
Charlie Lockyer [US],Other
Richard Cornwall [US],Snorlax Stall
Kevin O'Hara [US],Miraidon ex
Juan Mora [US],Other
Sean Schulz [US],Gardevoir ex
Nathan Powell [US],Gholdengo ex
Collins Eckard [US],Regidrago VSTAR
Ryan Adams [US],Palkia
Cameron Kawasaki [US],Ancient Box
Corey Godfrey [US],Archaludon ex
Henry Brand [AU],Terapagos Dusknoir
Kian Amini [US],Charizard Pidgeot
Paolo De La Cruz [US],Regidrago VSTAR
Brett Daywalt [US],Raging Bolt Ogerpon
Bodhi Robinson [US],Regidrago VSTAR
Jacob Nemeth [US],Gholdengo ex
Cobi Kawasaki [US],Charizard Pidgeot
Elvis Vu [US],Charizard Pidgeot
Thomas Dewsbury [US],Charizard Pidgeot
Mitchell Ransome [US],Gholdengo ex
Andrew Sakauye [US],Pidgeot Control
Ryan Harris [US],Regidrago VSTAR
Blake Reagan [US],Lost Zone Box
Darius Waller-Savage [US],Other
Mauricio Patino [US],Other
Zach Balside [US],Raging Bolt Ogerpon
Frank Luciano [US],Charizard Pidgeot
Brandon Joestar [US],Raging Bolt Ogerpon
Brian Wade [US],Charizard Pidgeot
Christina Wang [US],Regidrago VSTAR
Maddi Mooney [US],Dragapult Dusknoir
Bryan Ortiz [CA],Miraidon ex
Azul Garcia Griego [US],Regidrago VSTAR
Sky DelaCruz [US],Pidgeot Control
Axel Vega [US],Charizard Pidgeot
Paul Abarca [US],Gholdengo ex
Henry Thompson [US],Other
Elmerande Santos Jr. [US],Raging Bolt Ogerpon
Mario Solis [US],Terapagos Dusknoir
Aidan Phimmasehn [US],Lost Zone Box
Joey Gaffney [CA],Pidgeot Control
Michael Davidson [US],Regidrago VSTAR
Daniel Mitchell [US],Regidrago VSTAR
Alejandro Flores [US],Other
Matt Bacnis [US],Charizard Pidgeot
Le Bui [US],Roaring Moon ex
Shukri Ideis [US],Regidrago VSTAR
Alejandro García moreno [MX],Gholdengo ex
Ethan Colborn [US],Archaludon ex
Recner Lugardo [US],Lost Zone Box
Michael Dones [US],Charizard Pidgeot
Karthik Vemulapalli [US],Charizard Pidgeot
Jose Avila [US],Other
Andres Rodriguez Lucas [US],Lost Zone Box
Serena Shafer [US],Raging Bolt Ogerpon
Joseph Guillen [US],Gholdengo ex
Michael Silva [US],Miraidon ex
Kolton Munson [US],Klawf Terapagos
Joey Woodward [US],Regidrago VSTAR
Andrew Perez [US],Terapagos Dusknoir
Jakob Rentschler [US],Lost Zone Box
Chris Stotts [US],Regidrago VSTAR
Luke Brandow [US],Raging Bolt Ogerpon
Tyus Hotta [US],Charizard Pidgeot
Joseph Velasco [US],Raging Bolt Ogerpon
Ira Pearlman [US],Roaring Moon ex
Jake Riggs [US],Other
Brandon Salazar [US],Regidrago VSTAR
Oliver Rochin [MX],Lugia Archeops
Christopher Silver [US],Klawf Terapagos
Jay Medeiros [CA],Gardevoir ex
Aidan Ferrer [US],Raging Bolt Ogerpon
Chaz Cooper [US],Pidgeot Control
Dylan Aguilera [US],Raging Bolt Ogerpon
Nicholas Gehlen [US],Raging Bolt Ogerpon
Sam Tran [US],Gardevoir ex
jesse spencer [US],Gardevoir ex
Matthew Wright [US],Terapagos Dusknoir
Jaiden Figueroa [US],Regidrago VSTAR
Ethan Metzger [US],Terapagos Dusknoir
Alex Kim [US],Lugia Archeops
Abidan Escobar [US],Klawf Terapagos
Zhen Zhang [CA],Lugia Archeops
Riley Kline [US],Regidrago VSTAR
Rajveer Singh [US],Charizard Pidgeot
Guilly Mendoza [US],Regidrago VSTAR
Jennifer Murray [US],Raging Bolt Ogerpon
Myron Sandoval [US],Roaring Moon ex
Pranav Shankar [US],Terapagos Dusknoir
Andrue Gonzales [US],Gholdengo ex
Kenneth Mauder [US],Gardevoir ex
Roan Hannagan [US],Iron Thorns ex
Andres David Torres [CO],Charizard Pidgeot
Joseph Nguyen [US],Raging Bolt Ogerpon
Anthony Ouertani [US],Charizard Pidgeot
Ryan Easley [US],Lost Zone Box
John Pisaneschi [US],Iron Thorns ex
Ryan Biggs [US],Raging Bolt Ogerpon
Evan Lubeley [US],Gardevoir ex
Blake Daryaie [US],Lugia Archeops
Oscar Pacheco [US],Roaring Moon ex
Nick Nitti [US],Klawf Terapagos
Joel Bergman [CA],Lugia Archeops
Kavin Suresh Kumar [US],Other
Connor Chapkis [US],Gardevoir ex
Alejandro Arce [US],Charizard Pidgeot
Dyson Umtuch [US],Dragapult Iron Thorns
Ming Weng [CN],Regidrago VSTAR
Patrick Bolton [US],Regidrago VSTAR
Simon Emtage [US],Raging Bolt Ogerpon
Brandon Light [US],Other
Benjamin Menzner [US],Gholdengo ex
Eric Correa [US],Terapagos Dusknoir
Juan Cardenas [US],Iron Thorns ex
Iain Harding [US],Regidrago VSTAR
Cole Mieske [US],Raging Bolt Ogerpon
Zijian Cao [US],Terapagos Dusknoir
Benjamin Castillo [US],Dragapult Pidgeot
Jie Ran [US],Klawf Terapagos
David Davis [US],Lugia Archeops
Douglas Pool [US],Klawf Terapagos
Cayde Xu [US],Gardevoir ex
Alex C Cruz [US],Lost Zone Box
Anthony Loos [US],Other
Jacob Mai [US],Raging Bolt Ogerpon
Owen Rhoads [US],Regidrago VSTAR
China Ross [US],Other
Sage Jackson [US],Regidrago VSTAR
Murat Gursoz [US],Gardevoir ex
Kristie Marquis [US],Dragapult Dusknoir
Joseph Franzo [US],Lost Zone Box
Atomos Billings,Terapagos Dusknoir
Peter Zhou [US],Terapagos Dusknoir
Michael Ejeta [US],Charizard Pidgeot
Dominick Ciampi [US],Miraidon ex
Aldo Figueroa [MX],Lost Zone Box
Michael Chapman [US],Lost Zone Box
Charly Zuniga [US],Raging Bolt Ogerpon
Corey Dunn [US],Raging Bolt Ogerpon
Octavio Rojo Morales [US],Gardevoir ex
Thomas Taylor [US],Regidrago VSTAR
Cameron Mortensen [US],Archaludon ex
Jack Bray [US],Regidrago VSTAR
Everardo Garduno [US],Ceruledge ex
Nathan Stratford [US],Gardevoir ex
Anthony Bartolome [US],Gholdengo ex
Yizhi Ren [US],Lost Zone Box
Erick Mauricio [US],Miraidon ex
Jacob Chen [US],Other
Marco Montenegro [US],Raging Bolt Ogerpon
Jonathan Rodriguez [US],Lost Zone Box
Anthony Alvelo [US],Lugia Archeops
Miles Gilmore [US],Regidrago VSTAR
Manuel Hernandez [US],Raging Bolt Ogerpon
Nathaniel Kaplan [US],Gholdengo ex
Ethan Durrant [US],Other
Matt Bridges [US],Dragapult Iron Thorns
Geovany Ramirez [US],Regidrago VSTAR
Rich Chu [US],Regidrago VSTAR
Curtis Castro [US],Lost Zone Box
Ruben Flores [US],Raging Bolt Ogerpon
Emmi Stonier [US],Regidrago VSTAR
Kyle Rive-foster [CA],Gholdengo ex
Victor Martinez [US],Terapagos Dusknoir
Matthew Rhee [US],Charizard Pidgeot
Rishwyn S Singh [US],Raging Bolt Ogerpon
Joel Stroeve [US],Other
Chris Rodriguez [US],Other
Gabriel Shih [US],Charizard Pidgeot
Sheryl Tran [US],Miraidon ex
Ramiro Galindo [US],Dragapult Dusknoir
Charles Tran [US],Gholdengo ex
Eric Ho [US],Terapagos Dusknoir
Isaac Jung [US],Lugia Archeops
Daniel Song [US],Raging Bolt Ogerpon
Kirin Sarangkasiri [TH],Miraidon ex
Isaias Estrada [US],Gardevoir ex
Samuel Dodge [US],Terapagos Dusknoir
Ryan Mecey [US],Raging Bolt Ogerpon
CARLOS ALEJO [US],Gholdengo ex
David Hobbs [US],Raging Bolt Ogerpon
Michael Natto [US],Klawf Terapagos
Chengsi Zhang [CN],Archaludon ex
Wenhao Zou [US],Miraidon ex
Isaac Starr [US],Raging Bolt Ogerpon
Brandon Chen [US],Raging Bolt Ogerpon
Steven Varesko [US],Charizard Pidgeot
Niko Dos Santos Mendoza Soto [MX],Charizard Pidgeot
Hunter Woolridge [US],Charizard Pidgeot
Angel Cornejo [US],Gardevoir ex
Alexandru Martinez [US],Charizard Pidgeot
Benjamin Chang [US],Gardevoir ex
Salem Haithcock [US],Lugia Archeops
Carlos Decina [MX],Lost Zone Box
Luis Vargas [MX],Charizard Pidgeot
Kevin Lueng [US],Charizard Pidgeot
Kristopher Kemp [US],Regidrago VSTAR
Carl Lippman [US],Gardevoir ex
Rob Hansen [US],Other
Jillian Zamora [US],Charizard Pidgeot
Carlo De Castro [US],Terapagos Dusknoir
George Smith [US],Lugia Archeops
Logan Cordell [US],Raging Bolt Ogerpon
Edith Zhang [US],Other
Jonathan Donham [US],Roaring Moon ex
Brandon Sagurit [US],Dragapult Dusknoir
Jesus Banda [US],Lost Zone Box
Ronald Vistro [US],Raging Bolt Ogerpon
Michael Zheng [US],Raging Bolt Ogerpon
JAIME Hernandez [US],Other
Ethan Ding [US],Raging Bolt Ogerpon
Christopher Wigelsworth [US],Raging Bolt Ogerpon
Albert Melendez [US],Raging Bolt Ogerpon
Raymond McFarlin [US],Gholdengo ex
Rosh Patel [US],Ancient Box
Gabriel Smart [US],Charizard Pidgeot
Saumit Kukkadapu [US],Lost Zone Box
Scott Brandow [US],Raging Bolt Ogerpon
Andrew Barrett [US],Gholdengo ex
Blaine Hill [US],Terapagos Dusknoir
Jan Dominguez [US],Other
Garrett Birken [US],Lugia Archeops
Marshall Cary [US],Terapagos Dusknoir
Raul Pier [US],Regidrago VSTAR
Michael Hutzelman [US],Raging Bolt Ogerpon
Johnatan Portillo [US],Gholdengo ex
Mitchell Alvarez De La Rosa [US],Klawf Terapagos
Ken duong [US],Charizard Pidgeot
Donald Cao [US],Regidrago VSTAR
Jingyang Guo [US],Roaring Moon ex
Cody Walker [US],Regidrago VSTAR
Walter Contreras [US],Lugia Archeops
Raiden Nguyenphan [US],Lugia Archeops
Andrew Nunez [US],Regidrago VSTAR
William Angel [US],Gardevoir ex
Brandon Juan Ringor [US],Raging Bolt Ogerpon
George Cameron [US],Regidrago VSTAR
James Washer [US],Lost Zone Box
Adrian Lee [US],Ancient Box
Johnathon Clark [US],Snorlax Stall
Iyla Sutherland [US],Iron Thorns ex
Justin Miller [US],Regidrago VSTAR
John Mostowy [US],Lost Zone Box
Alexander Baxter [US],Roaring Moon ex
Francisco Quijada [MX],Gardevoir ex
Yehoshua Tate [US],Other
Mason Lovato [US],Miraidon ex
Zachary Abeyta [US],Charizard Pidgeot
Brayden Hu [CA],Regidrago VSTAR
Hector Torres [US],Roaring Moon ex
Riley Malik [US],Archaludon ex
Rahul Reddy [US],Charizard Pidgeot
Edgar A. Garcia [US],Unknown
Passawat Patkiatjaroen [US],Snorlax Stall
Giang Vu [US],Gardevoir ex
Leo Orozco [US],Gholdengo ex
Kenneth Hung [CA],Terapagos Dusknoir
Pearce Blend [US],Regidrago VSTAR
Natalie Svoboda [US],Lugia Archeops
Benjamin Sears [US],Miraidon ex
David Benitez [US],Charizard Pidgeot
John Nguyen [US],Lost Zone Box
Krystal Florendo [CA],Regidrago VSTAR
Quetzal Castaneda [US],Pidgeot Control
David Arnett [US],Raging Bolt Ogerpon
Martin Rios [US],Regidrago VSTAR
Aaron Leong [US],Ceruledge ex
Erik Nunez [US],Charizard Pidgeot
Scotty Chesser [US],Regidrago VSTAR
Derek Hu [US],Gardevoir ex
John Snider [US],Ceruledge ex
Michael Kasof [US],Lost Zone Box
Aidyn Moye [US],Charizard Pidgeot
Victor Ghibu [CA],Lost Zone Box
Yehao Jia [US],Raging Bolt Ogerpon
Kyle Takafuji [US],Gardevoir ex
Gerald Chavez [US],Miraidon ex
Matthew Burris [AU],Regidrago VSTAR
Ryan Ginsburg [US],Snorlax Stall
Carlos Curiel [MX],Ceruledge ex
Brandon Baughn [US],Lugia Archeops
Rudy Wade [US],Lugia Archeops
aaron arturo aguirre osuna [MX],Charizard Pidgeot
Ethan Lin [US],Lugia Archeops
Reilly Cooper [US],Klawf Terapagos
Victor García [MX],Gardevoir ex
Brian Jimenez [US],Ceruledge ex
David Veronica [US],Palkia
Jose Almanza [US],Lost Zone Box
Jaron Deacon [US],Charizard Pidgeot
Tamarrier Watson [US],Regidrago VSTAR
Roland Fernandez [US],Lost Zone Box
Raymond Liu [US],Raging Bolt Ogerpon
Christian Miles [US],Lugia Archeops
Keaton Gill [US],Ancient Box
Andrew Trautwein [US],Lugia Archeops
Chi Chi Huang [US],Roaring Moon ex
Scarlet Harris [US],Other
Brandon Lane [US],Ancient Box
Noah Yoshida [US],Gholdengo ex
Edward Gonzalez [US],Raging Bolt Ogerpon
Logan Hendrickson [US],Gardevoir ex
Nicholas Dalziel [US],Ceruledge ex
Christopher Lauture [US],Charizard Pidgeot
Eduardo Huerta [US],Dragapult Dusknoir
Tyler Crouthamel [US],Lugia Archeops
Chris Bugarin [US],Dragapult Dusknoir
Hector Rivera [US],Charizard Pidgeot
Christian Chase [US],Regidrago VSTAR
Canyon Reynolds [US],Charizard Pidgeot
Marco Carreras [US],Palkia
Ryan Brikman [US],Terapagos Dusknoir
Asher Donham [US],Gholdengo ex
nelson Guillen [US],Gardevoir ex
Aaron Chotzen-Jenner [US],Iron Thorns ex
Jair Trejo [MX],Gholdengo ex
Joshua Lampert [US],Other
Richard Perez [US],Gardevoir ex
Gary Ye [CA],Gardevoir ex
Jordan Scott [US],Gardevoir ex
Stephen Scicluna [CA],Regidrago VSTAR
Ting Gu [US],Regidrago VSTAR
Kevin Nguyen [US],Palkia
Stephen Cham [US],Lost Zone Box
Christian Quaile [US],Snorlax Stall
Canaan Mellard [US],Lost Zone Box
Adrian Mejia Galvez [MX],Regidrago VSTAR
Ryan McHenry [US],Charizard Pidgeot
Uriel Macedonio [US],Roaring Moon ex
Gavin Jewan [CA],Gholdengo ex
Daniel Rosas [US],Terapagos Dusknoir
Abe Morales [US],Other
Alessandro Acevedo [US],Lost Zone Box
Andrew Do [US],Lugia Archeops
Ping Zhao [US],Raging Bolt Ogerpon
Eric Fitts [US],Snorlax Stall
Simon Feng [CA],Other
Dexter Siberell [US],Gholdengo ex
Alexander Wenceslao [US],Terapagos Dusknoir
Skylar Hummert [US],Charizard Pidgeot
Casey Staten [US],Raging Bolt Ogerpon
Patrick Callan [US],Charizard Pidgeot
Michael Greer [US],Lost Zone Box
Santiago Ramirez [US],Klawf Terapagos
Christopher Villegas [US],Charizard Pidgeot
Rain Keuma [US],Gardevoir ex
Daniel Chavez [US],Dragapult Dusknoir
Kide Ottele [US],Ancient Box
Logan Wynes [US],Miraidon ex
Fausto Guerrero [MX],Roaring Moon ex
April Rodriguez [US],Raging Bolt Ogerpon
Madisyn Shurtz [US],Other
Javier Castellon [US],Lost Zone Box
Matt Chuang [US],Lost Zone Box
Mike Moreno [US],Lugia Archeops
Alejandro Trevino [US],Gholdengo ex
Joshua McRae [US],Regidrago VSTAR
Cameron Gira [US],Charizard Pidgeot
Javier Sanchez [US],Snorlax Stall
Nathaniel Lamar [US],Ceruledge ex
Thomas Citte [US],Roaring Moon ex
Elliot Gantner [US],Lost Zone Box
Bailey Bennett [US],Raging Bolt Ogerpon
Aquilino Diaz [US],Lost Zone Box
Diego Barrera Moreno [MX],Regidrago VSTAR
Matt Dunford [US],Raging Bolt Ogerpon
Rose Little [US],Lugia Archeops
carlos ayala jr [US],Roaring Moon ex
Randall Segnar [US],Terapagos Dusknoir
Brandon Stull [US],Dragapult Dusknoir
Neo Erlandsson [US],Regidrago VSTAR
Jonathan Means [US],Dragapult Dusknoir
Ransom Hinshaw [US],Miraidon ex
Sean McCravey [US],Lugia Archeops
Joshua Pratt [US],Archaludon ex
Qifei Fu [US],Roaring Moon ex
Austin Drake [CA],Regidrago VSTAR
Cody Bishop [US],Charizard Pidgeot
Alex Wood [US],Lost Zone Box
Michael Emeofa [US],Regidrago VSTAR
Eli Sang [US],Regidrago VSTAR
Caleb Tomas [US],Ancient Box
Jacob Cantus [US],Regidrago VSTAR
Alfonso Hernandez [MX],Ceruledge ex
Logan Washburn [US],Raging Bolt Ogerpon
Timothy Skalland [US],Ceruledge ex
Cesar Rocha [US],Gholdengo ex
Jeff Opp [US],Roaring Moon ex
Tyrique Antar [US],Iron Thorns ex
Tommy Le [US],Terapagos Dusknoir
Adam Reinhardt [US],Miraidon ex
Nicholas Enriquez [US],Lugia Archeops
"Victor ""Sal"" Mangiacapra [US]",Unknown
Mitchell Cuillerier [CA],Terapagos Dusknoir
Ivan Lu [US],Raging Bolt Ogerpon
pedro parreno [US],Regidrago VSTAR
Nicolas Galli [US],Lost Zone Box
Alexander Jury [US],Raging Bolt Ogerpon
Colton Edwards [US],Terapagos Dusknoir
Albert Lee [US],Charizard Pidgeot
Jonathon Hosbrook [US],Other
Jorge Chavez [US],Charizard Pidgeot
James Bond Doak [US],Regidrago VSTAR
Michael Outler [US],Lost Zone Box
Lawerance Martinez [US],Charizard Pidgeot
Caleb Gardner [US],Ancient Box
Michael Hernandez [US],Regidrago VSTAR
Jerry Reinhart [US],Lost Zone Box
Roy Ioriya [US],Palkia
Victor Aung [US],Lost Zone Box
Carter Malnaik [US],Other
Nicholas Cabrera [US],Charizard Pidgeot
Enoc De la Rocha [US],Roaring Moon ex
Adam Melchin [US],Miraidon ex
Derek OBryan [US],Raging Bolt Ogerpon
Gavin Currier [US],Regidrago VSTAR
Andi Guevara [US],Charizard Pidgeot
Austin Smith [US],Raging Bolt Ogerpon
Marcos De La Cruz [US],Ancient Box
Tyler Vencill [US],Gardevoir ex
Dominick Wintner [US],Regidrago VSTAR
Avery Phimmasehn [US],Other
Dominick Rouen [US],Archaludon ex
Yader Vilchez [US],Terapagos Dusknoir
Miguel Lopez [US],Regidrago VSTAR
joshua rufino [US],Raging Bolt Ogerpon
Cory Dobson [US],Lost Zone Box
Harry Rachel [US],Lost Zone Box
Ricky Casanova [US],Charizard Pidgeot
Kasey Rubin [US],Gholdengo ex
Jason Rupert [US],Charizard Pidgeot
Pedro Estrada [US],Miraidon ex
Daniel Eusebio [US],Charizard Pidgeot
Aaron Choi [US],Regidrago VSTAR
Jose Luis Sanchez [US],Other
Kevin Krueger [US],Miraidon ex
Johnathan Starr [US],Regidrago VSTAR
Oliver Van Atta [US],Raging Bolt Ogerpon
Antonio Castellanos [US],Palkia
Jeremiah Schmutz [US],Lugia Archeops
Avery Ransom [US],Lost Zone Box
Manuel Santos [US],Raging Bolt Ogerpon
Brett Kendrick [US],Lugia Archeops
Joel Zamora [MX],Terapagos Dusknoir
Adrian Trevino [US],Lugia Archeops
Bobby Ou [US],Charizard Pidgeot
Christopher Butler [US],Regidrago VSTAR
Paul Andrade [US],Regidrago VSTAR
Kevin Sun [US],Lost Zone Box
Ryan House [US],Palkia
Christopher Torres [US],Regidrago VSTAR
Billal Masood [US],Charizard Pidgeot
Steven Martinez [US],Regidrago VSTAR
Masashi Ohta [US],Gholdengo ex
Frank Pereira [US],Iron Thorns ex
Ramon Mera [US],Lugia Archeops
Diego Carvajal [US],Gardevoir ex
Jack Thammavong [US],Archaludon ex
Larry Cuate [US],Other
Josten San Miguel [US],Other
Carter Allen [US],Charizard Pidgeot
James Li [US],Charizard Pidgeot
Alex Green [US],Charizard Pidgeot
Dillon Johnson [US],Gholdengo ex
Junior Chala [US],Lost Zone Box
Russell Kirklin [US],Miraidon ex
Jerrick Gumila [US],Other
Anthony Fragoso [US],Lugia Archeops
Prince Alagao [US],Other
Anthony Vargas [US],Dragapult Pidgeot
Ethan Brownell [US],Gholdengo ex
Jowie Alejo [US],Dragapult Iron Thorns
zachary herson [US],Regidrago VSTAR
Kalijah Santos [US],Gholdengo ex
Christopher Marquez [US],Gholdengo ex
Michael Perez [US],Terapagos Dusknoir
Fernando Dorame [MX],Lugia Archeops
Janson Lui [US],Regidrago VSTAR
Carlos Andrade [US],Regidrago VSTAR
Christopher Bolanos [US],Gardevoir ex
Daniel Penn [US],Charizard Pidgeot
Sean Trobaugh [US],Terapagos Dusknoir
Ricardo Gonzalez [US],Charizard Pidgeot
John Foster [US],Regidrago VSTAR
William Davis [US],Gardevoir ex
Michael Dudley [US],Ceruledge ex
Ben Dobberstein [US],Miraidon ex
Justin Carapella [US],Miraidon ex
Justin Flanagan [US],Dragapult Dusknoir
Dusk Dusk [US],Roaring Moon ex
Jonah Helphand [US],Raging Bolt Ogerpon
Noah Osborne [US],Ceruledge ex
Thomas Bieligk [US],Charizard Pidgeot
Armando Teran [US],Raging Bolt Ogerpon
Bertini Nguyen [US],Raging Bolt Ogerpon
Octavio Carreto [US],Lugia Archeops
Alison Mattingly [US],Raging Bolt Ogerpon
Antonio Castillo [US],Gholdengo ex
Travis Tran [US],Dragapult Dusknoir
Noah Kaiser [US],Other
Joshua Mueller [US],Gardevoir ex
Rickey Sparks [US],Other
Efren Lugo [MX],Dragapult Dusknoir
Eugene Brown [US],Ancient Box
Josiah Cisneros [US],Regidrago VSTAR
Tyler Brady [US],Regidrago VSTAR
Jordan Dumlao [US],Regidrago VSTAR
Demitrius Yedlin [US],Other
Tony Paull [CA],Terapagos Dusknoir
Jay Carter [US],Klawf Terapagos
Roberto Chacon [MX],Charizard Pidgeot
Victor Delgado [US],Other
Alexis Carranza [US],Other
Nicholas Mileo [US],Regidrago VSTAR
Christian Castillo [US],Ceruledge ex
Kyle Sullivan [US],Gholdengo ex
Don Tran [US],Lugia Archeops
Mason Luhmann [US],Charizard Pidgeot
Oscar Vera [MX],Raging Bolt Ogerpon
Mark McDonald Jr,Raging Bolt Ogerpon
Milo Mosquera [US],Snorlax Stall
Andrew Ramirez [US],Regidrago VSTAR
Mario Guzman [US],Dragapult Pidgeot
Nathan Sosa [US],Ceruledge ex
Lucas Zalesny [US],Iron Thorns ex
Carlos Ramirez [US],Raging Bolt Ogerpon
Bronson Willshaw [US],Raging Bolt Ogerpon
Noah Flood [US],Ceruledge ex
JC Pierre [US],Palkia
Saint Emerson [US],Palkia
Luke Maher [US],Ceruledge ex
Jack Fedrow [US],Klawf Terapagos
Jared Wilson [US],Lost Zone Box
Victor Garcia [US],Other
Brian Du [US],Regidrago VSTAR
Brendan Acri [US],Gardevoir ex
Jack Lor [FR],Other
Nick Guzman [US],Regidrago VSTAR
Severo Martinez [US],Ceruledge ex
Russell Adams [US],Raging Bolt Ogerpon
Osvaldo Valadez [US],Terapagos Dusknoir
Matthew Ricotta [US],Miraidon ex
alfredo manzanares [US],Other
Alexis Castillo [US],Dragapult Dusknoir
Christopher Danner [US],Ceruledge ex
Diego omar Campos [MX],Snorlax Stall
Anthony Menchaca [US],Terapagos Dusknoir
Gunner Martineau [US],Gardevoir ex
Patrick McKay [CA],Gardevoir ex
Sammy Ketchum [US],Miraidon ex
Justin Plansky [US],Raging Bolt Ogerpon
John Kim [US],Gardevoir ex
Christopher Shirley [US],Miraidon ex
Sam Downs [US],Regidrago VSTAR
Rio Collett [US],Roaring Moon ex
Carter Duong [US],Regidrago VSTAR
Jenrick Tan [US],Palkia
Jason Finuliar [US],Charizard Pidgeot
Israel Sosa [US],Ancient Box
Sammy Allen [US],Raging Bolt Ogerpon
Nick Cunningham [US],Lost Zone Box
Derek Ng [US],Gardevoir ex
Josh Lemmon [US],Other
Kyle Crofoot [US],Gholdengo ex
Devin Walker [US],Charizard Pidgeot
Walker Halliburton [US],Charizard Pidgeot
Christopher Sakauye [US],Terapagos Dusknoir
Axel Dubois [US],Ceruledge ex
Samuel Saito [US],Gholdengo ex
Spencer Hay [US],Other
Dylan Price [US],Charizard Pidgeot
Aaron Freetos Friedman [US],Regidrago VSTAR
John O’Donald [US],Other
Tristin Gardemann [US],Charizard Pidgeot
Marc Macias [US],Regidrago VSTAR
Zairy Allary [CA],Raging Bolt Ogerpon
Jeffrey Alonzo [US],Roaring Moon ex
Marven Mendoza [US],Dragapult Dusknoir
VAL OTARES [US],Raging Bolt Ogerpon
Ryan Hoerner [US],Charizard Pidgeot
Isaac Leiva [US],Gholdengo ex
Matthew Chmielewski [US],Gholdengo ex
Hayden Cameron-Jacobus [US],Archaludon ex
Dominic Price [CA],Terapagos Dusknoir
John Wanggaard [US],Lost Zone Box
Alejandro Garnica Hinojosa [US],Miraidon ex
Noah Hall [US],Raging Bolt Ogerpon
Angel Vazquez [US],Lugia Archeops
Mason Jones [US],Raging Bolt Ogerpon
Michael Nguyen [US],Dragapult Dusknoir
Fernando Chavez [US],Raging Bolt Ogerpon
paul akabori [US],Ancient Box
Hugo MENDOZA [US],Lost Zone Box
DJ Umtuch [US],Charizard Pidgeot
Stuart Chan [US],Regidrago VSTAR
Kevin Corona [US],Dragapult Dusknoir
Kenneth Sauls [US],Lugia Archeops
Michael Feller [US],Raging Bolt Ogerpon
Loc Nguyen [US],Raging Bolt Ogerpon
Rodrigo Gadala Maria [SV],Lugia Archeops
Chace Myers [US],Lugia Archeops
Jack Botonis [US],Lugia Archeops
Erik Carlson [US],Terapagos Dusknoir
Jose Avalos [MX],Charizard Pidgeot
Fabian Glenn [US],Dragapult Dusknoir
Nico Gist [US],Terapagos Dusknoir
Ricardo Rojas - Avellaneda [US],Gardevoir ex
George Rivas [US],Terapagos Dusknoir
Jacob Moore [US],Regidrago VSTAR
Jonas Romero [US],Gardevoir ex
Marco Sandoval [US],Ceruledge ex
Carl Joseph Nacar [US],Terapagos Dusknoir
Jose Garcia [US],Dragapult Dusknoir
John Eyman [US],Regidrago VSTAR
Ulysses Sanchez [US],Raging Bolt Ogerpon
Shinnosuke Komiya [US],Pidgeot Control
Fernanda Coria [US],Dragapult Pidgeot
Marco Suarez [US],Archaludon ex
Heather Rooper [US],Archaludon ex
Sean Chan [US],Regidrago VSTAR
Jesus Avila [US],Regidrago VSTAR
Arin Barouni [US],Raging Bolt Ogerpon
Jesse Lee [US],Raging Bolt Ogerpon
Slade Darrin [US],Gardevoir ex
Eric Liu [US],Gholdengo ex
Vic Jones [US],Other
Dylan Isaacs [US],Dragapult Dusknoir
L Miyamura [US],Ceruledge ex
Juan Manuel Rodriguez Lucas [US],Lugia Archeops
Roger Febuary,Charizard Pidgeot
Kenneth Bishop,Charizard Pidgeot
DC DeVos [US],Gardevoir ex
Zhe Yang [US],Raging Bolt Ogerpon
Michael Granados [US],Raging Bolt Ogerpon
Victor Velarde [MX],Terapagos Dusknoir
Bryan Thompson [US],Klawf Terapagos
Alexis Rodriguez Jimenez [US],Charizard Pidgeot
Douglas Pate [US],Charizard Pidgeot
Alexandro Morales [US],Archaludon ex
Larry Rubinol [US],Terapagos Dusknoir
Josh Ghormley [US],Gholdengo ex
Alfredo Gutierrez [MX],Regidrago VSTAR
Darrell McNabb [US],Snorlax Stall
Francesco Moscillo [CA],Regidrago VSTAR
Rachel Martinez [US],Charizard Pidgeot
Haokun Yang [US],Charizard Pidgeot
jose lopez [US],Dragapult Iron Thorns
Mathew Schoen [US],Other
Richard Gangwer [US],Gholdengo ex
Demigod Offline [US],Gholdengo ex
Robert Nichols [US],Regidrago VSTAR
omar govea [MX],Raging Bolt Ogerpon
Nathan Park [US],Iron Thorns ex
marcel miller [US],Ancient Box
Eduardo Hernandez [US],Other
Drevis Umtuch [US],Raging Bolt Ogerpon
Emery Taylor [US],Other
Primo Stockton [US],Klawf Terapagos
Novalynn Stone [US],Raging Bolt Ogerpon
Joshua Bryant [US],Ceruledge ex
Matt McGrath [US],Klawf Terapagos
ANDREW ESPIRITU [US],Charizard Pidgeot
Ben Kim [US],Regidrago VSTAR
Alex Ivanov [US],Other
Anthony Cruz [US],Charizard Pidgeot
Steven Martin [US],Other
Miguel Araiza-Mercado [US],Regidrago VSTAR
Jonathan Carrion [US],Regidrago VSTAR
Antonio Parra [MX],Gholdengo ex
Jacob Quiroz [US],Charizard Pidgeot
William Lee [US],Miraidon ex
Alyus Albright [US],Raging Bolt Ogerpon
Billy Stevens [US],Regidrago VSTAR
Dhruva Mehta [US],Terapagos Dusknoir
Justin Southwick [US],Other
Duncan Crowley [US],Roaring Moon ex
Nick Huffstetler [US],Klawf Terapagos
Vyktor Cintron [US],Raging Bolt Ogerpon
Franco Llamas III [US],Gardevoir ex
Sharath Cherian [US],Raging Bolt Ogerpon
Ernesto Pulido [US],Lugia Archeops
Daniel Elias [US],Other
Viet Tran [US],Terapagos Dusknoir
Maxime Brisson [CA],Roaring Moon ex
Jose Luis Gonzalez Trujillo [MX],Raging Bolt Ogerpon
Isaac Raven [US],Lost Zone Box
William Houser [US],Raging Bolt Ogerpon
Cesar Torres [MX],Lost Zone Box
Christina Melnychuk [CA],Raging Bolt Ogerpon
Yuan Chen [CN],Ceruledge ex
Tyler Carnahan [US],Roaring Moon ex
Danny Thrasher [US],Gholdengo ex
Khoa Ta [US],Gardevoir ex
Johnny Berg [US],Miraidon ex
Rik Espinosa [US],Palkia
Meghan Pratt [US],Other
Kameron Pollard [US],Regidrago VSTAR
Christopher Ord [US],Gardevoir ex
Kirill Mokshin [UK],Roaring Moon ex
sergio manzano [MX],Raging Bolt Ogerpon
Roberto Lopez-Ellis [US],Charizard Pidgeot
James Donella [US],Gholdengo ex
Easton Adams [US],Charizard Pidgeot
Gabrielle Clarke [US],Raging Bolt Ogerpon
Spencer Luhmann [US],Regidrago VSTAR
Nelson Brownell [US],Gholdengo ex
Alek Juarez [US],Terapagos Dusknoir
Jim Avellaneda [US],Charizard Pidgeot
Jimmy Sweitzer [US],Dragapult Dusknoir
Salvador De La Cruz [US],Charizard Pidgeot
Kenneth Xu [US],Raging Bolt Ogerpon
Fernando Daniel Barrera [US],Dragapult Dusknoir
Cullen Schoppa [US],Raging Bolt Ogerpon
Bryan Leung [US],Gholdengo ex
Tommy Nguyen [US],Lugia Archeops
Ben Sumrall [US],Gardevoir ex
Joseph Chigbrow [US],Other
Christopher Hill [US],Raging Bolt Ogerpon
Jose Solorio [US],Ancient Box
Spencer Beckmann [US],Raging Bolt Ogerpon
Dan Kaliblotzky [US],Gardevoir ex
Justin Aguilar [US],Raging Bolt Ogerpon
Brent England [US],Other
Herbert Corcio [US],Gardevoir ex
Christian Valencia [US],Regidrago VSTAR
Grant Alpert [US],Gholdengo ex
Ryan Morales [US],Charizard Pidgeot
Lukas Granlund [US],Klawf Terapagos
Lucas Mancuso [US],Terapagos Dusknoir
Daniel Kus [US],Raging Bolt Ogerpon
Leo Kiralla [US],Gardevoir ex
Miles Schubert [US],Gardevoir ex
Sabrina Lundberg [US],Klawf Terapagos
Payne Huisman [CA],Gardevoir ex
William Ko [US],Gardevoir ex
Nickales Vernon [US],Other
Jason Schelin [US],Charizard Pidgeot
Luis Posada [US],Regidrago VSTAR
Jiazuo Sun [US],Lost Zone Box
Giovanni Arredondo [US],Dragapult Dusknoir
Daylan Pain [US],Ceruledge ex
Max Leedy [US],Other
Katelin Pawela [US],Snorlax Stall
Nikki Middleton [US],Lost Zone Box
Francisco Dominguez [US],Miraidon ex
Allan Farca [US],Gholdengo ex
Antonio Mencos [US],Regidrago VSTAR
Oziel Cuellar [US],Regidrago VSTAR
Ethan Gilmore [US],Ceruledge ex
Dilan Marin [MX],Gardevoir ex
Liam Hyatt [US],Charizard Pidgeot
Airius Russell [US],Terapagos Dusknoir
James Bratton [US],Other
Francisco Villalpando [US],Roaring Moon ex
Ernesto Narez [US],Charizard Pidgeot
Lani Nguyen [US],Raging Bolt Ogerpon
Kevin Mckernan [US],Regidrago VSTAR
Abel Barajas [US],Charizard Pidgeot
Gerardo Salinas [US],Gholdengo ex
Gannon Martineau [US],Pidgeot Control
Eric Martinez [US],Raging Bolt Ogerpon
Luis Hernandez [US],Lugia Archeops
Colin Lockridge [US],Terapagos Dusknoir
Kamontat Swasdikulavath [US],Roaring Moon ex
Chey Bocanegra [US],Ceruledge ex
Jason Britton [US],Lugia Archeops
Byron Jara [US],Raging Bolt Ogerpon
Andrew Altman [US],Lost Zone Box
Kalena Loo [US],Raging Bolt Ogerpon
Justin Buck [US],Ceruledge ex
Jeremy Silveira [US],Dragapult Dusknoir
Jiacheng Zhou [US],Terapagos Dusknoir
Juan Acero Criollo [US],Terapagos Dusknoir
Tommy Hines [US],Other
Kelsen Whitehair [US],Charizard Pidgeot
Ryan Reed [US],Archaludon ex
Breayan Almaraz [US],Regidrago VSTAR
Brandon Reeves [US],Lugia Archeops
Tanner Mason [US],Charizard Pidgeot
Paul Ortiz [US],Other
Kai Shahmeen Kasim [US],Charizard Pidgeot
Lucas Chang [US],Regidrago VSTAR
Erik Bautista [US],Terapagos Dusknoir
Amy Jones [US],Gardevoir ex
Marcos Gonzalez [US],Lost Zone Box
Zach Negomir [US],Charizard Pidgeot
David Huynh [US],Other
Ashton Norton [US],Dragapult Dusknoir
Manuel Alejandro Fong Kee Mercado [MX],Raging Bolt Ogerpon
Marcus Bishop [US],Terapagos Dusknoir
Robert Miranda [US],Miraidon ex
luis garcia [US],Dragapult Dusknoir
Chad Dobbs [US],Terapagos Dusknoir
Jordin Wood [US],Raging Bolt Ogerpon
Ray Porras [US],Gholdengo ex
sihao fei [US],Lost Zone Box
Alfredo Gomez [US],Miraidon ex
Gabriel Faudoa [US],Gholdengo ex
Kalie Stull [US],Raging Bolt Ogerpon
Guocong Yan [US],Charizard Pidgeot
Robert Burley [US],Miraidon ex
Nick Delarosa [US],Other
Ruben Cisca [US],Regidrago VSTAR
Henoc Barrera [US],Regidrago VSTAR
Brian Huntley [US],Gholdengo ex
Stephen Cullen [US],Klawf Terapagos
William Berg [US],Other
Marvin Ray Hidalgo [US],Archaludon ex
Chao Wei [US],Terapagos Dusknoir
Louis Nguyen [US],Other
Asher Johnson [US],Gardevoir ex
Alberto Rodriguez [US],Regidrago VSTAR
Joseph Rodriguez [US],Charizard Pidgeot
Erick Emmanuel Villaseñor Chagoya [MX],Lost Zone Box
William Penney [US],Regidrago VSTAR
Isabella Greet [US],Gardevoir ex
Alonna Hooulu-West [US],Banette Gardevoir
Ryan Jimenez [US],Roaring Moon ex
Emmanuel Juarez [US],Miraidon ex
Tristan Menicucci [US],Other
Anthony Pyne [US],Lugia Archeops
Asher Campbell [US],Lost Zone Box
Richie Ding [US],Dragapult Dusknoir
John Waldo [US],Other
Daniel Ramos De Jesus [US],Roaring Moon ex
Skyler Beckett [US],Regidrago VSTAR
alexandro gabaldon [US],Lost Zone Box
Meniah Wallace-Monroy [US],Raging Bolt Ogerpon
Joseph Morse [US],Archaludon ex
Kyle Kemper [US],Charizard Pidgeot
Eric Marroquin [US],Regidrago VSTAR
Daniel Weckler [US],Miraidon ex
Brandon Borrayo [US],Terapagos Dusknoir
Jeffrey Bair [US],Lugia Archeops
Alex Johnston-Thomas [US],Terapagos Dusknoir
Allen Robles [US],Terapagos Dusknoir
Mami Hashimoto [JP],Regidrago VSTAR
Bryan Giovanni Jimenez Medina [MX],Raging Bolt Ogerpon
Chengzong Qian [US],Regidrago VSTAR
Michael Laundrie [US],Charizard Pidgeot
Eric Wu [US],Miraidon ex
William Beyer [US],Pidgeot Control
Reece Brown [US],Other
Kevin Valdez [US],Pidgeot Control
Timothy Yambao [US],Dragapult Dusknoir
Daniel Lynch [US],Lost Zone Box
Tyler Zikorus [US],Lost Zone Box
Alonzo Rodriguez [US],Ceruledge ex
Michael Graham [US],Raging Bolt Ogerpon
Kevin Kim [US],Charizard Pidgeot
Nathan Lourenco [US],Miraidon ex
Nicholson Alforque [US],Banette Gardevoir
Parker Sidenstricker [US],Raging Bolt Ogerpon
Wayne Skeeters [US],Terapagos Dusknoir
Emmett Pennington-Guthrie [US],Other
Hernan Hernandez Mendoza [US],Charizard Pidgeot
Kean Carlos Oquendo [US],Other
Cameron Mohr [US],Charizard Pidgeot
Jason Fong [US],Regidrago VSTAR
Iman Torkian [US],Lost Zone Box
Juan Tapia [US],Charizard Pidgeot
David Huerta Hernandez [US],Regidrago VSTAR
Diego Gomez [US],Dragapult Pidgeot
Jerin Jose [US],Iron Thorns ex
Francis Metrillo [US],Terapagos Dusknoir
Carlos Villalobos [MX],Charizard Pidgeot
Robert Deleon [US],Miraidon ex
Bre Romo [US],Gholdengo ex
Lawrence Cao [US],Raging Bolt Ogerpon
Evan Aguilar [US],Lost Zone Box
Vu Thach [US],Raging Bolt Ogerpon
Miguel Marin [US],Ceruledge ex
David Girvin [US],Raging Bolt Ogerpon
Michael Archuleta jr [US],Ancient Box
Vincent Nguyen [US],Terapagos Dusknoir
Titus Wu [US],Iron Thorns ex
Melvin Banuelos [US],Iron Thorns ex
Andrew Knaack [US],Miraidon ex
Marcus Gebhardt [US],Regidrago VSTAR
Mark Carrillo [US],Charizard Pidgeot
Rolando Velazquez [MX],Charizard Pidgeot
Jimmy Thai [US],Raging Bolt Ogerpon
Matthew Rocha [US],Raging Bolt Ogerpon
Kyle D'Amato [US],Gardevoir ex
Liam Alon [US],Gholdengo ex
Sebastian Rivera Pon [US],Archaludon ex
Michael Guzman [US],Lugia Archeops
Rosalee Journo [US],Regidrago VSTAR
Aaron Santos [US],Lugia Archeops
Christopher Smith [US],Other
Jaxon Sperry [US],Raging Bolt Ogerpon
Ryan Jennings [US],Lost Zone Box
Paulo Pengson [US],Regidrago VSTAR
Edward Ha [US],Miraidon ex
Scott Sharman [US],Raging Bolt Ogerpon
Leonardo Guevarra [CA],Raging Bolt Ogerpon
Irvin Nguyen [US],Lugia Archeops
Juan Pablo Leyva [US],Terapagos Dusknoir
Pablo Castillo [MX],Other
Alexander Tom [US],Terapagos Dusknoir
Matthew Yuen [US],Raging Bolt Ogerpon
Michael Dennison [US],Ceruledge ex
Josh Leiby [US],Lost Zone Box
Erik Andrade [US],Regidrago VSTAR
Victor Luong [US],Raging Bolt Ogerpon
Jose Villarreal [US],Raging Bolt Ogerpon
Nathan Hermes [US],Regidrago VSTAR
Eduardo Tovar [MX],Charizard Pidgeot
Luis Catalan [US],Dragapult Dusknoir
Yang-hua Chu [US],Lost Zone Box
David Volkar [US],Roaring Moon ex
James Shows [US],Other
Shira Azadi [US],Banette Gardevoir
Arturo Banderas [US],Regidrago VSTAR
Sebastian Lopez [US],Charizard Pidgeot
Allan Sanchez [US],Regidrago VSTAR
Jacob Olim [US],Charizard Pidgeot
Alberto Lopez [US],Charizard Pidgeot
Handy Ho [US],Regidrago VSTAR
Joseph Han [US],Iron Thorns ex
Sunny Vargas [US],Regidrago VSTAR
Matthew McClain [US],Gholdengo ex
Parker Turchan [US],Regidrago VSTAR
David Edelson [US],Palkia
Celina Echevarria [US],Roaring Moon ex
John Binder [US],Ceruledge ex
Aaron Rose [US],Charizard Pidgeot
Ryan Loo [US],Charizard Pidgeot
Brendan Muthiora [US],Lost Zone Box
Tyler Mckinstry [US],Raging Bolt Ogerpon
Juan Maldonado [US],Dragapult Pidgeot
Daniel Macias [US],Other
Jasmine Castro [US],Raging Bolt Ogerpon
David Crum [US],Lost Zone Box
Jon Bradshaw [US],Raging Bolt Ogerpon
Stephen Fok [US],Pidgeot Control
Dakota Journey [US],Charizard Pidgeot
Eli Limon [US],Gholdengo ex
Martin Barraza [US],Raging Bolt Ogerpon
Jose Ramirez [US],Other
Scott Martin [US],Other
Larry Smith [US],Lost Zone Box
Spenser Mena [US],Charizard Pidgeot
Sayan Das [US],Lugia Archeops
Danny Williams [US],Other
Mario Villalobos [MX],Gardevoir ex
Alvaro Flores,Raging Bolt Ogerpon
Matthew Lopez [US],Ceruledge ex
Katherine Escobedo [US],Miraidon ex
alejandro cervantes [US],Gardevoir ex
Brian Donarly Canales [US],Regidrago VSTAR
Edgar Fletes [US],Regidrago VSTAR
Jr Estepa [US],Raging Bolt Ogerpon
Max Jonsson [US],Lost Zone Box
Levi Qualls [US],Other
Calvin Humphries [US],Terapagos Dusknoir
Kevin Loo [US],Regidrago VSTAR
Eduardo Garcia Sandoval [US],Raging Bolt Ogerpon
Steven Unger [US],Lost Zone Box
Matias Benitez [UY],Gholdengo ex
Chad Sherf [US],Dragapult Dusknoir
King Kue Yang [US],Regidrago VSTAR
Delaney Gomez-Jackson [US],Roaring Moon ex
Eric Ha [US],Lost Zone Box
Nathaniel Donato-Belcher [US],Regidrago VSTAR
Eric Padilla [US],Gholdengo ex
Antonio Baez Camacho [US],Terapagos Dusknoir
Ernest Pimentel [US],Lugia Archeops
Vishaal Desai [US],Regidrago VSTAR
Derrick Domoe [US],Terapagos Dusknoir
Prince Mehta [US],Unknown
Dario Larios [US],Gardevoir ex
Christian Joly [US],Raging Bolt Ogerpon
Payton Gering [US],Lost Zone Box
Matthew McCowan [US],Miraidon ex
Alan Dioquino [US],Lost Zone Box
Ryan Del Toro [US],Lugia Archeops
Hunter Moxley [US],Gardevoir ex
Moises Arevalo [US],Gholdengo ex
James Avila [US],Raging Bolt Ogerpon
Jerryd Ruby [US],Other
noah smith [US],Ceruledge ex
Douglas Garcia [US],Lugia Archeops
Denis Mullan [US],Klawf Terapagos
Kenny Diep [US],Gardevoir ex
John Cameron Reilley [US],Raging Bolt Ogerpon
German Rodrigo Flores Viramontes [MX],Raging Bolt Ogerpon
Rosalyn Warren [US],Gholdengo ex
Vidaly Wong [US],Ceruledge ex
Ricardo Munoz [US],Gholdengo ex
Victor Silvadiaz [US],Other
Alexander Ross-Amezquita [US],Raging Bolt Ogerpon
JOSE BRONTES [US],Iron Thorns ex
Cuauhtemoc Gutierrez [US],Gholdengo ex
Anthony Smith [US],Roaring Moon ex
Jacob Carrasco [US],Lost Zone Box
Steve Contreras [US],Terapagos Dusknoir
Gregory Salazar [US],Other
Taylor Whalen [US],Other
Gabriel Alvarez [US],Terapagos Dusknoir
Reed Weichler [US],Charizard Pidgeot
Annabella Nouel Barreto [US],Raging Bolt Ogerpon
marcus arellanes [US],Terapagos Dusknoir
Earle Vaughn [US],Charizard Pidgeot
Jan Armendariz-Bones [US],Regidrago VSTAR
Jake Palmas [US],Other
Jason Swofford [US],Other
Holly Bjalme-Evans [US],Dragapult Dusknoir
Brandon Marty [US],Charizard Pidgeot
Jesse Reel [US],Other
Wesley Ratzlaff [US],Regidrago VSTAR
Bryan Ibarra [US],Miraidon ex
Jason Saeteros [US],Regidrago VSTAR
Nick Lobos [US],Gholdengo ex
Brendan Spreder [US],Other
Walter Borba [US],Gholdengo ex
River Nortz [US],Other
Miguel Alejandro Hernandez Garcia [MX],Palkia
Cesar Guerrero [US],Charizard Pidgeot
Nelson Mustain [US],Raging Bolt Ogerpon
Ryan Stephens,Raging Bolt Ogerpon
Orel Avila-Navarrete [US],Lost Zone Box
Diego Perrusquia [US],Lost Zone Box
Cory Laffiton [US],Regidrago VSTAR
Ahmad Akhrass [US],Regidrago VSTAR
Justin Teng [US],Raging Bolt Ogerpon
Jonathan Hernandez [US],Terapagos Dusknoir
Diego Ruiz [US],Archaludon ex
Diego Fernandez [US],Regidrago VSTAR
Jose Roberto CABRIALES DE HOYOS [MX],Other
Tae Hyun Im [US],Lost Zone Box
Audrey Archila [US],Klawf Terapagos
Rafael Alvarado Padron [US],Charizard Pidgeot
Daniel Ha [US],Raging Bolt Ogerpon
Ethan Mooney [US],Raging Bolt Ogerpon
John Martinoni [US],Dragapult Dusknoir
Jiaxing Zhao [CN],Roaring Moon ex
Joshua Narciso [US],Charizard Pidgeot
Chung Ly [US],Regidrago VSTAR
Erick Palomares [US],Gardevoir ex
William Zhang [US],Raging Bolt Ogerpon
Brandon Kitsuda [US],Other
Charles Paul Laygo Jr [US],Other
Haide He [CN],Charizard Pidgeot
Erin Arcaina [US],Other
Josh Tonnissen [US],Miraidon ex
Brandon Pham [US],Ceruledge ex
Evan Gabbard [US],Klawf Terapagos
Alan Contreras [US],Raging Bolt Ogerpon
John Shackelford [US],Iron Thorns ex
Gwen Schlesselman [US],Archaludon ex
Brandon Flores [US],Raging Bolt Ogerpon
Shaun Flynn [UK],Roaring Moon ex
Fernando Lepe [US],Lugia Archeops
Chris Davis [US],Other
Luis Atilano [US],Charizard Pidgeot
Alexander King [US],Charizard Pidgeot
Christopher Folan [US],Regidrago VSTAR
Matthew Brown [US],Banette Gardevoir
Yakira Tate [US],Other
Casey Shoblom [US],Gardevoir ex
Dane Ostrander [US],Other
Garett Huebner [US],Lugia Archeops
edmond arroyo [US],Lost Zone Box
Julian Torres [US],Other
Reggie Leyba [US],Raging Bolt Ogerpon
Will Novelli [US],Banette Gardevoir
Alex Caulley [US],Raging Bolt Ogerpon
Hector Medina [US],Gardevoir ex
Sam Ayubi [US],Lost Zone Box
Justin Patidar [US],Raging Bolt Ogerpon
Prince Saelee [US],Raging Bolt Ogerpon
Keoni Rodrigues [US],Unknown
Brandon Weisbrod [US],Terapagos Dusknoir
Austin Tyler [US],Gholdengo ex
Dillon Mckee [US],Regidrago VSTAR
Skye Tagliavia [US],Regidrago VSTAR
Darian Cosico-Tran [US],Lost Zone Box
Alex Tan [US],Gardevoir ex
Hunter Warren [US],Dragapult Pidgeot
Nathan Huus [US],Regidrago VSTAR
Chase Holub [US],Other
Victor Cabrera [US],Dragapult Dusknoir
Jose Gabriel Baculi [US],Lugia Archeops
Justin Nowowiejski [US],Miraidon ex
Leonard Godoy [US],Lugia Archeops
Ston Yackamouih [US],Miraidon ex
Joseph Moore-Costa [US],Raging Bolt Ogerpon
Danny Nichols [US],Klawf Terapagos
Jennifer Sese [US],Raging Bolt Ogerpon
Sam Muller [US],Ceruledge ex
Katelyn Balakir [US],Gholdengo ex
Nick Alvarez [US],Lost Zone Box
Conner Donnelly [US],Other
Mario Monroe [US],Other
Megan Menchaca [US],Raging Bolt Ogerpon
Dawei Sun [US],Other
Joshua Pyle-Carter [CA],Other
Kegan Morin [US],Terapagos Dusknoir
jonathan perez [US],Terapagos Dusknoir
Justin Howard [US],Lugia Archeops
Juan Sandoval [US],Terapagos Dusknoir
Theodore Chen [US],Terapagos Dusknoir
Jonas Simmons [US],Terapagos Dusknoir
Javier Salinas [US],Dragapult ex
Jake Cofferen [US],Regidrago VSTAR
Albert Vinageras [US],Lost Zone Box
Kristoffer Howe [US],Other
Ken Urbina [US],Gholdengo ex
Zack Shoote [US],Dragapult Dusknoir
Jake Branford [US],Raging Bolt Ogerpon
Stephen Chen [US],Terapagos Dusknoir
Boston Horspool [US],Raging Bolt Ogerpon
Joseph Liu [US],Charizard Pidgeot
Minh Hoang [US],Other
Elijah Talley [US],Dragapult ex
Taizhen Li [US],Regidrago VSTAR
Cordell Chigbrow [US],Lost Zone Box
Jackari Vines [US],Regidrago VSTAR
Ethan Guevara [US],Charizard Pidgeot
Sage Erickson [US],Regidrago VSTAR
JOHN DELA CRUZ [US],Charizard Pidgeot
Minh Nguyen [US],Terapagos Dusknoir
Armando Esquivel [US],Regidrago VSTAR
Daniel Lucio [US],Regidrago VSTAR
Joshua Hindes [US],Roaring Moon ex
Alex Fletcher [US],Palkia
Connor Krohn [US],Other
Richard Shoemaker [US],Charizard Pidgeot
Travis Shows [US],Lost Zone Box
Octavio Nolasco [US],Roaring Moon ex
Jacob Gobat [US],Regidrago VSTAR
Matthew Greaves [US],Other
Matthew Webb [US],Other
Michael D'Amico [US],Miraidon ex
Tom Ford [US],Other
Corey Saylor [US],Roaring Moon ex
Luan Nguyen [US],Other
david villarreal [US],Terapagos Dusknoir
Anna Lew,Gardevoir ex
Johnny Mai [US],Charizard Pidgeot
Patrick Sararana [US],Raging Bolt Ogerpon
Travis Kim [US],Raging Bolt Ogerpon
Anthony Cuellar [US],Lost Zone Box
Sergio A Rodriguez [US],Raging Bolt Ogerpon
Jason Le [US],Lugia Archeops
Kevin Herrera [US],Dragapult Iron Thorns
Daniel Leon [US],Pidgeot Control
sebastian rojas meza [US],Terapagos Dusknoir
Chenhui Yang [CN],Regidrago VSTAR
John Earley [US],Regidrago VSTAR
David Shackelford [US],Iron Thorns ex
Cameron Palombo [US],Pidgeot Control
Keanush Avval [US],Lugia Archeops
Gary Huang [US],Terapagos Dusknoir
Nathan Arnold [US],Ceruledge ex
Maddie Seidman [US],Dragapult Dusknoir
matt souerbry [US],Ancient Box
Derek Hildinger [US],Snorlax Stall
Jesse Parker [US],Miraidon ex
anthony yankovich [US],Other
Jeffrey Newton [US],Roaring Moon ex
Pedro Soriano [US],Gholdengo ex
Albert Centeno [US],Regidrago VSTAR
James Tam [CA],Dragapult Dusknoir
Douglas Mccluer [US],Regidrago VSTAR
Seth Velasquez [US],Dragapult Dusknoir
kevin cohou [US],Raging Bolt Ogerpon
Cody Hoehn [US],Roaring Moon ex
Apia Vongnangam [US],Ceruledge ex
Christian Beck [US],Snorlax Stall
Benjamin Witzke [US],Dragapult Dusknoir
Parnell Sararana [US],Raging Bolt Ogerpon
Luis Rodriguez [US],Other
Brian Aguilar [US],Raging Bolt Ogerpon
Elias Humphrey [US],Raging Bolt Ogerpon
Ben DeHart [US],Terapagos Dusknoir
Hugo Martinez [US],Terapagos Dusknoir
Nick Knighton [US],Regidrago VSTAR
Ryan Overcash [US],Miraidon ex
Bryan Funk [US],Other
Freddy Salas [US],Ancient Box
Ron Kauanoe [US],Gholdengo ex
Anthony Henderson [US],Other
Noah Bailey [US],Lugia Archeops
Edwin Bote [US],Archaludon ex
Leila Dixon [CA],Banette Gardevoir
Rysen Hayashida [US],Lugia Archeops
Michael Ingalls [US],Gholdengo ex
Benjamin Slowinski [US],Lost Zone Box
Andrew Bennison [US],Regidrago VSTAR
Marshall Zia [US],Ancient Box
Alejandro Lopez-Armendariz [US],Miraidon ex
Alexander Andres [US],Lugia Archeops
Danny Hernandez [US],Snorlax Stall
Tyler Newman [US],Other
Rebecca Eberlin [US],Dragapult Dusknoir
Wendy Estrada [US],Raging Bolt Ogerpon
Robert Gordon [US],Archaludon ex
Athena Ramirez [US],Gholdengo ex
Johnny Ngo [US],Miraidon ex
Brian Klein [US],Other
Dylan B [US],Ceruledge ex
Jacob Ochsankehl [US],Gardevoir ex
Justus Lindsey [US],Raging Bolt Ogerpon
Brandon West [US],Lost Zone Box
Kyle Rivera [US],Lost Zone Box
Kevin Chan [US],Raging Bolt Ogerpon
Jacob Lo [US],Terapagos Dusknoir
Adam Boulter [US],Gardevoir ex
Minh Le [US],Regidrago VSTAR
Jose Padilla [US],Regidrago VSTAR
Joseph Shelly [US],Other
Josue Acosta [US],Iron Thorns ex
Brandon Jones [US],Charizard Pidgeot
Nathan Barker [US],Other
Josh Weaver [US],Raging Bolt Ogerpon
Richard Torres [US],Miraidon ex
Chase Hurte [US],Other
Alexander Abel [US],Dragapult Dusknoir
Tevin Jones [US],Raging Bolt Ogerpon
Vincent Dandini [US],Dragapult Dusknoir
Fabian anguiano [US],Regidrago VSTAR
Eddie Gonzales [US],Ceruledge ex
RT Taylor [US],Lugia Archeops
Weilian Chu [US],Iron Thorns ex
Jorge Oceguera [US],Miraidon ex
Luis Blas [US],Roaring Moon ex
Sean McCormick [US],Terapagos Dusknoir
Paul Johnson [US],Other
Ethan Meyers [US],Lost Zone Box
Edgar J. Garcia [US],Unknown
Brandon Weaver [US],Other
Ramon Perez [US],Iron Thorns ex
Patrick Zhang [US],Roaring Moon ex
Liam Marckx [US],Raging Bolt Ogerpon
Brock Spady [US],Miraidon ex
Jesse Juarez [US],Other
Tyler Bradley-Bartel [US],Terapagos Dusknoir
Jarret Escobedo [US],Gholdengo ex
Leonardo Vazquez [US],Other
William Quintero Jr [US],Charizard Pidgeot
Cecilia Cisar [US],Banette Gardevoir
Garret Yagi [US],Roaring Moon ex
Chuck Santillan [US],Lugia Archeops
Steve Klein [US],Ceruledge ex
Jovani Gratton [US],Raging Bolt Ogerpon
Spencer Johnson [US],Ceruledge ex
jason shibley [US],Klawf Terapagos
Alexander Flatos [US],Lost Zone Box
Taylor Madden [US],Roaring Moon ex
Jiong Chen [US],Lugia Archeops
Lynnae Faustino [US],Roaring Moon ex
Dan Sweetman [US],Gholdengo ex
Keenith Chan [US],Charizard Pidgeot
Marissa Smith [US],Other
Anthony Taleon [US],Regidrago VSTAR
Justin Tang [US],Archaludon ex
Holden Williams [US],Miraidon ex
DeAnn Hinojosa [US],Raging Bolt Ogerpon
Richard Romero [US],Palkia
Mark Llacsa [US],Other
Bryce Billings [US],Ancient Box
Francis Britton [US],Gardevoir ex
Salvador Valadez [US],Lugia Archeops
Andrew Gusman [US],Charizard Pidgeot
Annabelle Mersman [US],Raging Bolt Ogerpon
George Busto [US],Terapagos Dusknoir
Kenyon Fisher [US],Lugia Archeops
Brian Powell [US],Gardevoir ex
Nicole McGraw [US],Gardevoir ex
Spencer Reid-Rice [US],Terapagos Dusknoir
Giovanni Emblen [US],Miraidon ex
Charles Holland [US],Charizard Pidgeot
Ryan Lantsberger [US],Terapagos Dusknoir
Justin Magadia [US],Snorlax Stall
Brian Perez [US],Charizard Pidgeot
Edgar Espino-Acevedo [US],Charizard Pidgeot
Jesus Romero [US],Miraidon ex
Marcus Zelidon [US],Other
Cameron Frizzell [US],Ancient Box
Ress Boulter [US],Other
Nestor Carvajal [US],Regidrago VSTAR
Victor Fabrega [PA],Charizard Pidgeot
Enzo Schlatter [US],Charizard Pidgeot
Neilsen Mallari [US],Gardevoir ex
Alex Meeks [US],Raging Bolt Ogerpon
Zane Larsen [US],Archaludon ex
Mitchell Matos [US],Other
joseph Cavazos [US],Ceruledge ex
Carlos Jovanni Flores [US],Gholdengo ex
Andrew Amaro [US],Lost Zone Box
Ryan Mefford [US],Pidgeot Control
Nabeel Hyatt [US],Charizard Pidgeot
Chris Sagurit [US],Terapagos Dusknoir
Gregory Playter [US],Terapagos Dusknoir
Kevin Kai Zhang [US],Roaring Moon ex
Zeyad Khal [US],Miraidon ex
Martin De Loera [US],Lost Zone Box
Tin Nguyen [US],Regidrago VSTAR
Jay Kim [US],Pidgeot Control
Joseph Bellanti [US],Palkia
Jr Bambico [US],Gholdengo ex
Andrew Kan [US],Terapagos Dusknoir
Dani Miranda [US],Gholdengo ex
Victor Ortiz [US],Other
River Edwards [US],Roaring Moon ex
Jackie Ho [US],Gholdengo ex
Gabriel Diaz [US],Gardevoir ex
Shane Gibson [US],Raging Bolt Ogerpon
Stefan Tabaco [US],Iron Thorns ex
Raye Robertson [US],Raging Bolt Ogerpon
Evanbir Dhesi [US],Regidrago VSTAR
Diego Amores [US],Gholdengo ex
Crizelle Ann Hofmann [US],Gardevoir ex
Andrew Lam [US],Dragapult Dusknoir
Cristian Ayala [US],Regidrago VSTAR
Ramona Sanchez [US],Terapagos Dusknoir
Jeffrey Smith [US],Regidrago VSTAR
Andrew Mintz [US],Charizard Pidgeot
AC Meyer [US],Gardevoir ex
Eduardo Navarro [US],Regidrago VSTAR
Ajay Sridhar [US],Regidrago VSTAR
Adrian Villalobos [US],Regidrago VSTAR
Kyle Murray [US],Regidrago VSTAR
Kyle Wong [US],Gardevoir ex
Joshua Alfaro [US],Lugia Archeops
Ronald Sharpsteen [US],Ceruledge ex
Shun Takemasa [US],Terapagos Dusknoir
Abby Ramadan [US],Raging Bolt Ogerpon
Rene Moreno [US],Regidrago VSTAR
Bryan Margolles [US],Lost Zone Box
Ismael Munoz [US],Miraidon ex
Eithan Campbell [US],Raging Bolt Ogerpon
Jason Gonzales [US],Charizard Pidgeot
LJ Wenger [US],Klawf Terapagos
Andrew Morco [US],Lost Zone Box
Robert Meyers [US],Gholdengo ex
Harry Silverman [US],Regidrago VSTAR
Samuel Vargas [US],Regidrago VSTAR
Alex Roth [US],Charizard Pidgeot
Dominic Viola [US],Gardevoir ex
Ryan Lockwood [US],Dragapult Dusknoir
Paul Justiniano [US],Raging Bolt Ogerpon
Fernando Duran [US],Regidrago VSTAR
Benjamin Merritt [US],Terapagos Dusknoir
Dominique Ruelas [US],Other
Jeremy Lin [US],Dragapult Iron Thorns
Ken Velasquez [US],Ancient Box
Johnathan Murray [US],Regidrago VSTAR
Jose Barrientos [US],Regidrago VSTAR
Thanh Truong [US],Raging Bolt Ogerpon
Nicholas Montanez [US],Dragapult Dusknoir
Darius Wright [US],Lugia Archeops
Ivan Macias [US],Terapagos Dusknoir
Julio Lopez [US],Miraidon ex
Grant Smith [US],Charizard Pidgeot
Jordan Brugioni [US],Lost Zone Box
Louiie Pangrazi [US],Charizard Pidgeot
Ethan Chigbrow [US],Lost Zone Box
Zachery Graves [US],Snorlax Stall
Felipe santiago [US],Other
Kevin Liu [US],Raging Bolt Ogerpon
Donovan Ramirez [US],Charizard Pidgeot
Angel Gonzalez [US],Gardevoir ex
Zachary Kane [US],Regidrago VSTAR
Christian Camacho [US],Miraidon ex
Alexander McClennen [US],Miraidon ex
Amar Vazquez [US],Other
Will Christensen [US],Other
David Warren [US],Raging Bolt Ogerpon
Quirin Martine [US],Unknown
Moises Bautista [US],Miraidon ex
Adrian Villapudua [US],Iron Thorns ex
VICTOR ASO [US],Miraidon ex
Juan Martinez [US],Raging Bolt Ogerpon
Roberto Nuñez [MX],Palkia
Lucas Martinez [US],Lugia Archeops
Pedro Saldana [US],Regidrago VSTAR
Stopher Vallejo [US],Charizard Pidgeot
Matthew Gibson [US],Charizard Pidgeot
Carlos Sanchez [US],Miraidon ex
Chase Friedland [US],Regidrago VSTAR
Genie Coloma [US],Raging Bolt Ogerpon
Adrian Cuyson [US],Raging Bolt Ogerpon
Giovanni Mendieta [US],Other
Lee Bedrouni [US],Charizard Pidgeot
Cameron Mairs [US],Regidrago VSTAR
janperson egamino [US],Regidrago VSTAR
Dario Marchetta [CA],Terapagos Dusknoir
Evan Hoelscher [US],Other
Mitchel Silva [US],Lost Zone Box
AJ Munoz [US],Terapagos Dusknoir
Edgar Velazquez [US],Other
Manuel Guerrero [US],Other
Blake Underhill [US],Miraidon ex
Aaron Walker [US],Iron Thorns ex
Ricardo Escalante [US],Dragapult Dusknoir
Oracio Hernandez [US],Charizard Pidgeot
Matthew Ruiz [US],Ancient Box
Bobbie Jo Kull [US],Iron Thorns ex
Jacob McCool [US],Banette Gardevoir
Travis Glorioso [US],Raging Bolt Ogerpon
Jon Oldale [CA],Ceruledge ex
Kenji Lo [US],Charizard Pidgeot
Jayce King-Calder [US],Miraidon ex
Kenny Lo [US],Gardevoir ex
Chip Richey [US],Regidrago VSTAR
Michael Arguien [US],Miraidon ex
JesseJames Knight [US],Miraidon ex
Songlin Yu [US],Ancient Box
Kathryn Marin [US],Snorlax Stall
Brian Palomar [US],Lost Zone Box
Robert Farwell [US],Miraidon ex
Jeremy marin [US],Lugia Archeops
timothy tunks [US],Terapagos Dusknoir
Ian DiCarlo [US],Klawf Terapagos
Caden Bautista [US],Iron Thorns ex
Matthew Christensen [US],Terapagos Dusknoir
Adam Satin [US],Pidgeot Control
Delong Nguyenthanh [US],Other
Owen Dalgard [US],Charizard Pidgeot
Adrian Castro [US],Other
joshua hartman [US],Other
Curtis Potter [US],Regidrago VSTAR
Tevon Rossich [US],Other
Andrea Fernandez [US],Charizard Pidgeot
Kyle Lantsberger [US],Terapagos Dusknoir
Alberto Campos [US],Raging Bolt Ogerpon
Cody Largent [US],Regidrago VSTAR
Torry Blake [US],Raging Bolt Ogerpon
Isaac Silvera [US],Roaring Moon ex
Gerardo Molinero [US],Terapagos Dusknoir
Tony Toala [US],Miraidon ex
Anson Saechao [US],Roaring Moon ex
Noah Mayes [US],Regidrago VSTAR
Ian Buchanan [US],Lugia Archeops
Jack Saunders [US],Pidgeot Control
Chris Covarrubias [US],Regidrago VSTAR
Tyler Short [US],Regidrago VSTAR
Patrick Eaton [US],Gholdengo ex
Zachary Thomas [US],Charizard Pidgeot
Rey Lazaro [US],Iron Thorns ex
Raul Ramirez [US],Regidrago VSTAR
Vincent Paglia [US],Regidrago VSTAR
Shane Klint [US],Regidrago VSTAR
Federico Nunez [US],Ceruledge ex
Brandon Wold [US],Regidrago VSTAR
Tomas Gutierrez [US],Regidrago VSTAR
Carlos Rivera [US],Palkia
Ryan Mendenhall [US],Terapagos Dusknoir
Wynton Doty [US],Roaring Moon ex
Manuel Diaz [US],Iron Thorns ex
Wyatt Ralston [US],Regidrago VSTAR
Daniela Jimenez-Torres [US],Gardevoir ex
Ramsey Salisbury [US],Miraidon ex
Anthony Paniagua [US],Charizard Pidgeot
Tristan Nakatani [US],Dragapult Dusknoir
Trevor Ames [US],Lugia Archeops
Sal Alarcon [US],Miraidon ex
Ben Vasquez [US],Terapagos Dusknoir
Dario Mendez [US],Charizard Pidgeot
Cooper Kull [US],Pidgeot Control
Jose Magana [US],Terapagos Dusknoir
Peter Fu [US],Gholdengo ex
Aldo Espino [US],Other
Kazu Okura [US],Charizard Pidgeot
Jason Hughes [US],Other
Harry Sheldon [US],Raging Bolt Ogerpon
Francisco Rogel [US],Ceruledge ex
Casey Lucia [US],Regidrago VSTAR
Marggret Montgomery [US],Raging Bolt Ogerpon
Leah Jubilee Ritualo [US],Raging Bolt Ogerpon
Daniel Gurrieri [US],Regidrago VSTAR
Samantha Chiu [US],Charizard Pidgeot
Dylan Locker [US],Raging Bolt Ogerpon
Calvin Dang [US],Lugia Archeops
Oniel Madrigal [US],Charizard Pidgeot
Ricardo Martinez [US],Palkia
Bryonna Lopez [US],Lugia Archeops
Juan Arredondo [US],Pidgeot Control
Kristian Campos [US],Regidrago VSTAR
Jeff Bernard [US],Other
Jerome Montgomery [US],Terapagos Dusknoir
Jordan Quebral [US],Regidrago VSTAR
Gabe Bello,Archaludon ex
Mark Hernandez [US],Regidrago VSTAR
Joseph Prothro III [US],Terapagos Dusknoir
Miguel Suarez [US],Charizard Pidgeot
Josh Greiff [US],Other
Jonathan Jeffererson [US],Other
Kyle Jocham [US],Terapagos Dusknoir
Andrew Saldana [US],Regidrago VSTAR
Zoe McCready [US],Terapagos Dusknoir
Griffin Cox [US],Snorlax Stall
Andy Cisneros [US],Gholdengo ex
John Wroblewski [US],Other
Tyler Wilson [US],Lost Zone Box
korey stoner [US],Gardevoir ex
Ethan Lopez-Hicks [US],Other
Maria Flores [US],Charizard Pidgeot
Elias Marquez [US],Other
Oscar Mendez [US],Roaring Moon ex
Saagar Desai [US],Lugia Archeops
Luke Romero [US],Regidrago VSTAR
hongyu zheng [CN],Lugia Archeops
Ralph Gonzales [US],Terapagos Dusknoir
Daniel Belton [US],Terapagos Dusknoir
Wilfredo Ortiz Toro [US],Regidrago VSTAR
Cristian Ponce [US],Roaring Moon ex
Koby Hendrix [US],Lost Zone Box
Robbie Duffy [US],Charizard Pidgeot
Robert Reimers [US],Ancient Box
Jacob Lopez [US],Lost Zone Box
Chandler Ocapan [US],Ancient Box
Genevieve Anderson [US],Lost Zone Box
Nef Herrada [US],Lugia Archeops
Antonio Andrade [US],Terapagos Dusknoir
Patrick Trujillo [US],Dragapult Iron Thorns
Stephen Pereira [US],Other
Kaleb Espinosa [US],Dragapult Dusknoir
Dan Nash [US],Ancient Box
Jacob Marroquin [US],Regidrago VSTAR
Christy Cusick [US],Miraidon ex
Christopher Johnson [US],Other
David Patti [US],Terapagos Dusknoir
Nicholas Tan [US],Archaludon ex
Travis Welence [US],Terapagos Dusknoir
Hayley Dickey [US],Gholdengo ex
Anthony Kardous [US],Charizard Pidgeot
Brian Garcia [US],Lugia Archeops
Antonio Aguilera [US],Iron Thorns ex
Michael Williams [US],Regidrago VSTAR
Joe Camacho [US],Other
Jaeson Schultz [US],Raging Bolt Ogerpon
Kenneth Silim [US],Miraidon ex
Tien-Yu LO [US],Other
Alexander Young [US],Other
Nathan Wang [US],Lost Zone Box
Stephen Leighton [US],Miraidon ex
Christian ruiz [US],Regidrago VSTAR
David Burkins [US],Ceruledge ex
Juan Cabrera [DO],Other
carlos tamayo [US],Charizard Pidgeot
Joshua Hansen [US],Lost Zone Box
Vincent Bettex [US],Gardevoir ex
Pablo Maravilla [US],Dragapult Dusknoir
Kevin Tang [US],Archaludon ex
Noah Armas [US],Other
Jesse Skiles [US],Miraidon ex
Casey Zirbel [US],Lost Zone Box
John Uce [US],Lugia Archeops
Connor Guhlke [US],Ceruledge ex
Drew Silva [US],Roaring Moon ex
William Archer [US],Dragapult Pidgeot
Daniel Powell [US],Klawf Terapagos
Ramon Duarte.C [US],Miraidon ex
Faustine Van [US],Other
Nick Brown [US],Dragapult Iron Thorns
Julio Valenzuela [US],Miraidon ex
Connor Schaper [US],Roaring Moon ex
Joshua Maack [US],Roaring Moon ex
Kenneth Danganan [US],Roaring Moon ex
Christopher Estrada [US],Ceruledge ex
Dakota Kirk [US],Gardevoir ex
Jaime Gonzalez [US],Raging Bolt Ogerpon
Javan Jones [US],Lugia Archeops
Efrain Montes [US],Charizard Pidgeot
Richard Truong [US],Other
Tim Reilly [US],Ceruledge ex
Tyler Dantuma [US],Regidrago VSTAR
Billy Dayton [US],Raging Bolt Ogerpon
Manuel Trejo [US],Other
Jae Rodriguez [US],Lugia Archeops
Star Freirose [US],Terapagos Dusknoir
Anna Mock [US],Lugia Archeops
Rodrigo Donan [US],Lost Zone Box
Savio Joseph [CA],Raging Bolt Ogerpon
AVARIN VILLARREAL [US],Charizard Pidgeot
Will luhmann [US],Miraidon ex
Yul Gweon [US],Pidgeot Control
John Healey IV [US],Roaring Moon ex
Cyprus Hastings [US],Unknown
Zach Marlin [US],Archaludon ex
Matthew Amezcua [US],Ceruledge ex
Paing Thao [US],Terapagos Dusknoir
Alan Grijalva [US],Other
Michael Boyd [US],Archaludon ex
Vincent De la Serna [US],Ceruledge ex
Dissael Martinez Cruz [US],Other
Jose Martinez Jr [US],Regidrago VSTAR
Carlos Vasquez [US],Terapagos Dusknoir
Britt Ridgway [US],Other
Hai Nguyen [US],Klawf Terapagos
Kyle Sanchez [US],Charizard Pidgeot
James House [US],Charizard Pidgeot
Avery Balasbas [US],Other
Tyler Martin [US],Snorlax Stall
Israel Golden [US],Snorlax Stall
Summer Graves [US],Gardevoir ex
John Keopha [US],Lugia Archeops
Martin Soria [US],Regidrago VSTAR
Edgar Martinez [US],Regidrago VSTAR
Galyna Shevchenko [US],Other
Juan Serrano [US],Miraidon ex
Hasan Kunukcu [US],Unknown
Cameron Shenoy [US],Unknown
Kevin Quezada [US],Unknown
Daniel Shackelford [US],Unknown
Juniper Rueter [US],Unknown
Kwame Ankra II [US],Unknown
