Pedro Pertusi [BR],Charizard ex
Nicolas Galaz [CL],Lost Box
Alex Silva [BR],Charizard ex
Ricardo Hille [BR],Charizard ex
Jonathan Fabrizio Bellucci Lanciano [AR],Lost Giratina
Giovanni Peragallo [CL],Gardevoir
Lucas Matheus [BR],Arceus/Giratina
Leonardo Danna [BR],Lugia
João Requena [BR],Arceus/Giratina
Javier Gamboa [CL],Ancient Moon
Marco Cifuentes [CL],Arceus variant
William Azevedo [BR],Charizard ex
Bastian Silva [CL],Chien Pao/Baxcalibur
Rafael Breanza [BR],Lugia
Lucas Magalhães [BR],Charizard ex
andres estefano gajardo lopehandia [CL],Chien Pao/Baxcalibur
miguel angel rojas duk [CL],Lost Box
matias diaz [CL],Lugia
Guilherme Lessa [BR],Pidgeot Control
Victor Freitas [BR],Espathra
Matías Martini [CL],Charizard ex
Yerco Valencia [CL],Chien Pao/Baxcalibur
Thiago Giovannetti [BR],Ancient Box
Andres Lostaunau [PE],Ancient Moon
HUGO SUANNO [BR],Lugia
DOUGLAS MAIOLA [BR],Arceus/Giratina
Patricia Gonzalez Walsh [AR],Snorlax Stall
Diego Franche [BR],Lost Giratina
Daniel Abramovici [BR],Espathra
Murilo Mercadante [BR],Lugia
Juan Andree [CL],Charizard ex
gustavo wada [BR],Charizard ex
SAMIR NETO [BR],Arceus/Armarouge
João Gabriel Penteado [BR],Ancient Box
Wallysson Lima [BR],Espathra
Henrique Bonenti [BR],Lost Giratina
Leonardo Braga [BR],Gardevoir
Alejo Salvador [AR],Charizard ex
Diego Cassiraga [AR],Lost Box
vitor soares [BR],Espathra
Francisco Osorio [CL],Charizard ex
Alexandre Bozzo [BR],Snorlax Stall
Cauã Rafael [BR],Gardevoir
Arthur Mesquita [BR],Lugia
Lucas Stinguel [BR],Dialga/Metang
Dalton Acchetta [BR],Charizard ex
Matias Matricardi [AR],Ancient Box
Gaston Kitela [AR],Future Hands
Felipe Carreño [CL],Charizard ex
Santiago Prieto [CL],Gardevoir
Rafael Hernandez Canales [CL],Charizard ex
JORGE DA SILVA VIEIRA [BR],Chien Pao/Baxcalibur
Edgardo Martin Saldivia [AR],Charizard ex
Gabriel Roide [BR],Dialga/Metang
Pedro Lacerda [BR],Pidgeot Control
gabriel land [BR],Charizard ex
João Pedro Medeiros Zambrano [BR],Espathra
Lucas Gusso [BR],Sablezard
André Argolo [BR],Arceus/Armarouge
Pedro Jorge [BR],Charizard ex
Vitor Lugon Cacciari Martinelli [BR],Charizard ex
Kaue Sales [BR],Lost Box
Carlos Sepúlveda [CL],Charizard ex
Guilherme Palitos [BR],Dialga/Metang
Marco Antônio Silva de Macedo Mota [BR],Lost Giratina
Vinicius Pedro da Silveira [BR],Future Hands
Alejandro Luciano Eijo [BR],Miraidon
Lucas Alkmin [BR],Future Hands
Bruno Souza [BR],Arceus/Giratina
Joao Antonio Cavalcanti [BR],Lost Box
Rafael Yuiti [BR],Charizard ex
André Miranda [BR],Miraidon
Laura Braga [BR],Espathra
Vinícius fernandez [BR],Espathra
Marcelo Vercelino [BR],Lugia
Samuel Martins [BR],Lost Box
Felipe Barreto [BR],Ancient Box
Omar Lima Junior [BR],Pidgeot Control
WELLINGTON ZOOBI [BR],Raging Bolt
Lucas Paraizo [BR],Future Hands
Iago Tasca [BR],Ancient Moon
João Coleoni [BR],Chien Pao/Baxcalibur
Kaio Marques [BR],Charizard ex
Lucas Lemos Costa [BR],Snorlax Stall
Ian Fukuda [BR],Charizard ex
facundo facio [AR],Ancient Box
Gustavo Mariano [BR],Charizard ex
Vinicius La Padula [BR],Chien Pao/Baxcalibur
Guilherme Banevicius [BR],Arceus/Giratina
Javier Chelmes [CL],Lugia
Fernando Toratto [PE],Chien Pao/Baxcalibur
Caio Vega [BR],Future Hands
Philippe Luiz Lima Moreira Pinto [BR],Chien Pao/Baxcalibur
Gustavo Matsuo [BR],Turbo Roaring Moon
luiz henrique romanini [BR],Gardevoir
Rodrigo Takenouchi [BR],Charizard ex
Damian Fernandez Urroz [AR],Ancient Box
Walter Coquemala Filho [BR],Pidgeot Control
Lucas de Freitas Perella [BR],Charizard ex
Arthur Pimentel Cordeiro [BR],Charizard ex
José Eduardo da Silva Zambon Junior [BR],Ancient Moon
Rafael Sávio Oliveira [BR],Charizard ex
Tomas Ulloa [CL],Lost Giratina
Eduardo Correa [BR],Chien Pao/Baxcalibur
Gabriel Coppio [BR],Charizard ex
Jean Junior [BR],Charizard ex
Maurício Almeida [BR],Lost Giratina
Marcelo Oliveira [BR],Charizard ex
Luan Couto [BR],Charizard ex
Gustavo Bedendo [BR],Ancient Moon
Pedro Dossi [BR],Chien Pao/Baxcalibur
Claudio Ferla [BR],Future Hands
Eduardo Dorcinio [BR],Future Hands
Otavio Gouveia [BR],Espathra
Paulo Lona [BR],Charizard ex
Rodrigo Da Silva Paranhas [BR],Future Hands
Erick Fava dos Reis Figueiredo Dias [BR],Charizard ex
André Porto [BR],Ancient Moon
Eduardo Molina [CL],Unknown
Roberto Matos [BR],Unknown
THIERRY BADER [BR],Unknown
Fernando Gonçalves [BR],Unknown
Francisco Toloza [CL],Unknown
Thiago Bisewski [BR],Unknown
Emanuel Diogo [AR],Unknown
Ignacio Vargas [CL],Unknown
João Bajer [BR],Unknown
Henrique Pedroso [BR],Unknown
Bruno Oswaldo Bertozzi Oliveira [BR],Unknown
Leandro Lopez [AR],Unknown
Pedro Freitas [BR],Unknown
Rodrigo Hiratsuka [BR],Unknown
Gabriel Smart [US],Unknown
Rodrigo Vilca [PE],Unknown
Kyo Rangel [BR],Unknown
Jean Pietro Carvalho dos Santos [BR],Unknown
Raphael Gonçalves [BR],Unknown
Rennan Gaio [BR],Unknown
igor carvalho [BR],Unknown
Carlos Lopes [BR],Unknown
Lisa Yui Taguchi [BR],Unknown
João Pedro Santos Pereira [BR],Unknown
Cristofer Lima [BR],Unknown
Gustavo Firmiano [BR],Unknown
Diego Sakata [BR],Unknown
Victor Breanza [BR],Unknown
Igor Cardenas [BR],Unknown
Fernando Poblete [CL],Unknown
bruno ogashawara [BR],Unknown
Augusto Souza [BR],Unknown
Francisco Ferreira [BR],Unknown
Augusto Beringuer [BR],Unknown
Gabriel Ienaga [BR],Unknown
Rodrigo Coltro [BR],Unknown
HENRIQUE TOLEDO [BR],Unknown
Cleber Pontes [BR],Unknown
wilsonn molina [CL],Unknown
Nicolas Volpi (SrLagaLaga) [BR],Unknown
Sebastián Faúndez [CL],Unknown
Renan Fiorani [BR],Unknown
Eric Villagra [CL],Unknown
Lucas Jordão [BR],Unknown
Gustavo Serafim [BR],Unknown
Hamilton Viveiros [BR],Unknown
Thiago Miranda [BR],Unknown
Raissa Arruda [BR],Unknown
Paulo Gouveia de Freitas [BR],Unknown
José Garboza [BR],Unknown
Guilherme Cazzonato [BR],Unknown
Alexander Monroy Hidalgo [PE],Unknown
Antonio Jardim [BR],Unknown
Jair Rodrigo Oliveira Farias [BR],Unknown
Francisco Muñoz R. [CL],Unknown
Ricardo Vilela [BR],Unknown
Daniel Velazquez [BR],Unknown
Guilherme Bonow Oliveira [BR],Unknown
Lucas Elisio da Costa [BR],Unknown
Álvaro Miguelino [BR],Unknown
Mariano Hernandez [AR],Unknown
Marcelo Marques [BR],Unknown
João Victor [BR],Unknown
FERNANDO RIBEIRO [BR],Unknown
Claudio Tapia Balboa [CL],Unknown
Marcos Morais [BR],Unknown
Francisco Hernandez [CL],Unknown
Alberto Bernardo [BR],Unknown
Stophile Silva [BR],Unknown
HIRAM SIANDELA [BR],Unknown
PEDRO GIOVANNETTI MARQUES RICARDO [BR],Unknown
Paulo Ferreira [BR],Unknown
Matheus Araujo [BR],Unknown
Eric Tortoza [BR],Unknown
Jean Araujo [BR],Unknown
Gabriel Baptista [BR],Unknown
Dyego Rathje [BR],Unknown
Louis Boisson [BR],Unknown
Manuel González [CL],Unknown
ANDERSON INACIO [BR],Unknown
Rafael Lopes [BR],Unknown
Rafael Duret [BR],Unknown
tobias basin [AR],Unknown
cristopher gonzalez [CL],Unknown
EDUARDO FEDER [BR],Unknown
Carlos Medina Astete [PE],Unknown
Andrei Imada [BR],Unknown
Renato Christian [BR],Unknown
Endrews Oliveira [BR],Unknown
Caio Pires [BR],Unknown
Lucas Pedrosa [BR],Unknown
Alfonso Rivas [CL],Unknown
Luiz Claudio Rios Pecoraro Junior [BR],Unknown
Vinícius Moon Leite [BR],Unknown
Gustavo Vinicius Machado [BR],Unknown
Fabio Danielli [BR],Unknown
Fabrizio Inga Silva [PE],Unknown
Gabriel Coelho [BR],Unknown
Pedro Galleguillos [CL],Unknown
Miguel Angel Linares [PE],Unknown
Thalys Rosa [BR],Unknown
Luiz Borges [BR],Unknown
Ricardo Franco [BR],Unknown
Jorge San Roman [CL],Unknown
Camilo Duran Pereira [CL],Unknown
Paulo Sergio Souza Monteiro [BR],Unknown
Maurício Pereira [BR],Unknown
José Iuri Brito [BR],Unknown
Luciano Reis [BR],Unknown
Lucas Caique de Lima [BR],Unknown
Julio Franche [BR],Unknown
Ezequiel Jerez [AR],Unknown
Douglas Borges [BR],Unknown
Julio Cesar La Puente [PE],Unknown
Matheus Henrique Tavares [BR],Unknown
José Roberto Favato [BR],Unknown
Lucas Anunciação [BR],Unknown
Nicolas Buczak [AR],Unknown
Lucas Almeida [BR],Unknown
Caio Bruneli [BR],Unknown
Nayara Marina Roca Conderé [BR],Unknown
Camilo Fernandez [CL],Unknown
Diego Barbosa [BR],Unknown
Joao Gabriel Neves [BR],Unknown
Alex Ramalho [BR],Unknown
Carlos Valdés [CL],Unknown
Giovani Vargas Rechia [BR],Unknown
Bruno Bermond [BR],Unknown
Douglas Gois [BR],Unknown
Rafael Ucha [BR],Unknown
Adriano Melo [BR],Unknown
Lucas Miura Semenzim [BR],Unknown
André Rassy [BR],Unknown
Jucieny Dantas [BR],Unknown
Elcio Junior [BR],Unknown
Felipe Marcon Junqueira [BR],Unknown
Gustavo Suffredini Oka [BR],Unknown
Nick Alvarez [US],Unknown
Luccas Teves [BR],Unknown
Samuel Moro Jacques [BR],Unknown
Ignacio Bombau [AR],Unknown
David MARAO [BR],Unknown
Filipe da Rocha Cardoso [BR],Unknown
Matheus Mazzolli Wilbrantz [BR],Unknown
Leonardo Martins [BR],Unknown
Rafael Marques [BR],Unknown
Vinicius Carvalho [BR],Unknown
Felipe Valente [BR],Unknown
Hudson Matheus [BR],Unknown
Felipe garcia [BR],Unknown
Renato Padua Jr [BR],Unknown
Sebastian Leiva Contreras [CL],Unknown
Hugo Laurentino [BR],Unknown
Fábio Boscariol [BR],Unknown
Federico Nattkemper [AR],Unknown
Juan Pablo Salas [CL],Unknown
Felipe Rios [CL],Unknown
Fernando Campista [BR],Unknown
Marcelo Silva Franco [BR],Unknown
Joao Henrique Camargo Suriani Suriani [BR],Unknown
Luis Bañon [PE],Unknown
MATEUS LEWIN [BR],Unknown
Vinicius Furlan [BR],Unknown
Júnio Fernandes [BR],Unknown
Guilherme Elmec [BR],Unknown
João Vitor Munhak [BR],Unknown
Marco Garcia [BR],Unknown
Jorge Moura [BR],Unknown
Vitor Mattos [BR],Unknown
Rafael Cavitioli [BR],Unknown
Gabriel Reis [BR],Unknown
Edmilson Rocha [BR],Unknown
Jhonathan lombelo [BR],Unknown
Ariel Oliveira [BR],Unknown
renan yassuda [BR],Unknown
Daniel Duarte [BR],Unknown
Richard Campos [BR],Unknown
Nikolas Sales [BR],Unknown
Daniel Bastos [BR],Unknown
Felipe Beraldo [BR],Unknown
Leonardo Bertucci [BR],Unknown
Oscar Videla [CL],Unknown
Henrique Nobrega [BR],Unknown
Henrique de Almeida Scabbia [BR],Unknown
Gabriel Kauê Lima [BR],Unknown
Jose Ribamar Teixeira neto [BR],Unknown
Pedro Portela [BR],Unknown
Jorge Danilo Urban Rolon [PY],Unknown
HENRIQUE CAMISOTTI CARVALHO [BR],Unknown
>ST02< Alana Nogueira [BR],Unknown
Nelson Barros [BR],Unknown
João Canais [BR],Unknown
Leonardo Walbrinch [BR],Unknown
Juan Cruz Correa [AR],Unknown
Felipe Tardoqui Gomes [BR],Unknown
Abelardo Fukasawa [BR],Unknown
Leonardo Paulucci [BR],Unknown
Lucas Moraes [BR],Unknown
Gabriel Veloso [BR],Unknown
MATEUS BARBOSA [BR],Unknown
fabio cozzolino [BR],Unknown
Ribamar José Bassan Filho [BR],Unknown
Caroline Girão [BR],Unknown
Alexis Hormazabal [CL],Unknown
Maicon Dias [BR],Unknown
Ana Carolina Garcia [BR],Unknown
Martín Hödar Salazar [CL],Unknown
cristian andres muñoz [CL],Unknown
Gabriel Kreusch [BR],Unknown
Audel Dugarte [CL],Unknown
Pablo Espinoza [CL],Unknown
Icaro Oliveira Guereta [BR],Unknown
Matheus Lima [BR],Unknown
Leonardo Gregorio [BR],Unknown
Leonardo Fernandez da Silva [AR],Unknown
Diogo Padovesi Oliva [BR],Unknown
Victor Salgado [BR],Unknown
Yoanis Kovelis [BR],Unknown
Lucas Rodrigues [BR],Unknown
Adriano Maruoka [BR],Unknown
Daniel Alejandro Elgueta Cancino [CL],Unknown
>ST01< Diego Enrique da Silva,Unknown
Giovani Lopes [BR],Unknown
Bruno Diniz [BR],Unknown
Pedro Henrique Alves [BR],Unknown
Nahuel Avalos [AR],Unknown
Luis Navas [CL],Unknown
Ignacio Oyarzún Alonzo [CL],Unknown
Jorge Salas [CL],Unknown
Carlos Felipe Pardo Narváez [CL],Unknown
Leonardo Nascimento [BR],Unknown
Enzo Vetorazzo [BR],Unknown
Patrick Sava [BR],Unknown
Juan Batista [BR],Unknown
Leonardo Souza [BR],Unknown
Mario Cesar Destro [BR],Unknown
Nicolás Valenzuela [CL],Unknown
Mateus Batista [BR],Unknown
Jamila Penido [BR],Unknown
Fernando Cifuentes [CL],Unknown
Michael Koji Takano [BR],Unknown
Henrique Nishi [BR],Unknown
Diogo Vilela [BR],Unknown
Rafael Santos [BR],Unknown
Fernando Tagliapietra [BR],Unknown
Gonzalo Zamorano [CL],Unknown
Diogo Souza [BR],Unknown
Bruno Rocha [BR],Unknown
Gianlucca Pedrão Ciconeli [BR],Unknown
BRUNO PARTALA [BR],Unknown
Matias Ramirez Marianetti [CL],Unknown
Gabriel De oliveira [BR],Unknown
Guilherme Henna [BR],Unknown
Giovanni Benages [BR],Unknown
Victor Coutinho [BR],Unknown
Diego Fernández [UY],Unknown
Tulio Cruz [BR],Unknown
Rodolfo de Souza Della Violla [BR],Unknown
Oscar Lobos [CL],Unknown
Lucas Moya [BR],Unknown
Lucas José Pereira Marquesani [BR],Unknown
Federico Daniel Laborde [AR],Unknown
Fernando Aboriham [BR],Unknown
Diego Varea [PE],Unknown
João Vitor Rossi Valerio [BR],Unknown
Igor Quiterio [BR],Unknown
Bruno Tieppo [BR],Unknown
Mikael Marques [BR],Unknown
Bayron Quiroz Cortes [CL],Unknown
Victor Louza [BR],Unknown
Gustavo Jovanelli [BR],Unknown
Pedro Lima [BR],Unknown
João Paulo Sênida [BR],Unknown
Matheus Franca [BR],Unknown
Pedro Zanetti [BR],Unknown
KLEBER XAVIER [BR],Unknown
Italo Glauco Ileke Hattori [BR],Unknown
Eduardo Cardoso [BR],Unknown
Benjamin Andrés Cortes cortes [CL],Unknown
Gustavo Sasaki [BR],Unknown
Michael Oliveira [BR],Unknown
Tácio Grossi [BR],Unknown
Matheus Mitsuru [BR],Unknown
Ignacio Rzeszut [AR],Unknown
Leandro Spagnoli [AR],Unknown
Michel Akio Fukuda [BR],Unknown
Augustinho Celestino [BR],Unknown
Lucas Splendor Abujanra [BR],Unknown
d3miancit0o0o00o0o0 aguirre [CL],Unknown
Federico Gramajo [AR],Unknown
Artur Féres [BR],Unknown
Martín Piquerez [UY],Unknown
Cassio Augusto de Freitas [BR],Unknown
Luan henrique roman bonni [BR],Unknown
eric da silva oliveira [BR],Unknown
Pedro Side [BR],Unknown
Leonardo Barbosa Alves [BR],Unknown
Marco Cifuentes D [CL],Unknown
Aline Silva [BR],Unknown
Julia Stopassola e Moura [BR],Unknown
Jeremias Dantas [BR],Unknown
Vinicius Correia [BR],Unknown
Felipe Azevedo [BR],Unknown
Bruno Firriolo [IT],Unknown
Thiago Garcia dos Santos [BR],Unknown
Alexandre Abrão [BR],Unknown
Ricardo Pereira Celebroni [BR],Unknown
joseph Lopez [CL],Unknown
Caio Cesar [BR],Unknown
Manuel Alcaíno [CL],Unknown
Carlos Eiji [BR],Unknown
Larissa Ferreira [BR],Unknown
Víctor Muñoz Morales [CL],Unknown
diego andrade [BR],Unknown
Paulo Lencioni [BR],Unknown
Axel Sarmento [BR],Unknown
heitor duperron [BR],Unknown
Juan Guillermo Fischer [BR],Unknown
Rafael Figueira [BR],Unknown
Gustavo Henrique Vieira [BR],Unknown
Jaime Cardoso [BR],Unknown
Andre Benedicto [BR],Unknown
Roger Ricardo Visentin [BR],Unknown
Marcelo Guarita [BR],Unknown
Lucas Kenzou Sadakane Nakagava [BR],Unknown
Tomás Chávez Vega [CL],Unknown
Marcelo Silva [BR],Unknown
Rafael Raffoul Arabi [BR],Unknown
Andréa Arakaki [BR],Unknown
tiago rezende [BR],Unknown
Hanako Misuki Taguchi [BR],Unknown
Pedro Turra [BR],Unknown
Sergio Junior [BR],Unknown
Gustavo Oliveira [BR],Unknown
Marcelo Cansian [BR],Unknown
Adriano Mazzarolo [BR],Unknown
Farleib Cuba [PE],Unknown
Daniel Furucho [BR],Unknown
Felipe Solís [CL],Unknown
Mariana Henriques [BR],Unknown
Anthony Ribeiro [BR],Unknown
Hugo Estrella [BR],Unknown
Vitor Castro [BR],Unknown
Kauê Souza Senna [BR],Unknown
Victor Martins [BR],Unknown
jose tomas Barros Jimenez [CL],Unknown
Leonardo Soares [BR],Unknown
Thiago Lippel de Araujo [BR],Unknown
Vincent Quiroz [CL],Unknown
Pedro Neves [BR],Unknown
Julio Montalvão [BR],Unknown
José Manuel Ramírez Campos [CL],Unknown
Failon Sousa [BR],Unknown
Matias Lagarde [AR],Unknown
Thais Steinbach [BR],Unknown
Eduardo Romanelli [BR],Unknown
Daniel Spoladore [BR],Unknown
Christyan Clink [BR],Unknown
Rafael Dias Eto [BR],Unknown
Rodrigo Cerda [CL],Unknown
Lucas Reis [BR],Unknown
Felipe Huang [BR],Unknown
Vinicius de Carvalho [BR],Unknown
Facundo Figoli [AR],Unknown
Miguel Venegas [CL],Unknown
Stefany Simoes [BR],Unknown
Miguel Freddy [BR],Unknown
Willian da Silva Santos [BR],Unknown
adilson junior [BR],Unknown
Felipe Natarelli [BR],Unknown
Johan Cipriano [BR],Unknown
Rafael Koakutsu [BR],Unknown
José Burgue [BR],Unknown
Luis Pedro Ferrari Esbadalate [BR],Unknown
Cristiano Silva [BR],Unknown
Pedro Bandeira [BR],Unknown
Vitor Kusunoki [BR],Unknown
William Almeida Proença [BR],Unknown
Gabriel Eduardo Reiter [BR],Unknown
Henrique Blézins [BR],Unknown
Luiz Paulo Ferreira de Alcantara [BR],Unknown
Hugo Fernandes [BR],Unknown
DANIEL ANDRADE JUNIOR [BR],Unknown
Luis Calzado [BR],Unknown
Cleber Feltrin [BR],Unknown
Pablo Leiva [CL],Unknown
JOAO RAMOS [BR],Unknown
Augusto Quirino [BR],Unknown
Roger Coudounarakis [BR],Unknown
Hermano jose Santos duarte [BR],Unknown
Christian Martins [BR],Unknown
Fabio Manoel [BR],Unknown
Mateus Moura [BR],Unknown
Paulo Honorio Reis [BR],Unknown
Renan Figueiras [BR],Unknown
Igor Gonçalves Ribeiro [BR],Unknown
jhonattan marques [BR],Unknown
João Teixeira [BR],Unknown
Wesley Vieira [BR],Unknown
Jessica Brizzante Dias [BR],Unknown
Marlon Callonti [BR],Unknown
Christian Badenas [AR],Unknown
Raphael Branco [BR],Unknown
Henrique Yassunaga [BR],Unknown
Luis Alberto Coimbra Junior [BR],Unknown
Guilherme Manganelli da Cunha [BR],Unknown
Marcelo Aaron Sabia [BR],Unknown
Carlos Bolívar [CL],Unknown
Gabriel Matsuda [BR],Unknown
Marina Sabatke [BR],Unknown
Arthur Martinez [BR],Unknown
Rafael Weiss [BR],Unknown
Guillermo García [UY],Unknown
Marcos Barreto [BR],Unknown
Caio Venticinque [BR],Unknown
Pablo Lizama [CL],Unknown
Giulia Ayumi [BR],Unknown
Matheus Menegol [BR],Unknown
Frederico Guanais [BR],Unknown
Antony Mizukami [BR],Unknown
Phelipe Diogo Gagliardo [BR],Unknown
Li Yiu Kang [BR],Unknown
Davi Gonçalves de Pontes [BR],Unknown
Edwin Rodriguez [BR],Unknown
Guilherme Amorim da Silva [BR],Unknown
felipe william [BR],Unknown
Augusto Ribeiro Jardim [BR],Unknown
Gustavo Henrique Santos Silva [BR],Unknown
André Duarte [BR],Unknown
Nicolás Bernales [CL],Unknown
Matheus Chaparim [BR],Unknown
cicero marcelo rivas torres [BR],Unknown
Raphael Dantas [BR],Unknown
Matheus Santana Quintino [BR],Unknown
Jeferson Ferreira da silva [BR],Unknown
Luan Oliveira [BR],Unknown
Marcelo Pacaje [CL],Unknown
Gabriel Massaroth [BR],Unknown
Ramon Duarte [BR],Unknown
Wesley Dantas [BR],Unknown
Philipp Farnetani Friedrich [BR],Unknown
Rafael Neubern de Souza [BR],Unknown
Fernando Carvalho [BR],Unknown
José Antônio Da Silva Junior [BR],Unknown
Rodrigo Ribeiro Conceição [BR],Unknown
Airton Brandt Junior [BR],Unknown
Nicoly Souza [BR],Unknown
Daniel Santos [BR],Unknown
Victor hugo Pasqualino de Carvalho [BR],Unknown
Luigi Braga [BR],Unknown
Matheus Gomes [BR],Unknown
Daniel Lizo [BR],Unknown
Lucas Paglia [BR],Unknown
Nicolas Piquerez [UY],Unknown
Vinicius Augusto Gomes [BR],Unknown
Monica Pereira [BR],Unknown
Thales Godinho [BR],Unknown
Vinícius Besson Lima [BR],Unknown
Felipe Oriente [BR],Unknown
daniel aparecido carrinho fernandes [BR],Unknown
Maria Luiza Pereira [BR],Unknown
Diego Leonardo [BR],Unknown
Eduardo Castilho Souza [BR],Unknown
Murilo Lima Camargo [BR],Unknown
Patryck Lopes [BR],Unknown
Paulo Cesar Moraes Filho [BR],Unknown
Giovanna Pinheiral [BR],Unknown
Jamille Alves da Silva [BR],Unknown
Gabriel Marchi [BR],Unknown
Gabriel Bomfim [BR],Unknown
Kallil Hanna [BR],Unknown
Gabriel Pino Semedo [BR],Unknown
Diego Santana [BR],Unknown
Lucas Funada [BR],Unknown
Flavio Henriques Soares [BR],Unknown
Rodolfo Ferreira [BR],Unknown
Aderbal Sabrá [BR],Unknown
Juliana Alves Marques [BR],Unknown
Rodrigo Torres [BR],Unknown
Marcelo Fraga [BR],Unknown
Pedro Mallet [BR],Unknown
Gabriel Medeiros [BR],Unknown
Caio Vinicius Ghisellini [BR],Unknown
Danilo Mendes Ferreira [BR],Unknown
FILIPE SANTOS [BR],Unknown
Arthur Grecchi [BR],Unknown
Daniel Cardoso [BR],Unknown
Amanda Bravo [BR],Unknown
Matheus Silveira [BR],Unknown
Luiz Vila [BR],Unknown
Felipe Lima [BR],Unknown
Rodrigo Ciulla [BR],Unknown
Werick Santos [BR],Unknown
Gabriel Isaac da Silva [BR],Unknown
João Zago [BR],Unknown
Vitor Tatsumi [BR],Unknown
Christian Medeiros [BR],Unknown
Davi Luiz [BR],Unknown
Ramon Lemes da Silva [BR],Unknown
Henrique Reis do Barco [BR],Unknown
Marllon Felipe [BR],Unknown
Thiago S Ribeiro [BR],Unknown
Marcio Asenjo [BR],Unknown
Rodrigo Ramos [BR],Unknown
André Yang Chung [BR],Unknown
Jhonattan Nascimento [BR],Unknown
Deyvide Lima de Melo [BR],Unknown
Pedro vianna [BR],Unknown
João Gabriel [BR],Unknown
Israel Escorizza [BR],Unknown
Artur Santos [BR],Unknown
Lucas Zaniboni [BR],Unknown
Marcus Antonio Barbosa dos Reis [BR],Unknown
Diogo Aleixo [BR],Unknown
Lucas de Carvalho [BR],Unknown
Darlan Silva [BR],Unknown
Alexandre RIBEIRO [BR],Unknown
Manuel Collazos [PE],Unknown
Rafael Prado [BR],Unknown
Marcus Svidzinski [BR],Unknown
Daniela Henriquez Zuanic [CL],Unknown
Dennis Aguilera da Costa Garcia [BR],Unknown
João Bergamini [BR],Unknown
Jefferson Alves da Silva [BR],Unknown
RENAN GOMES [BR],Unknown
Alberto Hiratsuka [BR],Unknown
Noé Gajardo Cid [CL],Unknown
Danielle Ferreira [BR],Unknown
Lucas Leonardo Pompeo Alves [BR],Unknown
Felipe Herrera [BR],Unknown
Luiz Filipe Mestrinel Binotti [BR],Unknown
Carlos Eduardo Vieira [BR],Unknown
Igor Feghali [BR],Unknown
Fernando Falquetto,Unknown
Eduardo Battendieri [BR],Unknown
Zheng Liang [CL],Unknown
Brandow Caires [BR],Unknown
Jefferson Bando [BR],Unknown
Brandon Gutierrez [CL],Unknown
Eduardo Nascimento [BR],Unknown
Gustavo da Picirilo [BR],Unknown
Sergio Filho [BR],Unknown
Augusto Abranches Tomé [BR],Unknown
Marco Guzman [CL],Unknown
Khriztian Bastias [BR],Unknown
Nelson Mastrangelo albertoni [BR],Unknown
Antonio Ferreira Neto [BR],Unknown
Gustavo Augusto [BR],Unknown
Jardel Artiman Cruz [BR],Unknown
Lucas Thuler [BR],Unknown
carlos vieira [BR],Unknown
Thiago Sant Helena [BR],Unknown
João Nobre [BR],Unknown
Yalace de Souza Marques [BR],Unknown
Leandro Zago [BR],Unknown
Ivan Anselmo [BR],Unknown
Bruno Gali [BR],Unknown
lucas rocha [BR],Unknown
DANIEL MARCOS [BR],Unknown
Matheus Morato [BR],Unknown
pedro henrique gonzales [BR],Unknown
Julio Migliari [BR],Unknown
Felipe Rodrigues [BR],Unknown
Mateus Otero [BR],Unknown
Aurelio Miguel de Oliveira [BR],Unknown
Yago Marcon [BR],Unknown
Edson Vinicius [BR],Unknown
Juan Martín Bravo [AR],Unknown
Jean Duarte [BR],Unknown
Luis Felipe Abrame de Camargo [BR],Unknown
João Vitor De Sá Medeiros Santos [BR],Unknown
Pedro Pasqualini de Andrade [BR],Unknown
Valentina Espinoza Wolleter [CL],Unknown
Arthur Finardi de Souza e Silva [BR],Unknown
Pedro Paulo Zeuli Rio [BR],Unknown
Thales Andrade [BR],Unknown
Guilherme Munegato [BR],Unknown
Alberto Timóteo [BR],Unknown
Samuel Vinicius Ramos [BR],Unknown
Gabriel Modesto [BR],Unknown
Jenifer Aya Okazuka [BR],Unknown
Ricardo Stuwart Tenenbaum [BR],Unknown
Eduardo Paixão [BR],Unknown
Wesley Mario Barbosa [BR],Unknown
Pedro Librelato [BR],Unknown
Rodrigo Mendes [BR],Unknown
Renato Araujo [BR],Unknown
Thiago Silva [BR],Unknown
Enzo Mosso Carneiro [BR],Unknown
Antônio Cardoso [BR],Unknown
Christopher Chelis [BR],Unknown
Bruno De Lucena [BR],Unknown
Luana Rodrigues [BR],Unknown
Rafael Rocha [BR],Unknown
GABRIEL DA ROCHA [BR],Unknown
Hector Reyes [CL],Unknown
Carlos Henrique Marques [BR],Unknown
Rodrigo Miranda [BR],Unknown
Diego Fernandes Cosme [BR],Unknown
Diego Viamonte [BR],Unknown
Victor Silva [BR],Unknown
Bruno Luis Orozimbo Quinteiro Leda [BR],Unknown
Sarana Alves [BR],Unknown
Felipe Nakata [BR],Unknown
Guilherme Leite [BR],Unknown
Victor Carvalho [BR],Unknown
Wilson Pizzonia [BR],Unknown
Raphael Henrique Cardoso [BR],Unknown
Francisco Javier Contreras Villa [CL],Unknown
Vinicius Santos [BR],Unknown
Jhonathan Fernandes Komiyama [BR],Unknown
Anderson Marcelino [BR],Unknown
Lucas Sales Oliveira [BR],Unknown
LEANDRO COSTANZI [BR],Unknown
Julio Cesar Lima Santos [BR],Unknown
Alessandro Bueno [BR],Unknown
Ingrid Paiva dos Santos [BR],Unknown
Jorge Pacheco [CR],Unknown
Emmanuel Rodrigues [BR],Unknown
FELIPE MOREIRA [BR],Unknown
Carlos Henrique de Araujo Bellini [BR],Unknown
Carlos Barros [BR],Unknown
Vickytor Costa [BR],Unknown
Gabriel Vinícius dos Santos [BR],Unknown
Arlan Lima [BR],Unknown
Bruno Rosa [BR],Unknown
Atila Augusto [BR],Unknown
Lucas Oliveira [BR],Unknown
Gabriel Turri [BR],Unknown
Lucas Nepomuceno [BR],Unknown
Lucas Sena Machado [BR],Unknown
Ralph Morais [BR],Unknown
WAGNER KANASHIRO [BR],Unknown
FLAVIO SOARES [BR],Unknown
Augusto Lespier [BR],Unknown
Daniel Prado [BR],Unknown
Julio Cesar de Amorim Francelino [BR],Unknown
Francielle Bolsok [BR],Unknown
NIKHOLAS CANDIDO [BR],Unknown
Raquel Zirpoli [BR],Unknown
Alejandro Avendaño [CL],Unknown
João Pedro do Couto Caetano [BR],Unknown
Leonardo Costa [BR],Unknown
André Ruza [BR],Unknown
Gustavo Mendrot Andrade [BR],Unknown
João Guilherme de Peder Viana [BR],Unknown
Paulo Chehadi [BR],Unknown
Bruno Leonardo da Silva [BR],Unknown
Manuela Ribeiro [BR],Unknown
Julio Campos [BR],Unknown
Rafael Kenmotsu [BR],Unknown
Ronaldo Takata [BR],Unknown
André Cristiano da Cunha [BR],Unknown
Enzo Benedetti [BR],Unknown
Victor Tanigushi [BR],Unknown
Rodrigo verzini [BR],Unknown
Gabriel Mateo Salinas [CL],Unknown
João victor Conforto zambon [BR],Unknown
Fernando Maia Noronha [BR],Unknown
Renan Paiva [BR],Unknown
Gabriel Moreno [BR],Unknown
RAFAEL LEAO DE CASTILHO [BR],Unknown
Daniel Ribeiro [BR],Unknown
Heitor Oliveira [BR],Unknown
Taynã Berloffe [BR],Unknown
Eder Nascimento [BR],Unknown
Laura Webber Alves [BR],Unknown
Luiz Cosme Puppin Magalhaes [BR],Unknown
Danilo Onishi [BR],Unknown
Manoel Marques [BR],Unknown
Ayrton Gati [BR],Unknown
Daniela Midori Furusio Gallardo [BR],Unknown
Pedro Donnangelo [BR],Unknown
Bernardo José Santos [BR],Unknown
Henrique Barbosa [BR],Unknown
Rafael Ferreira [BR],Unknown
Rafael Amazonas [BR],Unknown
Caio Coimbra Paduano Pereira [BR],Unknown
Hirvin Faria [BR],Unknown
Felipe de Oliveira [BR],Unknown
Adriano Kanazawa [BR],Unknown
Davi dogliotti [BR],Unknown
Denis Cesar [BR],Unknown
Vicente Ibarra [CL],Unknown
Victor Hugo Sampa Hamaguti [BR],Unknown
Hugo Durães [BR],Unknown
Ricardo Ferreira [BR],Unknown
Bruno Ribeiro [BR],Unknown
Daniella De Moura Fernandes Trindade [BR],Unknown
Guilherme Fonseca [BR],Unknown
Pedro de Mattos [BR],Unknown
Ycaro Dos Santos Della Libera [BR],Unknown
Luciano Passos [BR],Unknown
Vitor Takata [BR],Unknown
Douglas Araujo [BR],Unknown
Erico Lotufo [BR],Unknown
Pedro Daher [BR],Unknown
Rodrigo Zerbini [BR],Unknown
>ST04< ricardo kuttert [BR],Unknown
Theo Thadeu Vita Calegari [BR],Unknown
Pedro Siqueira [BR],Unknown
Vinicius Guilherme Vaz Leitão [BR],Unknown
Otavio Chanes [BR],Unknown
GEORGE DA SILVA [BR],Unknown
Enio Junior [BR],Unknown
Fulvio Simionato [BR],Unknown
Tiago Marins Amaral [BR],Unknown
Davi Corrêa de Oliveira [BR],Unknown
Gabriel Teodoro Adriano [BR],Unknown
Guilherme Bulhmann [BR],Unknown
Mauricio Siqueira [BR],Unknown
Tuane Perez de Sousa [BR],Unknown
Guilherme Souza Silva [BR],Unknown
Rafael Zaccharias do Prado [BR],Unknown
Nickson Della Giustina [BR],Unknown
Paulo Toledo [BR],Unknown
Guilherme Chaves [BR],Unknown
Claython Oliveira [BR],Unknown
Augusto Sergio Dantas Monsores [BR],Unknown
Diego Rodrigo Silva [BR],Unknown
Vinicius Loureiro [BR],Unknown
Diego Rodrigues [BR],Unknown
Igor Marques de Castro [BR],Unknown
alex douglas pereira junior [BR],Unknown
Gabriel Massayuki Lima [BR],Unknown
Bruno Miguel de Jesus [BR],Unknown
Paulo Bezerra [BR],Unknown
Guilherme Ferreira [BR],Unknown
Pedro Costa [BR],Unknown
Rafael Darezzo [BR],Unknown
Brunno Bomfim [BR],Unknown
Carlos Kobayashi [BR],Unknown
Mario Alves [BR],Unknown
Andre Gnipper [BR],Unknown
Jonathan Santos [BR],Unknown
Vinicius Pazian [BR],Unknown
Robson Fernando Raymundo [BR],Unknown
Christiano Carchereri [BR],Unknown
TIAGO ROCHA GOMES [BR],Unknown
Pedro Araujo [BR],Unknown
Douglas Minobu [BR],Unknown
Artur Francisco da Silva Neto [BR],Unknown
Diego Bastos [BR],Unknown
Thiago Ferreira [BR],Unknown
Pedro Thiesen Schiochet [BR],Unknown
Vinicius Azisaka [BR],Unknown
Lívia Castioni [BR],Unknown
ALLAN HENRIQUE [BR],Unknown
Gabriel Monzani Tavares [BR],Unknown
Benja Vasquez [CL],Unknown
DIMAS NETO [BR],Unknown
Rafael BROGGIO [BR],Unknown
Mauro Ladeia Filho [BR],Unknown
Josefa Eugenin [CL],Unknown
Gustavo Luz [BR],Unknown
Aguivaldo Muller [BR],Unknown
Diego Glovackis de Oliveira [BR],Unknown
Guilherme Ribas [BR],Unknown
Marlon Resende [BR],Unknown
Gabriel Campana Fonseca [BR],Unknown
Vinicius Souza [BR],Unknown
João Guilherme Bragaia [BR],Unknown
weslen brandão [BR],Unknown
Sergio Carvalho [BR],Unknown
Paulo Anderson [BR],Unknown
Murilo Beraldo [BR],Unknown
Lucas Fávero Sanches [BR],Unknown
Matheus Vasconcellos [BR],Unknown
Luiz Gonzales [BR],Unknown
Rafael Apolinário Alves [BR],Unknown
Julio Graça [BR],Unknown
Alexandre Mazarin Bakanovas [BR],Unknown
Danilo Bezerra silva [BR],Unknown
Rodolfo Silva [BR],Unknown
Alexandre Souza [BR],Unknown
Ricky Chow [BR],Unknown
Alexandre Schiller [BR],Unknown
Mateus Moreno [BR],Unknown
Acácio S. Souza [BR],Unknown
Bruno Costa [BR],Unknown
Caio Kawasaki [BR],Unknown
G. Ferreira [BR],Unknown
Bruno Almeida [BR],Unknown
Bruno Lemos [BR],Unknown
Carlos Simões [BR],Unknown
Bruno Vianna [BR],Unknown
Carolina Cavallari [BR],Unknown
Pedro Miani [BR],Unknown
Alexandre Hirao [BR],Unknown
Daniel Santana [BR],Unknown
Gustavo Felisberto De Oliveira [BR],Unknown
Jéssica Targino [BR],Unknown
Brian lehi de Almeida [BR],Unknown
Victor Lima [BR],Unknown
Emily Amancio [BR],Unknown
Miguel Durans [BR],Unknown
Bruno Beduscki [BR],Unknown
Marcelo Desidério [BR],Unknown
Matheus Silva de Oliveira [BR],Unknown
Herykson Gomes [BR],Unknown
Leandro Timoteo [BR],Unknown
Pedro Henrique Santos [BR],Unknown
Deisiane Verzini Ribeiro [BR],Unknown
Jéssica Pereira [BR],Unknown
Thomaz Vieira [BR],Unknown
Daniela Bispo de Araujo Lima [BR],Unknown
Igor Zuchini [BR],Unknown
Beatriz Vitória Santos Alves [BR],Unknown
Érika Ferreira [BR],Unknown
Pedro Carvalho [BR],Unknown
marcelo almeida [BR],Unknown
Maurício Bruno Lamounier Lopes Ramos [BR],Unknown
Gabriela Branco [BR],Unknown
Daiyo Uema [BR],Unknown
Francisco Sousa [BR],Unknown
gustavo urso [BR],Unknown
Marcos Nascimento [BR],Unknown
Bianca Karpfenstein [BR],Unknown
"Gabriel ""Zen"" Henrique [BR]",Unknown
Matheus Oliveira [BR],Unknown
Evandro Costa [BR],Unknown
Bruno Alves Arruda [BR],Unknown
Arthur Victor Monteiro Silva [BR],Unknown
GABRIEL FREUA [BR],Unknown
Luis Morales [BR],Unknown
Bruno Marconato [BR],Unknown
Matheus Medeiros Ferreira [BR],Unknown
Fernando Gimenes [BR],Unknown
Fernando Mazarin [BR],Unknown
william silveira [BR],Unknown
Bruno Colisse [BR],Unknown
Caio Navarro [BR],Unknown
Gabriel Campelo [BR],Unknown
pedro vieira [BR],Unknown
Janosh Kaiser [BR],Unknown
Raul Neto [BR],Unknown
Tiago Dias [BR],Unknown
Luísa Aguiar [BR],Unknown
Gustavo Lima [BR],Unknown
Julio Cesar Quaresma [BR],Unknown
Priscila Nagae [BR],Unknown
Gilson Liba Junior [BR],Unknown
Alvaro Grecchi [BR],Unknown
Ana Carolina Nascimento Santos [BR],Unknown
Thiago Segatto [BR],Unknown
Natália dos Santos Silva [BR],Unknown
Vitor Morais [BR],Unknown
Artur Ramos [BR],Unknown
Renata Pacheco [BR],Unknown
ANDRE CABRAL [BR],Unknown
Gustavo Dias [BR],Unknown
Kaue Hiroshy [BR],Unknown
João Vinícius Bezerra Fonseca [BR],Unknown
Marcos Vinicius Rezende Silva [BR],Unknown
Bruno Rodrigues Soares [BR],Unknown
DIEGO BIANCHI [BR],Unknown
Fábio Henrique Andrade Silva [BR],Unknown
João Victor Pessoa Barreiros [BR],Unknown
david vieira [BR],Unknown
Vinicius Toniatto [BR],Unknown
João Alves [BR],Unknown
Luis Eduardo Oliveira de Lima [BR],Unknown
Luisa Rossetto [BR],Unknown
GABRIEL MARTINS IRICEVOLTO [BR],Unknown
Fabricio Arenas Silva [BR],Unknown
Vitor Kleindinst Figueiredo [BR],Unknown
Marcos Felipe Rios Rosa [BR],Unknown
Mário Yamamoto [BR],Unknown
Marcelo Antonio Turra [BR],Unknown
Daniel Herrera [BR],Unknown
Lucas Alkmim Souza [BR],Unknown
Filipe Rafael Salvetti Nunes [BR],Unknown
Marcel Fernandes Ikeda [BR],Unknown
Cauan Oliveira [BR],Unknown
Nitish Doolub [UK],Unknown
Ray Neto [BR],Unknown
Marlon Alexandre Borges [BR],Unknown
Henrique Andrade [BR],Unknown
Camila Pastro [BR],Unknown
Lucas Izabo [BR],Unknown
Alexander Marques Avistá [BR],Unknown
Marina Barcellos [BR],Unknown
Ana Livia Mendes Gomes [BR],Unknown
Vitor Padovani [BR],Unknown
Gustavo Pires [BR],Unknown
Victor De Oliveira de Nogueira Rodrigues [BR],Unknown
Leticia Fernandes [BR],Unknown
Juliano De Nardi [BR],Unknown
Nickolas Fulgencio [BR],Unknown
Thales Freire Cavalcante farias [BR],Unknown
Marco Martins [BR],Unknown
Daniel Nogueira [BR],Unknown
Otávio Aguiar [BR],Unknown
Murillo Avila [BR],Unknown
Eduardo Kenji [BR],Unknown
Andrew Ariel dias [BR],Unknown
Rodrigo Arita Grom [BR],Unknown
Gustavo Soares [BR],Unknown
Vitor Akira Kawashima [BR],Unknown
Guilherme Aprigio [BR],Unknown
Thiago Perretti Leite [BR],Unknown
Anderson Rosa [BR],Unknown
André Silva [BR],Unknown
Tiago Fernandes [BR],Unknown
Thiago Cairo [BR],Unknown
Gedson Ferreira [BR],Unknown
Luiz Gustavo Bianchi [BR],Unknown
Messias Felipe Lessa Alves [BR],Unknown
Admir Toscano [BR],Unknown
reginaldo neto [BR],Unknown
Andrew Zacatei [BR],Unknown
Lucas Marques [BR],Unknown
Mauricio Coser [BR],Unknown
Giovani Andrade [BR],Unknown
Hans Meiss Germinari [BR],Unknown
Gabriel Gomes [BR],Unknown
Gustavo Roberto Camargo de Araújo [BR],Unknown
Eduardo Miranda de Lucena [BR],Unknown
Fabricio Modesto [BR],Unknown
Joaquim Postal [BR],Unknown
Crisóstomo Dias [BR],Unknown
Guilherme Moriya Xavier [BR],Unknown
Daniel Sadao Shirabe [BR],Unknown
Bruno Guedes [BR],Unknown
Nuno Farias [BR],Unknown
Francisco Bruno Silva Sousa [BR],Unknown
Eduardo Henrique de Souza Albuquerque [BR],Unknown
Christian Bernini [BR],Unknown
Rafael Revadam [BR],Unknown
Tiago N Silva [BR],Unknown
Lucas Hideo Era [BR],Unknown
Hugo Leonardo Rosa Cunha [BR],Unknown
Marcel Okano [BR],Unknown
Sergio Paik [BR],Unknown
Bruno Lopes [BR],Unknown
Antonio Domingues [BR],Unknown
Renan Machado [BR],Unknown
MATHEUS TAFURI [BR],Unknown
Fernando Barbosa [BR],Unknown
Felipe Silva [BR],Unknown
Lucas Mizukosi [BR],Unknown
Vitor Muller [BR],Unknown
Murilo Landim [BR],Unknown
Everton Almeida [BR],Unknown
Marcela Antunes [BR],Unknown
Eder Masahiko Namihira [BR],Unknown
Isaque Mesquita [BR],Unknown
Thiago Ruan Fernandes [BR],Unknown
Leandro Tateishi [BR],Unknown
Thiago Fonseca [BR],Unknown
Nikollye Arita Grom [BR],Unknown
Gustavo Piatto Lopes [BR],Unknown
Guilherme Ryuta Ojima Takashi [BR],Unknown
NICHOLAS JUN DE TOLEDO [BR],Unknown
Marco Pinheiro [BR],Unknown
Lorenzo Ismael [BR],Unknown
RAFAEL FERNANDES [BR],Unknown
Gustavo Dantas [BR],Unknown
Augusto Piovesan [BR],Unknown
Igor Araujo [BR],Unknown
Yasmin Menezes [BR],Unknown
vitor n i tagudi [BR],Unknown
Felipe Alcino Luiz [BR],Unknown
Stewart Prata [BR],Unknown
Tiago Saliba [BR],Unknown
Norran Hirayama [BR],Unknown
Rafael Fuchs [BR],Unknown
Leonardo Oliveira [BR],Unknown
Raphael Sabetta [BR],Unknown
Adão Nunes [BR],Unknown
Kelly Alves Vieira de Paula [BR],Unknown
Diego Paulo [BR],Unknown
Paloma Duarte do Nascimento [BR],Unknown
Luann Kenji [BR],Unknown
Clayton Cardoso [BR],Unknown
Rafael Vichiato [BR],Unknown
Henrique Batista [BR],Unknown
Fernanda Weisheimer [BR],Unknown
>ST03< Alessandra Santori [BR],Unknown
Alexandre Cunha de Oliveira [BR],Unknown
RENATA SOARES [BR],Unknown
Matheus Luiz da Silva [BR],Unknown
Deivid Lucas Martins [BR],Unknown
Yasmin Cipelli [BR],Unknown
Joao Paulo Oliveira [BR],Unknown
Guilherme Ito [BR],Unknown
Lucas Cinelli Lenza [BR],Unknown
Rodrigo Schiavo [BR],Unknown
Hyago Albuquerque [BR],Unknown
Vitoria Mialski [BR],Unknown
João Vitor Fernandes Silveira [BR],Unknown
Vitor Viveiros [BR],Unknown
Rodrigo Nakabori [BR],Unknown
Danilo Castro de Assis [BR],Unknown
Winston Chiba [BR],Unknown
Vinícius Arêde [BR],Unknown
Paulo Henrique Santos [BR],Unknown
Claudinei Oliveira [BR],Unknown
Lucas de Carvalho Rodrigues da Silva [BR],Unknown
Giovanne Ferreira [BR],Unknown
Paulo Sérgio Dias de Almeida [BR],Unknown
Felipe Rozante [BR],Unknown
Matheus Costa [BR],Unknown
Jaine Silva [BR],Unknown
Guilherme Santos [BR],Unknown
André Sete [BR],Unknown
César Luan Santos [BR],Unknown
Rodrigo Valandro Sevaroli [BR],Unknown
Tiago Oliveira [BR],Unknown
Alexandre Martha Fuzari [BR],Unknown
Guilherme Henrique Fedel [BR],Unknown
Ed Bernardes [BR],Unknown
Lucas Garrido [BR],Unknown
David Prieto [BR],Unknown
Bruno Silva [BR],Unknown
Gustavo Procopio [BR],Unknown
Renato Zeni Pessoa [BR],Unknown
Nelson Junior [BR],Unknown
