Aarni Karjala [FI],Charizard Pidgeot
Öjvind Svinhufvud [FI],Charizard Pidgeot
Matěj Nesvadba [CZ],Palkia
Nathan Doyle [IE],Gardevoir ex
Mads Jensen [DK],Dragapult Iron Thorns
Owyn Kamerman [NL],Gholdengo ex
Robin Schulz [DE],Klawf Terapagos
Antoine Boulay [FR],Gholdengo ex
Patrik Holler [CZ],Dragapult Dusknoir
David Walerian Rzepka [DE],Charizard Pidgeot
Matthew Houtput [BE],Gardevoir ex
Alex Bortolini [IT],Regidrago VSTAR
Jari Honraedt [BE],Klawf Terapagos
Simone Canziani [IT],Roaring Moon ex
Janek Jagiełło [PL],Charizard Pidgeot
Nicolai Stiborg [DK],Snorlax Stall
Caroline Ferino [FR],Roaring Moon ex
heddi Brahmi [FR],Regidrago VSTAR
Patrik Bartošovič [CZ],Klawf Terapagos
Tord Reklev [NO],Regidrago VSTAR
Tapio Ikonen [FI],Klawf Terapagos
Bartosz Bialik [PL],Regidrago VSTAR
Simone Veronese [IT],Klawf Terapagos
Aleksi Jäntti [FI],Charizard Pidgeot
Lewis Roach [UK],Regidrago VSTAR
Liliana Imrichová [SK],Lost Zone Box
Nico Alabas [DE],Klawf Terapagos
Maximilian Müller [DE],Dragapult Dusknoir
David Marel [CZ],Regidrago VSTAR
Juho Kallama [FI],Klawf Terapagos
Enzo DUVAL [FR],Archaludon ex
Daniel Powell [UK],Terapagos Dusknoir
Carlo Antonio del Vescovo [IT],Klawf Terapagos
Roberto Divano [IT],Lost Zone Box
Yoann Barszezak [FR],Regidrago VSTAR
Manuel Jorach [AT],Charizard Pidgeot
Sebastian Uziuk [PL],Gholdengo ex
Nicolas Darge [DE],Charizard Pidgeot
Christian Graziano [IT],Klawf Terapagos
Ethan Wilde [UK],Archaludon ex
>TCG-ST3>Alexander Krauß [DE],Unknown
Alberto Conti [IT],Regidrago VSTAR
Kevin Dierks [DE],Lugia Archeops
Francesco Pasquale Caterino [IT],Roaring Moon ex
Brennan Kamerman [NL],Lost Zone Box
Vincent Fatunz [DE],Charizard Pidgeot
Nicolò Castignoli [IT],Gholdengo ex
Bas Juffer [NL],Roaring Moon ex
Marcel Coucouvis [DE],Banette Gardevoir
Yang SHI [FR],Roaring Moon ex
Tetsu Watanabe [IT],Charizard Pidgeot
Philipp Leciejewski [DE],Regidrago VSTAR
Gino Pili [NL],Charizard Pidgeot
Ricki Madsen [DK],Dragapult Iron Thorns
Daniel Brunsch [DE],Lugia Archeops
Jesper S.H Eriksen [DK],Klawf Terapagos
Thibault Delahaye [FR],Roaring Moon ex
Kristian Hodas [SK],Regidrago VSTAR
Julius Brunfeldt [FI],Regidrago VSTAR
Elias Haremsa [DE],Terapagos Dusknoir
Emma Hagen [NO],Pidgeot Control
Max Schlehaider [DE],Klawf Terapagos
Gino Meister [CH],Terapagos Dusknoir
Alessandro Bax [IT],Pidgeot Control
Finn Schleusner [DE],Snorlax Stall
Phillip Linney [CZ],Charizard Pidgeot
Andrea Mario Schroder [IT],Lugia Archeops
Alessandro Frenda [IT],Terapagos Dusknoir
Oscar Madsen [DK],Klawf Terapagos
Andrea Zamboni [IT],Miraidon ex
Patryk Róg [PL],Charizard Pidgeot
Dario Scarnò [IT],Regidrago VSTAR
Leon Thiemann [DE],Snorlax Stall
Kevin Kitzig [DE],Miraidon ex
Stéphane Ivanoff [FR],Terapagos Dusknoir
Raúl Méndez Horcas [ES],Other
Victor ZHAO [FR],Charizard Pidgeot
Luke Burke [UK],Lost Zone Box
Ondřej Škubal [CZ],Regidrago VSTAR
Riccardo Coviello [IT],Ancient Box
Alex Lonnecker [UK],Regidrago VSTAR
Matteo Zappalá [IT],Terapagos Dusknoir
Jaden Berberich [DE],Charizard Pidgeot
FABIEN Pujol [FR],Terapagos Dusknoir
Alessandro Cremascoli [IT],Other
Patrick Landis [CH],Terapagos Dusknoir
Jimmy Hoang [DK],Dragapult Iron Thorns
Dominik Wiśniewski [PL],Miraidon ex
Kilian Barth [DE],Pidgeot Control
Nicholas Forsinetti [IT],Ancient Box
Baverel Thomas [FR],Charizard Pidgeot
Matteo Pasqual [IT],Roaring Moon ex
Uffe Axelsen [DK],Klawf Terapagos
Alberto Benvenga [IT],Archaludon ex
Tobias Gervin [IE],Raging Bolt Ogerpon
Eric Walther [DE],Roaring Moon ex
Gilles Heyndrickx [BE],Gardevoir ex
Joe Bernard [UK],Miraidon ex
Kaya Lichtleitner [DE],Terapagos Dusknoir
Sergey Shish [DE],Roaring Moon ex
Andrea Stranieri [IT],Klawf Terapagos
Rahul Reddy [US],Klawf Terapagos
Christian Fontenot [DK],Klawf Terapagos
Joshua Galys [DE],Terapagos Dusknoir
Andrey Chaus [DE],Roaring Moon ex
Christoph Wiederker [DE],Roaring Moon ex
Patrick Döbelin [DE],Roaring Moon ex
Finn Looft [DE],Regidrago VSTAR
Alexander Sylvester [DE],Regidrago VSTAR
Bryan de Vries [NL],Regidrago VSTAR
Marek Stolarik [SK],Regidrago VSTAR
Gioele Reitano [DE],Charizard Pidgeot
Hermanni Hietalahti [FI],Klawf Terapagos
Florian Mansuy [FR],Regidrago VSTAR
Joram Eijkelhof [NL],Regidrago VSTAR
Hugo De Torres [ES],Regidrago VSTAR
Neddy Kosek [CZ],Other
Cem Kara [DE],Lugia Archeops
Mees Brenninkmeijer [NL],Terapagos Dusknoir
Andrew Elliott [UK],Archaludon ex
Thomas Becker [AT],Charizard Pidgeot
Luca Cavanna [IT],Archaludon ex
Michael Lilligreen [DE],Other
Cameron McDonald [UK],Regidrago VSTAR
Mario Guarino Mauriello [IT],Roaring Moon ex
Marcel Burri [CH],Gholdengo ex
Atilla Gedik [NL],Other
Darran Messom [UK],Miraidon ex
Luc Gantner [CH],Other
Tammo Hauft [DE],Raging Bolt Ogerpon
Arthur VINCENT [FR],Roaring Moon ex
Pascal Benesch [DE],Klawf Terapagos
Joah Wiegner [DE],Gardevoir ex
Mika Stange [DE],Regidrago VSTAR
Angelo De Domenico [IT],Roaring Moon ex
Dawid Andrzejewski [PL],Terapagos Dusknoir
Stefan Wolf [DE],Ancient Box
Lars Aquilino [LU],Regidrago VSTAR
Thomas Gaskill [UK],Charizard Pidgeot
Nerses Fatunz [DE],Snorlax Stall
Alexander Käppler [DE],Terapagos Dusknoir
Julius Kerkis [FI],Regidrago VSTAR
Antoine Betti [FR],Lost Zone Box
Marius Hinderberger [DE],Other
Marco Maccari [IT],Other
Daniel Rinaldi [IT],Dragapult Dusknoir
Markus Jakob [DE],Snorlax Stall
Ky Vong Nguyen [FR],Klawf Terapagos
Rastislav Turčan [SK],Klawf Terapagos
Alexis Molineau [FR],Regidrago VSTAR
Dennis Glath [DE],Gardevoir ex
Joshua Bausch [DE],Terapagos Dusknoir
Alexander Deegener [DE],Ancient Box
Pim van Valkengoed [NL],Regidrago VSTAR
Ali Salame [DE],Lugia Archeops
Konsta Kallama [FI],Lugia Archeops
Giorgio Gatti [IT],Regidrago VSTAR
Luca Cuscito [IT],Raging Bolt Ogerpon
Alessandro Fusi [IT],Snorlax Stall
Georgios Kourtidis [DE],Terapagos Dusknoir
Kai Wainwright [UK],Charizard Pidgeot
Kim Pobega [IT],Regidrago VSTAR
Paul Shail [UK],Lost Zone Box
Vincent Jouare [FR],Lugia Archeops
Edwyn Mesman [NL],Terapagos Dusknoir
emmanouil vamvoukas [GR],Palkia
Jawad Chowdhury [UK],Charizard Pidgeot
miloslav posledni [CZ],Regidrago VSTAR
Leon Stakne [SI],Other
Daniel Magda [CZ],Other
Paul Myers [UK],Snorlax Stall
Heiko Meier [DE],Dragapult Dusknoir
Daniel Monticelli [IT],Dragapult Dusknoir
Sabrina Cugnier [FR],Iron Thorns ex
Tobias Ebert [DE],Ancient Box
Guillaume FLAMENT [FR],Klawf Terapagos
Domenico Corniola [NL],Dragapult Dusknoir
Niklas Domnik [DE],Lost Zone Box
Arthur Trutzschler [NL],Charizard Pidgeot
Timothy Cox [UK],Ancient Box
Bo Vinke [NL],Miraidon ex
Joshua Vanoverschelde [BE],Snorlax Stall
Jan Hausmann [DE],Other
Franck Mêlé [FR],Iron Thorns ex
Ye Wang Chen [IT],Terapagos Dusknoir
Alexandre Dubourg [FR],Klawf Terapagos
Sammy Weckx [BE],Terapagos Dusknoir
Thomas Launay [FR],Regidrago VSTAR
Oscar Juhle Lager [DK],Ceruledge ex
Carlo Bellello [IT],Gholdengo ex
Dan Coyne [UK],Raging Bolt Ogerpon
Matic Pirnat [SI],Regidrago VSTAR
Mattia Lorusso [IT],Lost Zone Box
Cynthia Scholtus [BE],Charizard Pidgeot
Anthony Argente [FR],Raging Bolt Ogerpon
Jack Chambers [UK],Lost Zone Box
Samuele Rosate [IT],Ancient Box
Michael Hunter [IE],Gardevoir ex
Christopher Oeltjendiers [DE],Raging Bolt Ogerpon
Matteo Haagen [DE],Pidgeot Control
Colin Mazur [AT],Raging Bolt Ogerpon
Koen Moors [NL],Klawf Terapagos
Tobias Freitag [DE],Other
Filip Mikulić [HR],Raging Bolt Ogerpon
Luke Doran [UK],Other
Zachary Bokhari [US],Klawf Terapagos
Piotr Orleański [PL],Lost Zone Box
Thomas Serra van limbeek [NL],Regidrago VSTAR
Luigi Petrozzi [IT],Roaring Moon ex
Bastian Sievert [DE],Other
mattia zoboli [IT],Klawf Terapagos
Nicolas GIRARDIN [FR],Regidrago VSTAR
Mustafa Citirak [DE],Gholdengo ex
Bo Zhao [UK],Other
Filippo Colamorea [IT],Regidrago VSTAR
Stepan Suchanek [CZ],Lost Zone Box
Fernando Karolys [EC],Raging Bolt Ogerpon
Friedrich Illbruck [DE],Other
William Huteau [FR],Iron Thorns ex
Tim Prins [NL],Dragapult Dusknoir
Jan Schäfer [DE],Other
Alex Donato [CH],Snorlax Stall
Alan Cattaneo [FR],Other
Maxence de Lussac [FR],Terapagos Dusknoir
Nico Wind [DE],Lost Zone Box
Elmar Tresp [DE],Charizard Pidgeot
Lukáš Novotný [CZ],Gholdengo ex
Ja Wahlster [DE],Ceruledge ex
Philip Huang [CH],Roaring Moon ex
Elia Perrone [IT],Snorlax Stall
Brent Coosemans [BE],Roaring Moon ex
Nikoline Pedersen [DK],Roaring Moon ex
Gergely Kis [HU],Other
Max van Leeuwen [NL],Miraidon ex
Vincenzo Seva [IT],Klawf Terapagos
Lennert De Clercq [BE],Klawf Terapagos
Andreas Deese [DE],Ancient Box
Joe Bates [UK],Lost Zone Box
Niklas Schäfer [DE],Charizard Pidgeot
Bastian Sellmaier [DE],Gardevoir ex
Ben Cook [UK],Raging Bolt Ogerpon
Romain CHAT [FR],Ancient Box
Joseph Philip [UK],Charizard Pidgeot
Robyn Wilkinson [UK],Lost Zone Box
Mathias Bøcker Jakobsen [DK],Dragapult Iron Thorns
Lautaro Soler [AR],Raging Bolt Ogerpon
sebastian pozzi [IT],Charizard Pidgeot
Federico Rossi [IT],Roaring Moon ex
Shpetim Keka [CH],Unknown
Niels Van Ravenzwaaij [NL],Archaludon ex
Ifet Dedic [DE],Ceruledge ex
Duncan van de ven [NL],Dragapult Dusknoir
Simone Lasaponara [IT],Roaring Moon ex
Quentin MATERNAT [FR],Raging Bolt Ogerpon
Marius Blumenthal [DE],Gholdengo ex
Lennart Timmers [NL],Miraidon ex
Manuel Vazquez [ES],Other
Gabor Van Meenen [DE],Other
Alexander Schlemmer [DE],Archaludon ex
Matteo Basilici [IT],Raging Bolt Ogerpon
Arne Van Braeckel [BE],Miraidon ex
Tom Stoffregen [DE],Klawf Terapagos
Mario Milano [BE],Other
Luigi Conte [IT],Klawf Terapagos
Quoc-Thai Ha [DE],Ceruledge ex
Stephen Chan [UK],Archaludon ex
Charlie Thompson [CA],Snorlax Stall
Guilhem Raucau [CH],Roaring Moon ex
Laurent Chhou [FR],Charizard Pidgeot
Philip Schulz [DE],Pidgeot Control
Nicola Sandri [IT],Raging Bolt Ogerpon
Fabio Battistella [IT],Charizard Pidgeot
Tobias Jung [DE],Raging Bolt Ogerpon
Vianney Leroy [FR],Archaludon ex
Adrian Brauchle [AT],Roaring Moon ex
>TCG-ST14>Thibaut Gerard [FR],Unknown
Philip Müller [DE],Raging Bolt Ogerpon
Christian Heinemann [DE],Raging Bolt Ogerpon
Andrea Benedetto [IT],Regidrago VSTAR
Bertrand Feron [BE],Lugia Archeops
Rone Nielsen [DK],Snorlax Stall
Matthieu Vialatte [FR],Lugia Archeops
Anton Gericke [DE],Lost Zone Box
Tim Haffmanns [DE],Klawf Terapagos
Thomas Van Engeland [BE],Klawf Terapagos
Quy Duc Dao [DE],Regidrago VSTAR
Jolen Lo-Arnoult [FR],Raging Bolt Ogerpon
Jan Wiggers [NL],Regidrago VSTAR
Martin Leclercq [FR],Gholdengo ex
Christian Schrader [DE],Gholdengo ex
Edgar SAIZ [FR],Gholdengo ex
Jiahao Ye [CN],Charizard Pidgeot
Lucas Fénart [CH],Gardevoir ex
Christian D'Onofrio [IT],Gholdengo ex
Ewan West [UK],Regidrago VSTAR
Pepijn Langeraert [BE],Other
René Wilksen [DE],Gardevoir ex
Paul Doherty [UK],Charizard Pidgeot
Sofie Van Braeckel [BE],Miraidon ex
Jan Kleinsteiber [DE],Gholdengo ex
Christian Wilhelm [DE],Pidgeot Control
Roberto Chiodo [IT],Raging Bolt Ogerpon
Marvin Zimmermann [DE],Regidrago VSTAR
Samuele Roma [IT],Regidrago VSTAR
Christian Lehaci [AT],Iron Thorns ex
Daniele del Rosso [IT],Ancient Box
Nina Eisenblätter [DE],Regidrago VSTAR
Toby Woolner [UK],Archaludon ex
Bernard Kościk [PL],Gholdengo ex
Richard Blows [UK],Regidrago VSTAR
Alex Robertson [UK],Charizard Pidgeot
Jonathan Sharpling [UK],Terapagos Dusknoir
Max Theeuwen [NL],Pidgeot Control
Pol Ortega Serna [ES],Charizard Pidgeot
Łukasz Mazurkiewicz [PL],Snorlax Stall
Mauro Spanò [IT],Archaludon ex
Matous Krejci [CZ],Ancient Box
Rasmus Wagner [DK],Lost Zone Box
Thomas Ducrot [FR],Terapagos Dusknoir
Nils Joest [DE],Raging Bolt Ogerpon
David Kramer [IL],Regidrago VSTAR
Alejandro Chacon [CR],Dragapult Dusknoir
Andrea Miggiano [IT],Regidrago VSTAR
Fabio Lembo [IT],Snorlax Stall
Davide Maniscalco [IT],Roaring Moon ex
Tolga Kizilbulak [DE],Lost Zone Box
Sebastian Fernandez [AD],Charizard Pidgeot
Luca Pesce [IT],Other
Kévin NEPHTYS Semlali [FR],Archaludon ex
Iago Losada [ES],Ceruledge ex
Petr Luba [CZ],Pidgeot Control
reda zekkari [FR],Terapagos Dusknoir
Thomas Williams [UK],Regidrago VSTAR
Ashwin van Gool [NL],Other
Pascal Hoppenberg [DE],Lost Zone Box
Sam Bahrami Pirooz [LU],Roaring Moon ex
Jan Vincent Aalbers [DE],Gardevoir ex
Lukas Dellenbach [CH],Regidrago VSTAR
Valentin Golaz [CH],Lost Zone Box
Daniël Rietbergen [NL],Miraidon ex
Kamil Colatosti [CA],Regidrago VSTAR
Ivan Lopez Navarro [ES],Klawf Terapagos
Matthew Burris [AU],Regidrago VSTAR
Aimé Ducret [CH],Charizard Pidgeot
Thibault Petit [FR],Gardevoir ex
Francesco Parazzini [IT],Gholdengo ex
Stefano Verhaert [BE],Gardevoir ex
Thierry Lessard-Vignini [CA],Regidrago VSTAR
Jianjun Liu [CN],Gholdengo ex
Pascal Centner [DE],Miraidon ex
Santiago Fernandez-Cid [ES],Miraidon ex
Glenn Bauwens [BE],Miraidon ex
Rudy Caparros [BE],Regidrago VSTAR
Leon Wenteler [NL],Miraidon ex
Francesco Macrì [IT],Other
Adam Denk [CZ],Regidrago VSTAR
Dennis Reikowski [DE],Other
Michał Wróbel [PL],Miraidon ex
Patrick Ton [CH],Raging Bolt Ogerpon
Jan-Patrick Strohmeier [DE],Iron Thorns ex
Tom-Cedric Hinz [DE],Raging Bolt Ogerpon
Ali Dogan Aslan [DE],Dragapult ex
Dominik Blache [DE],Other
Lenni Lassila [FI],Regidrago VSTAR
Guido Mielke [DE],Raging Bolt Ogerpon
Jia-Hao Ma [NL],Pidgeot Control
leonardo tabani [IT],Gholdengo ex
Fabian Mayer [DE],Dragapult Dusknoir
Alberto marculissi [IT],Charizard Pidgeot
Edoardo Rigutto [IT],Lost Zone Box
Yannick Leemans [BE],Archaludon ex
Nicolas Baumann [DE],Other
Daniela Kofer [DE],Raging Bolt Ogerpon
Giacomo Tiraboschi [IT],Miraidon ex
Artur Herdt [DE],Terapagos Dusknoir
Rabah Zibouche [FR],Miraidon ex
Tobias Walther [DE],Lugia Archeops
Renaud LEVAIN [FR],Dragapult ex
Brando Longino [IT],Gardevoir ex
Zaccaria Wist [DE],Miraidon ex
Jakub Kostka [SK],Other
Niels Jürgensen [DE],Terapagos Dusknoir
Ryan Bielak [AU],Regidrago VSTAR
Alessandro Bonaventura [IT],Gardevoir ex
Man Ho Fan [DE],Roaring Moon ex
Alessio Carmignani [IT],Other
Gauthier Vesseron [FR],Charizard Pidgeot
Elia Salvadori [IT],Pidgeot Control
stef jonge [NL],Charizard Pidgeot
Thomas Heijdemann [NL],Iron Thorns ex
Justin Kempley [UK],Regidrago VSTAR
Jordy Vanhaelst [BE],Banette Gardevoir
Tommy Haß [DE],Regidrago VSTAR
Benjamin Martinsen [NO],Terapagos Dusknoir
Mahsun Gräff [DE],Raging Bolt Ogerpon
Malthe Bogø [DK],Lost Zone Box
Felix Müller [DE],Terapagos Dusknoir
Quentin Carlier [FR],Roaring Moon ex
Giulio Raggi [IT],Charizard Pidgeot
Claus Müller [DE],Charizard Pidgeot
Nino Anderluh [SI],Miraidon ex
matteo di paola [IT],Raging Bolt Ogerpon
Elizabeth Willet [DK],Raging Bolt Ogerpon
Bahadir Oncel [NL],Raging Bolt Ogerpon
Florian Weidlich [DE],Raging Bolt Ogerpon
Anthony Ceretto [FR],Gholdengo ex
Margherita Caponeri [IT],Gholdengo ex
Dario Oliver Lüdi [CH],Roaring Moon ex
Harald Kroner [DE],Regidrago VSTAR
Miloslav Suchanek [CZ],Roaring Moon ex
Jakub Obdržálek [CZ],Gholdengo ex
Zane Wilson [DE],Lugia Archeops
Adria Tam Martinez [UK],Raging Bolt Ogerpon
David Hennaut [BE],Other
Amir Jaa [DE],Gardevoir ex
Paolo Ambrosini [IT],Dragapult Dusknoir
Benjamin Goodridge [UK],Charizard Pidgeot
Omar Camisotti [IT],Other
Philipp Klimaszewski [DE],Archaludon ex
Alfredo Devars Ventura [DE],Raging Bolt Ogerpon
Jonas Wernicke [DE],Regidrago VSTAR
Tobias Riester [DE],Gardevoir ex
Vo NGUYEN [FR],Roaring Moon ex
Tom Volkmann [DE],Roaring Moon ex
Anas Glesa [DE],Raging Bolt Ogerpon
Nino Kunz [CH],Klawf Terapagos
Filippo Gatti [IT],Ceruledge ex
Tobias Thiesbürger [DE],Raging Bolt Ogerpon
Maurizio Corimbi [DE],Lugia Archeops
Andrea Taddei [IT],Dragapult Pidgeot
Alexander Rudjaka [DE],Lost Zone Box
Lennart Omerovic [DE],Lost Zone Box
Samuele Gnoli [IT],Snorlax Stall
Rafael Mogollon [FR],Archaludon ex
Pasquale Giordano [DE],Charizard Pidgeot
Spiros Arkoudis [GR],Charizard Pidgeot
Matteo Quoiani [IT],Dragapult Dusknoir
Teirlinck Evan [BE],Roaring Moon ex
Enrique Casas [ES],Palkia
Ruben Pereira [PT],Lost Zone Box
Christoph Kochseder [AT],Raging Bolt Ogerpon
Damiano Napoli [CH],Charizard Pidgeot
Yanick Sommer [CH],Raging Bolt Ogerpon
Justin Wies [NL],Palkia
Philipp Jonas [DE],Raging Bolt Ogerpon
Fabian Schlieckau [DE],Roaring Moon ex
David Schenk [DE],Gardevoir ex
Bastien Valentin [FR],Lost Zone Box
Andre Gomes Oliveira [DE],Other
Angel Grandati [FR],Regidrago VSTAR
Marijn van Duivenboden [NL],Ceruledge ex
Vittorio Antonio Lavacca [IT],Regidrago VSTAR
Adiris Milascevic [DE],Klawf Terapagos
Bernhard Mandl [AT],Iron Thorns ex
Yuma Kruse [DE],Lost Zone Box
Davide Parenti [IT],Gholdengo ex
Jan Fischer [DE],Klawf Terapagos
Ithiel Arki [FR],Regidrago VSTAR
Philipp Litek [DE],Lost Zone Box
Andrea Calciolari [IT],Miraidon ex
Roberto Costanzo [FR],Charizard Pidgeot
theo merienne [FR],Regidrago VSTAR
Aleks Rogič [SI],Charizard Pidgeot
Cédric Paporello [FR],Archaludon ex
Konstantin Shapkin [UK],Other
Antoine Lestarquis [FR],Other
Kevin Ponthieux [IT],Regidrago VSTAR
Sebastian Helgath [DE],Iron Thorns ex
>TCG-ST11>Lawrence Morillo [CH],Unknown
Aurelien RITZLER [FR],Other
Nam Paul Nguyen [DE],Archaludon ex
Khanafiya Tuleshov [UK],Other
>TCG-ST12>Davide Resente [IT],Unknown
Gunter Van Roey [BE],Terapagos Dusknoir
Dario Carella [IT],Archaludon ex
Julien Dallé [FR],Archaludon ex
Stephan Wulf [DE],Roaring Moon ex
Eric Dieterich [DE],Lost Zone Box
Lucas Cruz [BR],Miraidon ex
Krzysztof Figas [PL],Gardevoir ex
Henning Sonntag [DE],Terapagos Dusknoir
Jan-Christopher Brinker [DE],Gholdengo ex
Guilherme Ramalho [BR],Charizard Pidgeot
NICO MANIERO [IT],Regidrago VSTAR
Thomas Burger [DE],Iron Thorns ex
Frank Van der Wielen [NL],Other
Alexandre peplaw [FR],Terapagos Dusknoir
Lewis Cupoli [UK],Ceruledge ex
Björn Reinsdorf [DE],Palkia
Bart Bonekamp [NL],Raging Bolt Ogerpon
Maxime OGIER [FR],Gholdengo ex
Igor Pouillon [FR],Klawf Terapagos
Lukas Eßer [DE],Miraidon ex
Marc Torres Jimenez [ES],Lost Zone Box
Alex Frindt [SK],Miraidon ex
Florian Devos [BE],Iron Thorns ex
Sebastian Hayen [DE],Lost Zone Box
Nick Harsch [BE],Gardevoir ex
Patryk Gabryś [PL],Lost Zone Box
Thomas MORGANT [FR],Charizard Pidgeot
Brent Tonisson [AU],Regidrago VSTAR
Emanuele Sirini [IT],Gholdengo ex
Nicola Milella [IT],Other
Mathias Cohen-Solal [FR],Gardevoir ex
Sebastien Peray [FR],Other
Marco Hodnik [DE],Raging Bolt Ogerpon
Carlos Deniz Cesarano [DE],Lugia Archeops
Florian Walter [DE],Other
Simon Tschan [CH],Roaring Moon ex
Cedric Bürkel [DE],Roaring Moon ex
Reuben Davidson [UK],Regidrago VSTAR
Michael Reil [DE],Gholdengo ex
Alexander Stoppel [DE],Regidrago VSTAR
Lukas Claviez [DE],Terapagos Dusknoir
Gioele Dell'Andrino [CH],Ancient Box
Yaw-Wang Truong [DE],Roaring Moon ex
Dustin Bachmann [DE],Other
Endry Gostivari [IT],Lost Zone Box
Jonathan Lernpeiss [AT],Other
Lukas Coenraats [NL],Miraidon ex
Ky N'guyen [FR],Raging Bolt Ogerpon
Dominik Wenger [CH],Raging Bolt Ogerpon
Maxime Launay [FR],Gardevoir ex
Nikolaj Busow [DE],Lost Zone Box
Luigi Vezzoni [IT],Snorlax Stall
Lennart Pöschko [DE],Ceruledge ex
Kévin Vacquier [FR],Gardevoir ex
Nicolò Biffi [IT],Lost Zone Box
Nicolas Scapin [IT],Charizard Pidgeot
Jamie Miller [UK],Lugia Archeops
Cedric Roth [DE],Lugia Archeops
Omar Chaudhury [UK],Lugia Archeops
Marvin Häßler [DE],Charizard Pidgeot
Chris Mastromarino [IT],Lugia Archeops
Andrin Linus Müller [CH],Klawf Terapagos
Vito Butković [HR],Lost Zone Box
Jory Koot [NL],Regidrago VSTAR
Benjamin Kraus [AT],Raging Bolt Ogerpon
Bolly Olufon [UK],Miraidon ex
Thianchai Thimmuang [NL],Dragapult Iron Thorns
Andrea Franco [IT],Snorlax Stall
Jason Bunting [UK],Banette Gardevoir
Liam Burden [UK],Klawf Terapagos
Sevim Aydogdu [DE],Dragapult Dusknoir
Mick de Jong [NL],Lost Zone Box
Thomas GULINO [FR],Regidrago VSTAR
Andrea Menardo [IT],Ceruledge ex
Valentin Radet [FR],Raging Bolt Ogerpon
Stephen Law [UK],Iron Thorns ex
Jeffrey Cheung [UK],Iron Thorns ex
Jakub Koenner [PL],Lost Zone Box
Dalibor Vukelic [DE],Klawf Terapagos
Simon Fritz [AT],Lost Zone Box
Gianluca Pittaluga [IT],Raging Bolt Ogerpon
Sophie Foulon [FR],Palkia
Joseph Clark [UK],Terapagos Dusknoir
Jérémy Crapez [FR],Charizard Pidgeot
Aurelien Delambre [FR],Regidrago VSTAR
Spyridon Tsirkas [GR],Raging Bolt Ogerpon
Bizel Cyril [FR],Pidgeot Control
Toby Clark [UK],Iron Thorns ex
Maurice Hofmann [DE],Regidrago VSTAR
Lennert Van Overloop [BE],Other
Sergio Ravelli [IT],Other
Federico Sardo [IT],Roaring Moon ex
Sen Caubergh [BE],Lost Zone Box
Dean Chibani [DE],Ceruledge ex
Axel Rudelle [FR],Lugia Archeops
Carsten Ebertz [DE],Regidrago VSTAR
Alp Ehliz [DE],Miraidon ex
Manuel Misch [DE],Ceruledge ex
Clément Colombel [FR],Terapagos Dusknoir
Luke Kirkham [UK],Other
Anar Guliyev [DE],Gardevoir ex
Ben Christian Johny Ziemann [DE],Archaludon ex
Gilbert McLaughlin [UK],Roaring Moon ex
Kay Schaarschmidt [DE],Roaring Moon ex
Esteban Marques [FR],Lugia Archeops
Ben Weidlich [DE],Palkia
Kevin Balgar [DE],Gardevoir ex
Sidney Mathieu [FR],Raging Bolt Ogerpon
Niels Klatt [DE],Archaludon ex
Alvaro BUENO BLANCO [ES],Raging Bolt Ogerpon
Ruben van der Sluis [NL],Gholdengo ex
Rik van Montfort [NL],Banette Gardevoir
Lorenzo Ercoli [IT],Raging Bolt Ogerpon
Luca De Simone [IT],Raging Bolt Ogerpon
Stefan Schwierz [DE],Other
William Vandersyppe [BE],Snorlax Stall
Michelle Schaefer [DE],Ceruledge ex
Luca Miele [UK],Lost Zone Box
Yi Fan [CN],Terapagos Dusknoir
Steven Whitton [NL],Miraidon ex
Thomas Karg [DE],Pidgeot Control
Enrico Schuster [DE],Other
Anh Pham Ho Tuan [DE],Roaring Moon ex
Gabriele Intini [IT],Lugia Archeops
Joel Robertson [UK],Iron Thorns ex
Nevio Belloli [IT],Lugia Archeops
Jasmin Kirchherr [DE],Lost Zone Box
Efkan Demirörs [DE],Other
Duc Viet Truong [DE],Charizard Pidgeot
Assam Younis [DE],Gholdengo ex
Oliver Kreis [DE],Miraidon ex
Jules Courau [FR],Other
Julius Krag [DK],Pidgeot Control
Jelle van Kampen [NL],Gholdengo ex
Antoine Penin [BE],Raging Bolt Ogerpon
Koen Smid [NL],Roaring Moon ex
Karol Blesak [SK],Lugia Archeops
Gilberto Tamburini [IT],Snorlax Stall
Matthias Philipp [FR],Dragapult Dusknoir
Sebastian Lehmann [DE],Raging Bolt Ogerpon
René Ludwig [DE],Gholdengo ex
Darren Ho [ZA],Other
Johny Nguyen [FR],Archaludon ex
Alexandre ANDRES-ROBERT [FR],Raging Bolt Ogerpon
Willi Schiebelbein [DE],Regidrago VSTAR
James Cox [NL],Regidrago VSTAR
Olivier Bron [CH],Lugia Archeops
Alen Cerimagic [HR],Roaring Moon ex
Thibault Dezutter [BE],Gardevoir ex
Steven Mao [DE],Charizard Pidgeot
Philipp Zimmer [DE],Miraidon ex
Nico Sommerfeld [DE],Raging Bolt Ogerpon
Raul Venturi [IT],Roaring Moon ex
Fabian Sanches Pais [DE],Archaludon ex
Lennart Beaupoil [DE],Gardevoir ex
Alessandro Turiello [IT],Lost Zone Box
Adam Hawkins [UK],Pidgeot Control
Davide Lanciotti [IT],Other
William Oscar Ruiz Vergara [DE],Other
>TCG-ST6>Sanne van Hoogstraten [NL],Unknown
Joël Jost [CH],Terapagos Dusknoir
Andre Retzki [DE],Klawf Terapagos
Sil van de Water [NL],Miraidon ex
Tatsumi Hiratsuka [DE],Charizard Pidgeot
Massimiliano Sella [IT],Palkia
Sara Barbuto [IT],Raging Bolt Ogerpon
Lukas Boaventura Uhde [DE],Raging Bolt Ogerpon
Benjamin PHAM [NL],Klawf Terapagos
Vincenzo Cannata [IT],Terapagos Dusknoir
Giovanna Carbonara [IT],Raging Bolt Ogerpon
Tony Hübel [DE],Raging Bolt Ogerpon
Filiz Yavuz [DE],Gardevoir ex
Gage Rull [UK],Gholdengo ex
Niklas Knittel [DE],Gholdengo ex
Johannes Forster [DE],Gardevoir ex
Jaume Torrelles [ES],Charizard Pidgeot
Merlin van Berkum [DE],Terapagos Dusknoir
Ingvar Hjartarson [DK],Lost Zone Box
Thierry Manjard [FR],Gholdengo ex
Maximilian Käppler [DE],Lost Zone Box
Jimmy Lambourion [FR],Other
Zakaria El Carrouchi [DE],Charizard Pidgeot
Salvatore Camiolo [IT],Roaring Moon ex
Berhan Sonkaya [DE],Terapagos Dusknoir
Sadik Demirov [DE],Other
Adel Moussaoui [DE],Gholdengo ex
Isabel Jahr [DE],Raging Bolt Ogerpon
Patrick Rädle [DE],Raging Bolt Ogerpon
Fabio Spanò [IT],Charizard Pidgeot
Fabian Schäfer [DE],Banette Gardevoir
Christoph Okun [DE],Klawf Terapagos
Nick Mandoeng [NL],Other
Roland Sekerija [AT],Gholdengo ex
Artur Lorbiecki [PL],Snorlax Stall
Rene Ess [DE],Klawf Terapagos
Felix Reichenbach [DE],Pidgeot Control
Cyrielle Danel [FR],Other
Thomas Standaert [BE],Lugia Archeops
Fabio Fiorentino [IT],Regidrago VSTAR
Simone Venticinque [IT],Archaludon ex
Tristan Russ [DE],Terapagos Dusknoir
Nils Menzi [CH],Terapagos Dusknoir
Daniel Beier [DE],Iron Thorns ex
Piotr Matliński [PL],Roaring Moon ex
Tymoteusz Dziedzic [PL],Snorlax Stall
Phil Yannick Schrör [DE],Other
Richard Werner [DE],Regidrago VSTAR
Stefan Bückert [DE],Regidrago VSTAR
Davey Smulders [NL],Charizard Pidgeot
Georgios Karapiperis [GR],Miraidon ex
Benjamin Klopfenstein [FR],Ceruledge ex
Lukas König [AT],Miraidon ex
Pascal Tillenberg [DE],Other
Anton Kuvshinnikov [SK],Roaring Moon ex
Lorenzo Sorriento [DE],Raging Bolt Ogerpon
Anthony Blanchard [FR],Lost Zone Box
Luca Montani [IT],Roaring Moon ex
Riccardo Croce [IT],Lost Zone Box
Pavol Šinkovic [SK],Regidrago VSTAR
Dominique Soudant [BE],Other
Mauro Wandoloh [BE],Miraidon ex
Daniel Hartmann [DE],Raging Bolt Ogerpon
Fabio Zeppetella [CH],Miraidon ex
Noe Charenton Davis [FR],Dragapult ex
Anthony Rebelo [FR],Archaludon ex
Michael Dellenbach [CH],Lost Zone Box
Grégory MACIASZEK [FR],Regidrago VSTAR
Florian Hobein [DE],Dragapult Dusknoir
Roland Wukovits [AT],Ceruledge ex
Adrian Slez [SK],Klawf Terapagos
Simone Fiorito [IT],Lost Zone Box
Alexandre Demarque [FR],Charizard Pidgeot
Konstantin Richter [DE],Regidrago VSTAR
Quinten de Jongh [BE],Lost Zone Box
Florian Reusser [CH],Other
Dylan Zeller [FR],Snorlax Stall
Timo Mertens [DE],Iron Thorns ex
Manuel Wiechert [DE],Other
Keenan Grange [UK],Raging Bolt Ogerpon
Julian Patz [DE],Lost Zone Box
Samuel Bertin [FR],Gardevoir ex
Petr Sába [CZ],Klawf Terapagos
Ilias Chalkidis [GR],Banette Gardevoir
Kim Faust [DE],Raging Bolt Ogerpon
Niccolo De Giorgi [ES],Miraidon ex
Moritz Würner [DE],Miraidon ex
Jens Haushalter [DE],Roaring Moon ex
Albert Kalenczuk [DE],Miraidon ex
Alice Cairoli [IT],Gardevoir ex
Juuso Toivanen [FI],Miraidon ex
Tobias Schütz [DE],Other
Andreas Buerholt [DE],Terapagos Dusknoir
Naomi Moon [UK],Raging Bolt Ogerpon
Julien Charnet [FR],Iron Thorns ex
Franklin Snellink [NL],Other
Martin Dymek [DE],Gholdengo ex
Ductan Nguyen [DE],Terapagos Dusknoir
Louis Eizenhöfer [DE],Regidrago VSTAR
Alexandra Knuhr [DE],Other
Francesco Palumbo [IT],Charizard Pidgeot
Eliot Liversidge [UK],Miraidon ex
Daniele Gabriele [IT],Regidrago VSTAR
Fabio Martogli [DE],Charizard Pidgeot
Robert Müller [DE],Palkia
Johannes Hagen [DE],Raging Bolt Ogerpon
Christopher Leitner [DE],Lost Zone Box
Marco Knüwe [DE],Other
Claudio Stanullo [DE],Klawf Terapagos
Luke Morton [UK],Dragapult Pidgeot
Oliver Hermann [DE],Other
Kevin Meier [DE],Lost Zone Box
Luke Hauptmann [DE],Roaring Moon ex
Dino Nedic [DE],Charizard Pidgeot
SALOUTH OU [FR],Terapagos Dusknoir
Rebecca van der Lee [UK],Snorlax Stall
Mahdi Eftekhari [DE],Dragapult Dusknoir
Marlon Ying [DE],Charizard Pidgeot
Michele Haertle [DE],Raging Bolt Ogerpon
Thomas AIMO [FR],Charizard Pidgeot
Max Hofmans [NL],Raging Bolt Ogerpon
Stefano Buso [IT],Charizard Pidgeot
ZHENG DONG HU [SI],Klawf Terapagos
Adrian Bienasz [CH],Terapagos Dusknoir
Maik Wehmann [DE],Gardevoir ex
Rasmus Hilmer Henninen [NO],Regidrago VSTAR
Tobias Gspandl [CH],Ancient Box
Markus Schulze [DE],Gholdengo ex
Nico Etzbach [DE],Regidrago VSTAR
Nicolas Zetka [AT],Raging Bolt Ogerpon
Julia Ramírez Rodríguez [ES],Terapagos Dusknoir
Jessy Moutamalle [FR],Snorlax Stall
Paulo Mimoso [PT],Regidrago VSTAR
Alexander Simons [DE],Terapagos Dusknoir
william linard [FR],Lost Zone Box
Hung Phan Le [DE],Regidrago VSTAR
Robin Essig [DE],Palkia
Kurtis Broughton-King [UK],Gardevoir ex
Tobias Göppert [DE],Terapagos Dusknoir
Nikita Kazunko [IL],Miraidon ex
Filippo Migliori [IT],Gardevoir ex
Patrick Näther [DE],Charizard Pidgeot
Philibert Volant [FR],Snorlax Stall
Bernd Weber [DE],Lugia Archeops
Morgan Brandi [IT],Regidrago VSTAR
Robin Sonderegger [AT],Roaring Moon ex
Jet Waterman [NL],Miraidon ex
Callum Griffiths [UK],Regidrago VSTAR
Can Durmusoglu [DE],Gholdengo ex
Mathias Kerckhof [BE],Gholdengo ex
Gabriel Sandri [IT],Lost Zone Box
Francesco Berti [IT],Terapagos Dusknoir
Manuel Legler [DE],Raging Bolt Ogerpon
Dario Tosolini [IT],Archaludon ex
Alessandra Coppola [IT],Charizard Pidgeot
Emilio Jose Montoro Fernandez [ES],Lost Zone Box
Mark Währa [AT],Miraidon ex
Tad Hansen [UK],Miraidon ex
Dominik Vogel [CH],Archaludon ex
Soo-Bin Audouy [FR],Regidrago VSTAR
Mirco Di Paola [IT],Raging Bolt Ogerpon
Anthony Tutu [DE],Regidrago VSTAR
Maximilian Lehnen [DE],Raging Bolt Ogerpon
Yejoon Ur [DE],Lost Zone Box
Jacopo Sernesi [IT],Charizard Pidgeot
Dan Hynam [UK],Gholdengo ex
Alessandra Bühler [CH],Raging Bolt Ogerpon
Louis Rettner [DE],Raging Bolt Ogerpon
Anabel Funk [DE],Regidrago VSTAR
Dennis Oldenburg [DE],Roaring Moon ex
Fabio Arnold [CH],Klawf Terapagos
Jonas Schuler [DE],Other
Ludovic Orban [FR],Gholdengo ex
Jiske Angenent [NL],Miraidon ex
Simon Kolbe [DE],Roaring Moon ex
clement courbois [FR],Other
Romain Lavaut [FR],Raging Bolt Ogerpon
Nils Kruse [DE],Regidrago VSTAR
Alexandre CAMELO [FR],Regidrago VSTAR
Matteo Abbiati [IT],Regidrago VSTAR
Emanuele Giunta [IT],Charizard Pidgeot
Gijs van Schie [NL],Regidrago VSTAR
Katy Montgomerie [UK],Other
Miguel Smajli [DE],Other
David Rosse [FR],Lugia Archeops
Angelo Turchi [CH],Lost Zone Box
Maximilian Just [DE],Roaring Moon ex
Martin Budka [DE],Roaring Moon ex
Raffael Kozinka [AT],Raging Bolt Ogerpon
Alain Künzi [CH],Terapagos Dusknoir
Amine Hammouche [DE],Roaring Moon ex
NUEZ Maxence [FR],Other
Marcel Nockemann [DE],Regidrago VSTAR
Marian Kalischer [DE],Other
James-Andrew Sannad [DE],Lost Zone Box
Žiga Čadež [SI],Regidrago VSTAR
Andreas Zechner [AT],Terapagos Dusknoir
Matthew Gilbert [UK],Other
Darragh Buckley [IE],Archaludon ex
Tobias Breitfeld [DE],Miraidon ex
Aysenur Yikilmazsoy [DE],Iron Thorns ex
Karol Muniak [PL],Regidrago VSTAR
Maxime AFONSO [FR],Ceruledge ex
Dariusz Włodarski [PL],Other
Steve Jacquet [FR],Dragapult Dusknoir
Jack Blyth [UK],Lost Zone Box
Sebastian Küper [DE],Charizard Pidgeot
Leonardo Valente [IT],Gardevoir ex
Marvin Schermann [AT],Ceruledge ex
Il Ja Mießner [DE],Lugia Archeops
Dennis Henz [DE],Regidrago VSTAR
Jonas Bethe [DE],Raging Bolt Ogerpon
Nico Uhlemann [DE],Raging Bolt Ogerpon
Mark Oehlert [DE],Miraidon ex
Frederic Dörre [DE],Raging Bolt Ogerpon
Hugo Faveyrial [FR],Raging Bolt Ogerpon
Arnaud STOLL [FR],Dragapult Dusknoir
Peter Hirner [AT],Terapagos Dusknoir
Julian Richter [DE],Ancient Box
Gabriele Ottolini [IT],Raging Bolt Ogerpon
Oliver Gooch [UK],Charizard Pidgeot
David Langhorst [DE],Roaring Moon ex
Jan Ringel [DE],Archaludon ex
Roman Patzer-Meyer [DE],Iron Thorns ex
Luise Rath [DE],Raging Bolt Ogerpon
"Anh Dung ""dungi"" Pham [DE]",Unknown
Lucas GUITTON [FR],Miraidon ex
Ali Kadouh [DE],Raging Bolt Ogerpon
Wei Li Yuan [DE],Lost Zone Box
Daniel Fernández [ES],Regidrago VSTAR
Murat Kuyanc [DE],Raging Bolt Ogerpon
Eric Pujol [FR],Snorlax Stall
Nils Harbich [DE],Klawf Terapagos
Joël-Daniel Fochler [DE],Raging Bolt Ogerpon
Thomas Pfister [DE],Raging Bolt Ogerpon
Torsten Schaeffner [DE],Charizard Pidgeot
Özay Özgül [DE],Raging Bolt Ogerpon
Paul Strömer [DE],Gholdengo ex
Alexander Möller [DE],Charizard Pidgeot
Björn Lietz [DE],Dragapult Dusknoir
Federico Viganò [IT],Ceruledge ex
Ben Nabers [DE],Ancient Box
Marcel Kury [DE],Roaring Moon ex
Joao Antonio Cavalcanti [BR],Regidrago VSTAR
Lukas Kraft [DE],Archaludon ex
Jonas Habekost [DE],Regidrago VSTAR
Tobias Niedziella [DE],Lost Zone Box
Michael Dragoni [IT],Gardevoir ex
Rick Müller [DE],Raging Bolt Ogerpon
Florian Batze [DE],Roaring Moon ex
Dominik Reding [DE],Lugia Archeops
Matteo Ferrari [IE],Other
Yuliia Ilina [LV],Klawf Terapagos
Vincent Ott [DE],Terapagos Dusknoir
Eva Scharntke [DE],Miraidon ex
Stephanie MOULIN [BE],Dragapult Pidgeot
Jonas Michaelsen [DE],Miraidon ex
Tim Nowak [DE],Raging Bolt Ogerpon
arnaud BONN [FR],Miraidon ex
gianluca visconti [IT],Roaring Moon ex
Tyler Read [UK],Raging Bolt Ogerpon
Alexander Schmidt [DE],Regidrago VSTAR
Sven Jansen [NL],Miraidon ex
Demetris Eaton [UK],Snorlax Stall
>TCG-ST1>Matt Mitchell [UK],Unknown
Damian Górski [PL],Regidrago VSTAR
Friedrich Hermann [DE],Gholdengo ex
Stefan Bickel [DE],Dragapult Dusknoir
Brett Spearing [UK],Roaring Moon ex
Timo Dell [DE],Gholdengo ex
ward knuts [BE],Regidrago VSTAR
Roman Meixner [AT],Regidrago VSTAR
Hlieb Smirnov [UA],Other
Julian Bouaalam [DE],Miraidon ex
Chriso Amanatidis [DE],Other
Lukasz Gziut [IM],Snorlax Stall
Alessandro Arca [IT],Terapagos Dusknoir
Liam Kinne-Hall [UK],Regidrago VSTAR
Marcel Henkler [DE],Ceruledge ex
Bastian Max Drendel [DE],Iron Thorns ex
Stefano Da Silva Fontinha Coelho [IT],Other
Marco Ludwig Kölbl [DE],Gardevoir ex
Matija Mrkoci [HR],Miraidon ex
Bjarne Mathea [DE],Gardevoir ex
Lara Bartnick [DE],Miraidon ex
Rainer Kalman [AT],Raging Bolt Ogerpon
Kirill Mokshin [UK],Roaring Moon ex
Ilja Grebe [DE],Gardevoir ex
Sean van Dijk [NL],Miraidon ex
Christian Goll [DE],Other
Oliver Friedrich [DE],Gholdengo ex
Giovanni Carraro [IT],Gholdengo ex
Kai Schiesser [CH],Palkia
György Hódi [HU],Iron Thorns ex
Simone Parola [IT],Lugia Archeops
marco calderisi [IT],Raging Bolt Ogerpon
Michael Ledeboer [NL],Gholdengo ex
Tobias Knopf [DE],Other
JP THAMMABOUTH [FR],Regidrago VSTAR
Otis Lee Laksberg [DE],Ceruledge ex
Jean-Philippe Curado [FR],Regidrago VSTAR
Lennard Glinka [DE],Other
Duc Tien Le [DE],Regidrago VSTAR
>TCG-ST9>Inessa Vasilevskaya [CZ],Unknown
Patrick Schneider [DE],Lost Zone Box
Daniel Krückel [DE],Charizard Pidgeot
Adrian De Vita [DE],Snorlax Stall
Andrew Emerson [UK],Other
SONIA TELCH [IT],Roaring Moon ex
Barbaros Büyükcakir [DE],Ancient Box
>TCG-ST4>Romain Cannet [FR],Unknown
Markos Dagas [GR],Gholdengo ex
Delia Hauser [DE],Other
Alex Mattusch [DE],Raging Bolt Ogerpon
Nico Camacho [CH],Ceruledge ex
Marco Peichl [DE],Terapagos Dusknoir
Jonas Thier [DE],Lost Zone Box
Simon Deutsch [DE],Palkia
Philipp Langenecker [DE],Archaludon ex
Plank Roughley [UK],Other
Johann Collecchia [FR],Roaring Moon ex
Quinten Van Bever [BE],Charizard Pidgeot
Jason Inay [DE],Ceruledge ex
Benjamin Gorgos [DE],Other
Borys Chernikov [UA],Terapagos Dusknoir
Fabian Klück [DE],Raging Bolt Ogerpon
Sven Sprey [AT],Raging Bolt Ogerpon
Dominik Dubberke [DE],Terapagos Dusknoir
Aurélien Lovalente [FR],Regidrago VSTAR
Kevin Stuber [CH],Miraidon ex
Christoph Ruf [DE],Raging Bolt Ogerpon
Beat Christen [CH],Terapagos Dusknoir
Davide Beraldo [IT],Other
Francesco Dettori [IT],Snorlax Stall
Marco Reckenberger [DE],Lugia Archeops
Julia Mars [DE],Regidrago VSTAR
Bernhard Lämmermeyer [DE],Charizard Pidgeot
James Baker [DE],Raging Bolt Ogerpon
Libor Hanak [CZ],Other
Fabrizio Cremascoli [IT],Other
Christian Schuster [DE],Lugia Archeops
Phillip Stöcker [DE],Raging Bolt Ogerpon
Kevin Kubina [DE],Charizard Pidgeot
Johannes Sax [DE],Terapagos Dusknoir
Frederik Lang [DE],Dragapult Dusknoir
denis posocco [IT],Miraidon ex
Dennis Wendt [DE],Ceruledge ex
Zane Hollomon [US],Dragapult Dusknoir
Stefan Süßenberger [DE],Palkia
Tobias Brendler [DE],Charizard Pidgeot
Niccolò Ludwig Pizzorno [IT],Lost Zone Box
Silvan Egger [CH],Other
Stefano De Dominicis [IT],Lost Zone Box
Etienne Hellbrück [DE],Ancient Box
Cor Steging [NL],Other
Hugo Haas [DE],Gardevoir ex
Jessica Aguado [DE],Raging Bolt Ogerpon
Kevin Dehmel [DE],Other
Niklas Kelling [DE],Miraidon ex
Bastian Licht [DE],Charizard Pidgeot
>TCG-ST8>Leighton Searcy [UK],Unknown
Bethanie Burgin [UK],Archaludon ex
Jakob Wagner [DK],Other
Julius Linz [DE],Ceruledge ex
Nadine Brabänder-Kohlhaas [DE],Charizard Pidgeot
Malaurie Goudard [FR],Miraidon ex
Vasilios Theisinger [DE],Roaring Moon ex
Luca Damm [DE],Charizard Pidgeot
Justin Graff [DE],Ceruledge ex
Alexander Fahnert [DE],Dragapult Dusknoir
Marc Weis [DE],Miraidon ex
Keld Juhl [DK],Miraidon ex
Patrick Hess [DE],Miraidon ex
Noah Mertes [DE],Snorlax Stall
Colin Vogt [DE],Charizard Pidgeot
Huy Thang Tran Van [DE],Terapagos Dusknoir
Sebastian Wallner [DE],Raging Bolt Ogerpon
Nikolaos Winter [DE],Lost Zone Box
Cian Rushe [IE],Terapagos Dusknoir
Alexander Lang [DE],Other
Francesco Paolo Marino [FR],Palkia
Marco Walz [DE],Regidrago VSTAR
Karim Khalifa-Ebert [DE],Other
Umut G [NL],Miraidon ex
Marco Fulgosi [IT],Raging Bolt Ogerpon
Igor Michale [DE],Terapagos Dusknoir
Jan Rodek [CZ],Regidrago VSTAR
Matthias Dirksen [DE],Regidrago VSTAR
Tim Zeitler [DE],Other
Leon Rehberg [DE],Gholdengo ex
Reuben Bennett [UK],Gardevoir ex
Magnus Pedersen [DK],Banette Gardevoir
Léo Gros [FR],Klawf Terapagos
Oliver Schmitz [DE],Charizard Pidgeot
Daniel Long Wendt [DE],Snorlax Stall
Michael Fröhlich [AT],Raging Bolt Ogerpon
Manuel Hermann [DE],Miraidon ex
Robert Wagner [DE],Klawf Terapagos
Marco Ruggeri [DE],Archaludon ex
Dino Mehmedovic [DE],Raging Bolt Ogerpon
Silvia Orlandi [IT],Raging Bolt Ogerpon
Nico Aeckerle [DE],Charizard Pidgeot
Raphael Palecek [CH],Roaring Moon ex
Arthur Kerbiquet [FR],Other
Nicolas Alexander Neumann [DE],Charizard Pidgeot
Vincenzo Giordano [DE],Ancient Box
Moritz Kretschmer [DE],Dragapult Dusknoir
David Piechaczek [DE],Raging Bolt Ogerpon
Allan Dubreuil [FR],Palkia
Eric Vexenat [FR],Other
Daniel Winter [DE],Lost Zone Box
Oscar Rivas [ES],Gholdengo ex
Florian Eberhardt [DE],Miraidon ex
Amelia Vale [UK],Other
Thibiriçá Andrade [PT],Terapagos Dusknoir
Mason Holloway [UK],Lugia Archeops
>TCG-ST7>Laura van Koppen [NL],Unknown
Dennis Baumann [DE],Regidrago VSTAR
Alessio Ganocci [IT],Charizard Pidgeot
Severin Moor [CH],Charizard Pidgeot
Ali Sahiri [FR],Regidrago VSTAR
>TCG-ST5>Mellory Stahn [DE],Unknown
Mario Lorenzo Abad [ES],Gardevoir ex
Marcin Bronicki [DE],Other
Samuel Postic [FR],Lugia Archeops
Quentin Lima [FR],Gholdengo ex
Manuel Garcia [ES],Gardevoir ex
Simon Francois [FR],Roaring Moon ex
Dennis Trares [DE],Miraidon ex
Anže Tič [SI],Roaring Moon ex
Julien Wohlert [DE],Dragapult Dusknoir
Jan Heitmüller [DE],Ceruledge ex
Francisco Ruiz Serón [ES],Regidrago VSTAR
Daniel Ehrmann [DE],Raging Bolt Ogerpon
Maik Haase [DE],Raging Bolt Ogerpon
Jonathan Gorgos [DE],Other
Matthias Schumann [DE],Raging Bolt Ogerpon
Justus Schöttl [DE],Charizard Pidgeot
Olivia Braddock [UK],Raging Bolt Ogerpon
Max Maier [DE],Gardevoir ex
Christophe Braquis [FR],Other
Dominik Fink [DE],Miraidon ex
Eugenio Favini [IT],Lost Zone Box
Cat Willis [UK],Raging Bolt Ogerpon
Lena Bamberger [DE],Other
Dominic Hafner [DE],Miraidon ex
Maurizio Fazio [IT],Lugia Archeops
Hong Duc Tran [DE],Miraidon ex
kyle hynam [UK],Raging Bolt Ogerpon
Arvid Holl [DE],Regidrago VSTAR
Youri Chang [DE],Charizard Pidgeot
Jannes Bellmann [DE],Other
Laura Teske [DE],Raging Bolt Ogerpon
Manuel Fabiano [IT],Regidrago VSTAR
Melanie FAUST [DE],Other
Peeke Schüttler [DE],Dragapult Iron Thorns
Carlo Fochetti [CH],Gardevoir ex
Kevin Haunschmied [AT],Palkia
Roman Engel [DE],Raging Bolt Ogerpon
Jeffrey Mennea [IT],Regidrago VSTAR
Janne-Niklas Römer [DE],Lost Zone Box
Omar Golinelli [IT],Terapagos Dusknoir
Salma Saidi [DE],Charizard Pidgeot
Carolin Schröter [DE],Dragapult Dusknoir
Boris Sambil [DE],Charizard Pidgeot
Floris Muis [NL],Roaring Moon ex
Adrian Maldonado [UK],Other
Servando Pascual [NL],Regidrago VSTAR
Dan Nash [US],Miraidon ex
Martin Wagner [DE],Gholdengo ex
HaiLong Nguyen [FR],Other
Louis JANNIN [FR],Raging Bolt Ogerpon
Maximus Weitz [DE],Dragapult Dusknoir
Fabian Edler [DE],Miraidon ex
Dustin Stratton [US],Other
Rémi Ringot [FR],Miraidon ex
Andreas Metz [DE],Terapagos Dusknoir
Christopher Crook [DE],Regidrago VSTAR
>TCG-ST10>Grey Bösch [AT],Unknown
Rastislav Slavkovský [CZ],Roaring Moon ex
Vanessa Weber [DE],Charizard Pidgeot
Christian Baimai [DE],Archaludon ex
Mario Pedullà [IT],Ceruledge ex
Konstantin Münchow [DE],Miraidon ex
Emilie Bougault [FR],Klawf Terapagos
Denis Provázek [CZ],Regidrago VSTAR
Pia Schmidt [DE],Ancient Box
nicky paradis [BE],Roaring Moon ex
Colin Müller-Kersting [DE],Dragapult Dusknoir
Schad Karim [CH],Miraidon ex
Juri Pavlik [DE],Dragapult Dusknoir
Jonathan Lorch [DE],Raging Bolt Ogerpon
Guillermo Ramos Cid [ES],Palkia
Alberto Comi [IT],Gholdengo ex
Jenny Geiger [DE],Regidrago VSTAR
Alessandro Martino [IT],Regidrago VSTAR
Jonas Ude [DE],Gholdengo ex
Andreas Döring [DE],Gholdengo ex
Steve Lawson [UK],Iron Thorns ex
Justus Giersch [DE],Regidrago VSTAR
Gabriel Mallitsch [AT],Pidgeot Control
Duc Dao [DE],Lost Zone Box
Denis Großmann [DE],Ceruledge ex
Pauline Papa [FR],Raging Bolt Ogerpon
Lukas Nowak [DE],Ceruledge ex
Kostas Tektonidis [GR],Lost Zone Box
Ben Williams [UK],Other
Pham Nhat Nam Le [DE],Gholdengo ex
Logan Goudard [FR],Miraidon ex
Sebastian Ostrouch [AT],Gardevoir ex
Nicolas Stuyck [FR],Lugia Archeops
Alexander Wagner [DE],Roaring Moon ex
Morgana Morandi [IT],Miraidon ex
Lukas Koch [CH],Ancient Box
Paul Windibank [UK],Charizard Pidgeot
Daniel Pochman [CZ],Dragapult Dusknoir
Isaac Abadane [IT],Lost Zone Box
Josef Schumann [DE],Ceruledge ex
Sjoerd Smedinga [NL],Other
Khuong Duy Pham [DE],Other
Christopher André Hrstic [DE],Raging Bolt Ogerpon
Verena Schumann [DE],Dragapult Dusknoir
Timo Rehberg [DE],Other
Christian Kusnezow [DE],Raging Bolt Ogerpon
Max Mrowka [DE],Raging Bolt Ogerpon
Tugay Yolcu [DE],Charizard Pidgeot
Michael Wenger [CH],Miraidon ex
Thomas GERAUNON [FR],Other
Fabienne Borrmann [DE],Dragapult Dusknoir
Dominik Liechti [CH],Roaring Moon ex
Ali Atasagun [DE],Raging Bolt Ogerpon
Florian Lehnen [DE],Raging Bolt Ogerpon
Elodie Maciaszek [FR],Raging Bolt Ogerpon
Rémy Bijaoui [FR],Lost Zone Box
Angelina Heitland [DE],Raging Bolt Ogerpon
Ben Frantik [DE],Regidrago VSTAR
Valentin Patsov [DE],Other
Barkin Kayaer [CH],Roaring Moon ex
Maximilian Nußbickel [DE],Iron Thorns ex
Gerald Avila [US],Charizard Pidgeot
Michael Edward Romano [IT],Regidrago VSTAR
Heiko Schmid [DE],Terapagos Dusknoir
Iwan Khoo [MY],Regidrago VSTAR
Noemi Frasnelli [AT],Banette Gardevoir
Rainer Mahl [DE],Miraidon ex
Tracey-Charleen Fietz [DE],Charizard Pidgeot
Michał Machowski [PL],Miraidon ex
Ronja Seewig [DE],Lugia Archeops
Julian Michaelsen [DE],Miraidon ex
Philipp Seitz [DE],Dragapult Dusknoir
Philipp Purschke [DE],Miraidon ex
Max Duschek [DE],Lost Zone Box
Julien Musset [FR],Dragapult ex
>TCG-ST13>Avery Holdom [UK],Unknown
Gül Sahin [DE],Miraidon ex
Yu-San Chan [DE],Other
Thomas Asare [NL],Lugia Archeops
Mattia Guglielmetti [IT],Iron Thorns ex
Pascal Ulrich [DE],Other
Dennis Morgan [DE],Other
Valentin Pinon [FR],Gholdengo ex
Roy Vos [NL],Other
Simon Kopf [DE],Terapagos Dusknoir
Maximilian Ramacher [DE],Other
Albéric Lutz [FR],Gholdengo ex
Yannick Schmid [CH],Charizard Pidgeot
Saim Akankan [DE],Charizard Pidgeot
Robin Sangwan [AU],Gardevoir ex
Tobias Dafner [AT],Raging Bolt Ogerpon
Matthijs Bettman [NL],Archaludon ex
Stefano Carta [IT],Other
Damian Depczynski [DE],Ceruledge ex
Youry De Bruyn [BE],Regidrago VSTAR
Sergen Ecin [DE],Miraidon ex
Marcel Mordhorst [DE],Ceruledge ex
Nick Balzer [DE],Gholdengo ex
Armando Marjanovic [HR],Raging Bolt Ogerpon
Davide Onesti [DE],Charizard Pidgeot
Yiming Hu [DE],Lost Zone Box
Steven Olmo Vucenovic [DE],Dragapult ex
Quentin Fritz [FR],Regidrago VSTAR
Ann-Christin Nickel [DE],Miraidon ex
Isabella Jaforte [IT],Raging Bolt Ogerpon
Sam Joel Fuest [DE],Regidrago VSTAR
Matteo Tenan [IT],Miraidon ex
Joan Manuel Carbonell Acuña [ES],Raging Bolt Ogerpon
niklas winistörfer [CH],Iron Thorns ex
Louis HERR [FR],Other
Lucas Brausch [DE],Raging Bolt Ogerpon
Myles Grayson [UK],Ceruledge ex
Duc Amend [DE],Raging Bolt Ogerpon
Malcolm Mießner [DE],Pidgeot Control
Philipp Hermann [DE],Dragapult Dusknoir
Benjamin Kvist Tornbo [DK],Pidgeot Control
Dominik Frolec [UK],Regidrago VSTAR
Eric Hendrickson [DE],Regidrago VSTAR
David Sturm [DE],Lost Zone Box
Rhys Christian [DE],Ancient Box
Sven Kallert [DE],Regidrago VSTAR
François Bernard [FR],Lugia Archeops
Bryning Daniel [DE],Other
Samuel Stur [DE],Terapagos Dusknoir
Julius Hoeptner [DE],Regidrago VSTAR
Keshia Bittkau [DE],Gardevoir ex
Kevin Krafczyk [DE],Ceruledge ex
Emiliano Baglivi [IT],Charizard Pidgeot
Christian Olszewski [DE],Raging Bolt Ogerpon
Ursula Kiefer [DE],Dragapult Dusknoir
Janus Wagner [DE],Regidrago VSTAR
Timo Hempel [DE],Terapagos Dusknoir
Stanislav Barej [SK],Regidrago VSTAR
Simon Küth [DE],Other
Ángel Manuel Carrillo Campos [ES],Other
Samer Hadi [DE],Other
Steven Sohr [DE],Dragapult Dusknoir
Guus Dobbelsteen [NL],Ceruledge ex
Oliver Elwick [UK],Terapagos Dusknoir
Martí Serrano Oliveras [ES],Dragapult Dusknoir
Bebawy Antonyus [IT],Other
David Boos [DE],Gholdengo ex
Paulo Weissheimer [DE],Miraidon ex
Fabian Volmer [DE],Raging Bolt Ogerpon
Joe Pearcey [UK],Raging Bolt Ogerpon
Antonio Castillo Matran [ES],Raging Bolt Ogerpon
Matteo Gambarato [IT],Other
Kai Gundacker [DE],Miraidon ex
Kevin Haas [DE],Dragapult ex
Nicolas Köcher [CH],Lost Zone Box
Paul Thompson [CA],Regidrago VSTAR
Yanik Berghofer [DE],Miraidon ex
Patrik Hofbauer [DE],Regidrago VSTAR
Christopher Dilday [DE],Terapagos Dusknoir
Onur Yildiz [DE],Other
Maurizio Zoccali [IT],Gardevoir ex
Maxi Angelina Graul [DE],Lost Zone Box
Alexander Granget [DE],Miraidon ex
Andrea Modenese [IT],Lost Zone Box
Keanu Luc Schreckenberg [DE],Lost Zone Box
Florian JOSEPH [FR],Ceruledge ex
Paulos Laimodeths [GR],Gardevoir ex
Marco De Lorenzi [IT],Raging Bolt Ogerpon
Daniele Illuminati [IT],Roaring Moon ex
Alex Dorin [CH],Charizard Pidgeot
Marian Nicolas Daniel [CZ],Lost Zone Box
Marco Tristl [DE],Terapagos Dusknoir
Jens Tödter [DE],Regidrago VSTAR
Wai-lun Alan Tsang [UK],Raging Bolt Ogerpon
>TCG-ST2>Jonas Eriksen [DK],Unknown
Matthias Langenfeld [DE],Terapagos Dusknoir
Michael Wölk [AT],Charizard Pidgeot
Laëtitia Rodriguez [FR],Miraidon ex
Perrine Boissieres [FR],Lost Zone Box
Dan Müller [DE],Raging Bolt Ogerpon
Xiang Wang [DE],Charizard Pidgeot
Hannes Kurz [DE],Raging Bolt Ogerpon
Tom Hager [DE],Ceruledge ex
Erik Hartmann [DE],Terapagos Dusknoir
Giovanni Lo Bocchiaro [FR],Raging Bolt Ogerpon
Christopher Coffey [DE],Terapagos Dusknoir
Louis Andresen [DE],Ceruledge ex
Danilo Laudati [IT],Charizard Pidgeot
Marcel Straschek [DE],Other
Sebastian Rink [DE],Regidrago VSTAR
Bastian Fuchs [DE],Charizard Pidgeot
Lucas Boix [FR],Raging Bolt Ogerpon
Cyprien Debosse [FR],Ceruledge ex
Edhan Lazzarotto [FR],Regidrago VSTAR
Lars Leuenberger [CH],Iron Thorns ex
Gary ENTEN [FR],Regidrago VSTAR
Vivien KARADJOFF [FR],Other
Christian Reich [DE],Ceruledge ex
Kai Scheller [DE],Other
Andreas Dreyer-Mierswa [DE],Raging Bolt Ogerpon
Chris Marisa Lammers [DE],Charizard Pidgeot
Manon Aubineau [FR],Raging Bolt Ogerpon
Xander van Vlaanderen [NL],Raging Bolt Ogerpon
Tobias Meyer [DE],Other
Denis Konstanz [DE],Ceruledge ex
Yannick Machiels [BE],Regidrago VSTAR
Chris-Harry Finch [DE],Miraidon ex
Melanie van der Elsen [NL],Raging Bolt Ogerpon
Nicolas Givaudan [FR],Iron Thorns ex
Achille LIEB [FR],Miraidon ex
Yasmin Kiss [DE],Other
Bartosz Wdowiak [PL],Charizard Pidgeot
Mario Binkowski [DE],Iron Thorns ex
Desire Przybylo [DE],Archaludon ex
Jonas Stöbe [DE],Gholdengo ex
alpay engin [DE],Regidrago VSTAR
Thomas Wojtysiak [FR],Palkia
Dario Carelli [CH],Palkia
Sebastian Braun [DE],Archaludon ex
Gianluca Limbi [IT],Lugia Archeops
James Brown [UK],Charizard Pidgeot
Mert Sen [DE],Terapagos Dusknoir
Konstantinos Liangakis [DE],Other
Nofoume Ben Ahmed Aly [FR],Terapagos Dusknoir
Rudolf Hoffmann [DE],Lost Zone Box
Nikolaos Filippidis [GR],Pidgeot Control
Sebastian Minh Dung Nguyen [DE],Dragapult Iron Thorns
Florian Lucas Steube [DE],Other
Shun Yao [DE],Charizard Pidgeot
Marco Speicher [DE],Terapagos Dusknoir
thomas huck [DE],Charizard Pidgeot
Marcel Koch [DE],Roaring Moon ex
Stephen L Kent [UK],Iron Thorns ex
Mathieu Vidal [FR],Snorlax Stall
Daniel Howarth [UK],Iron Thorns ex
Christoph Greinke [DE],Dragapult Pidgeot
JOEL NGUYEN [FR],Snorlax Stall
Jari Senne [NL],Gholdengo ex
Danny Schäfer [DE],Raging Bolt Ogerpon
Rimon Haque [DE],Lugia Archeops
Julia Bischoff [DE],Roaring Moon ex
Enrico Tomasini [IT],Regidrago VSTAR
Robin Schneider [DE],Gardevoir ex
Christian Schauer [DE],Charizard Pidgeot
Leon Gutman [DE],Other
Sven Noack [DE],Klawf Terapagos
Jan Weide [DE],Other
Nil Cayuela Capilla [ES],Charizard Pidgeot
Jose Garcia Perez [ES],Banette Gardevoir
Lorenzo Scaglione [IT],Charizard Pidgeot
Damian Dreßler [DE],Dragapult Dusknoir
Chariklia Grammatiki [DE],Charizard Pidgeot
Emmanuel Labonté [DE],Dragapult Dusknoir
Austin Windsor [UK],Gardevoir ex
Kim-Kevin Pajonk [DE],Miraidon ex
Phoebe Kift [UK],Gholdengo ex
Denny Winkelmann [DE],Raging Bolt Ogerpon
Teddy Vataire [FR],Regidrago VSTAR
Hakan Akkan [DE],Regidrago VSTAR
enzo hallynck [FR],Regidrago VSTAR
Alexander Jerico Dugayo [DE],Lost Zone Box
Andreas Gundersen [NO],Charizard Pidgeot
Marc Stipcevic [DE],Miraidon ex
Michael Albrecht [DE],Archaludon ex
Kevin Zimmermann [DE],Raging Bolt Ogerpon
Jose De las Casas [PE],Gholdengo ex
Manuel Duschanek [AT],Regidrago VSTAR
Phillip Lange [DE],Gardevoir ex
Simon Geck [DE],Charizard Pidgeot
Seth Trudeau [NL],Other
Oliver-James Hall-Vidler [UK],Other
Feliciano Adriano [DE],Raging Bolt Ogerpon
Daniel Vaine [DE],Charizard Pidgeot
Robin Fentner [DE],Regidrago VSTAR
Riccardo Semolini [IT],Terapagos Dusknoir
Axel Royer [FR],Other
Timothy Nicholson [IT],Lost Zone Box
Bastian Käfer [DE],Gholdengo ex
Giovanni Tamborra [IT],Gholdengo ex
Jeremiah Peterson [DE],Klawf Terapagos
Gianluca Orlando [IT],Palkia
Sascha Roth [DE],Terapagos Dusknoir
Paul Nabet [DE],Terapagos Dusknoir
Simon Maile [DE],Other
Gianluca Piciullo [DE],Miraidon ex
Christian Halder [AT],Regidrago VSTAR
Jordi Janssens [BE],Ceruledge ex
Benedikt Marten [DE],Dragapult Pidgeot
Alexandra Ellrod [AT],Miraidon ex
Lukas Wiechert [DE],Other
Aleš Tič [SI],Regidrago VSTAR
Lukas Maier [DE],Other
Sébastien Fit [BE],Regidrago VSTAR
Carlos Alonso [DE],Dragapult Pidgeot
Jörg Hovemann [DE],Miraidon ex
Ben Bailey [UK],Lost Zone Box
Jason Resto [US],Ceruledge ex
Luca Jahns [DE],Other
Kristijan Pecirep [DE],Charizard Pidgeot
Annie Cheyenne Fischer [DE],Gardevoir ex
Adrian Kis-Kadi [DE],Regidrago VSTAR
Jaimy Rehwald [DE],Lost Zone Box
Damien Prodan [FR],Miraidon ex
Niklaus Christen [CH],Other
Hyeonseung Lee [DE],Dragapult Dusknoir
Michaël Garmyn [BE],Regidrago VSTAR
Amin Sulzer [DE],Miraidon ex
Anna-Verena Schickaneder [DE],Gholdengo ex
Vincent Langlois [FR],Gholdengo ex
Louise Barron [UK],Dragapult ex
Tiago Portela [PT],Other
Geoffrey MARTIN [FR],Raging Bolt Ogerpon
Chi Wei Cheung [DE],Dragapult Dusknoir
Thomas Schön [DE],Charizard Pidgeot
Matteo Tobaldo [IT],Terapagos Dusknoir
Oisin Murphy [IE],Terapagos Dusknoir
Roberto Garijo [ES],Dragapult Dusknoir
NATHAN faby [FR],Lugia Archeops
Patrick Hasselbach [DE],Charizard Pidgeot
Wolfgang Brabänder [DE],Lost Zone Box
Sebastian Preising [DE],Other
Yarden Segal [CA],Regidrago VSTAR
Marcel Stein [DE],Ancient Box
Daryll Rago [CH],Charizard Pidgeot
Niels Uten [BE],Miraidon ex
Ismail Oechsle [DE],Roaring Moon ex
Marc Cordonié Roman [ES],Other
Enrico Trampler [DE],Archaludon ex
Mattia Gambarin [IT],Terapagos Dusknoir
Rolf Moll [DE],Roaring Moon ex
Jasper Schultze [DE],Other
Jahanbaba Mahilrasah [DE],Banette Gardevoir
Kerem Trögl [DE],Other
Mia Schmid [CH],Palkia
Jorelyn Adriano [DE],Charizard Pidgeot
Sören Heuer [DE],Regidrago VSTAR
Philipp Chambers [DE],Miraidon ex
Angel Miguel Sifuentes Oliveira [ES],Raging Bolt Ogerpon
Niklas Rappel [AT],Miraidon ex
Anastasios Theodorou [GR],Other
Lukas Moll [DE],Miraidon ex
Robin Hentzschel [DE],Iron Thorns ex
Danilo Göbölös [DE],Raging Bolt Ogerpon
Christoph Stein [DE],Raging Bolt Ogerpon
Alex Pavlenko [DE],Regidrago VSTAR
Kian Trabula [DE],Klawf Terapagos
Antoine Fichefet [FR],Other
Steven Worschech [DE],Ceruledge ex
Alessia Moressa [IT],Raging Bolt Ogerpon
Fabian Friedrich [DE],Ceruledge ex
Francesco Cavaliere [IT],Snorlax Stall
Nicolas Alric [FR],Charizard Pidgeot
Uwe Kümmerle [DE],Gardevoir ex
Tobias Klas [DE],Iron Thorns ex
Mareike Lörcher [DE],Lugia Archeops
Jeanette Blum [DE],Iron Thorns ex
Steffen Düsing [DE],Dragapult Pidgeot
Martina Bagatin [IT],Miraidon ex
Tim Theisen [DE],Klawf Terapagos
John Glanz [DE],Roaring Moon ex
Ivan Dujmovic [AT],Miraidon ex
Bruno Cuinet [FR],Charizard Pidgeot
Jan Siddiqi [DE],Roaring Moon ex
Nico Freudenberg [DE],Palkia
Bryan Villa [FR],Lost Zone Box
Daniel Goldberg [DE],Ceruledge ex
James Pilkington [UK],Other
Rene Müller [DE],Other
Sam Van Parijs [BE],Regidrago VSTAR
Rene Haunschmied [AT],Regidrago VSTAR
Sonja Kurz [AT],Terapagos Dusknoir
Zhen Dong [CN],Regidrago VSTAR
Osvaldo Mourinho [PT],Other
Greg Bonnafoux [FR],Miraidon ex
Sebastian Gerstner [DE],Charizard Pidgeot
Julien Hammer [DE],Other
Fabian Müller [DE],Terapagos Dusknoir
Pardo Andrea [IT],Lost Zone Box
Pascal Sobotta [DE],Regidrago VSTAR
Florian Petratzek [DE],Ceruledge ex
Anjo Züfle [DE],Other
Julien Ringot [CH],Regidrago VSTAR
Sven Vogt [DE],Charizard Pidgeot
Murat Ceylan [CH],Lost Zone Box
Michele Masili [NL],Pidgeot Control
Erich Neff [DE],Gardevoir ex
Nicolas von Alven [DE],Lost Zone Box
Denis Stegemann [DE],Dragapult Dusknoir
Michele Mattia Renda [IT],Ceruledge ex
Hannah Wagner [DE],Ceruledge ex
Sebastian Straka [DE],Lost Zone Box
Enrico Jerke [DE],Dragapult Dusknoir
Levin Kremer [DE],Raging Bolt Ogerpon
Melina Wink [DE],Miraidon ex
Dario Cirelli [CH],Regidrago VSTAR
Philipp Knapp [DE],Regidrago VSTAR
Stefan Zeh [DE],Other
Roman Lytkin [DE],Gholdengo ex
sofiane isbai Lo fermo [FR],Other
Andreas Kern [DE],Raging Bolt Ogerpon
Gatien Moreau [FR],Raging Bolt Ogerpon
Sascha Becker [DE],Roaring Moon ex
Patrick Drexler [DE],Other
Jeremias Catanzariti [UK],Miraidon ex
Sebastian Wittek [DE],Dragapult Dusknoir
Manuel Selak [DE],Roaring Moon ex
Cornelia Dafner [AT],Regidrago VSTAR
Patrick Nitsch [DE],Lugia Archeops
Damian Fois [DE],Dragapult Dusknoir
Serena Wieske [DE],Raging Bolt Ogerpon
Ludovic Mérinat [CH],Iron Thorns ex
Tim Schauder [DE],Miraidon ex
Rostislav Gaak [DE],Other
Robert Stawinoga [DE],Ceruledge ex
Denis Kienzler [DE],Regidrago VSTAR
Frank Schaumann [DE],Gholdengo ex
Christopher Rowland [UK],Palkia
Julia Sandvoß [DE],Other
Eston de Jong [NL],Charizard Pidgeot
Bastian Bretscher [DE],Regidrago VSTAR
Maxime Elizarov [FR],Lost Zone Box
Long Nguyen [DE],Lugia Archeops
Pascal Rupp [DE],Gholdengo ex
Nguyen Dan Daniel Tran [DE],Dragapult Dusknoir
Sascha Braun [DE],Terapagos Dusknoir
Dennis Kreuzmair [DE],Charizard Pidgeot
Anna Tandl [DE],Charizard Pidgeot
Vincent Hornez [DE],Ceruledge ex
Sam Loos [NL],Lugia Archeops
Michael Bauer [DE],Snorlax Stall
Sven Gustafson [DE],Gholdengo ex
Kenny Nickolay [DE],Raging Bolt Ogerpon
Juan Pablo Bedoya Lara [CO],Regidrago VSTAR
Rafał Duda [PL],Other
Nima Aliabasi [DE],Regidrago VSTAR
Sonja Neubauer [DE],Miraidon ex
Dennis Bogner [DE],Raging Bolt Ogerpon
stefanos spyropoulos [GR],Charizard Pidgeot
Tony Richter [DE],Lost Zone Box
Brian Luchsinger [CH],Raging Bolt Ogerpon
Nico Bavay [DE],Raging Bolt Ogerpon
Antonietta Filizola [IT],Miraidon ex
Cedric Lumma [DE],Gardevoir ex
SANDRO MENZI [CH],Raging Bolt Ogerpon
Ribanna Bauer [DE],Raging Bolt Ogerpon
Manuel Wurm [CH],Regidrago VSTAR
Kévin ADLER [FR],Other
Alisha Pedrotti [DE],Dragapult Dusknoir
Sacha Dias-Pierot [FR],Dragapult Iron Thorns
Pascal Middel [NL],Miraidon ex
Antonio jose Branquinho Martins [DE],Gholdengo ex
Dennis Thiel [DE],Raging Bolt Ogerpon
Lisa Wallisch [DE],Dragapult Dusknoir
Fela Sophie Zeller [DE],Miraidon ex
Sophie Cox [UK],Iron Thorns ex
Panagiotis Ioanidis [DE],Other
Leon Kandel [DE],Raging Bolt Ogerpon
Thomas CAVALIERE [FR],Gardevoir ex
Jano Manuel Schulz [DE],Charizard Pidgeot
Michal Truban [SK],Iron Thorns ex
Rhauan Ruthes Auersvaldt [DE],Terapagos Dusknoir
adrian sanchez [ES],Roaring Moon ex
Lucas Jeanneau [FR],Other
Luca Mueller [DE],Miraidon ex
Lukas Ramsauer [AT],Charizard Pidgeot
Thorsten Schmidt [DE],Other
Johannes Stader [DE],Charizard Pidgeot
Karim Mohamed Saleh [DE],Miraidon ex
Julian Möller [DE],Other
Joshua Woods [UK],Dragapult Dusknoir
Daniel Harzmann [DE],Regidrago VSTAR
Christian Manz [DE],Charizard Pidgeot
Thomas Telke [DE],Other
Romina Piotrowski [DE],Raging Bolt Ogerpon
Amábile Alice Deretti [PT],Other
Mark Heitmann [DE],Roaring Moon ex
Sandra Beati [IT],Roaring Moon ex
David Forti [DE],Dragapult Dusknoir
Patrick Friedrichs [DE],Roaring Moon ex
Sinan Demirtas [DE],Miraidon ex
Marino Rodriguez [US],Ceruledge ex
Dirk Wasiak [DE],Gardevoir ex
Carl-Maximilian Nürnberger [DE],Ceruledge ex
Simon Schubert [DE],Other
Christopher Scheucher [AT],Charizard Pidgeot
Arthur Görzen [DE],Dragapult Dusknoir
Kai Klein [DE],Miraidon ex
Samuel Baguet [FR],Lost Zone Box
Steven Jöstingmeier [DE],Other
Konstantinos Anagnostopoulos [GR],Ceruledge ex
Marvin Rosenthal [DE],Lugia Archeops
Andreas Flögel [DE],Archaludon ex
Rok Roškar [SI],Miraidon ex
Sam Eddy Kelly [US],Miraidon ex
Philipp Bormann [DE],Archaludon ex
Jari ter Maat [NL],Terapagos Dusknoir
Jouke Blum [NL],Miraidon ex
Kevin Richter [DE],Regidrago VSTAR
Bernd Draheim [DE],Ceruledge ex
Dennis Dillenburger [DE],Regidrago VSTAR
Maurice Neijman [DE],Regidrago VSTAR
Ferhan Saygivar [DE],Snorlax Stall
Michele Berto [IT],Charizard Pidgeot
Maewa SEEGER [FR],Raging Bolt Ogerpon
Robert Venzke [DE],Gardevoir ex
fabiola peyramaure [FR],Other
nicola bergamaschi [IT],Regidrago VSTAR
Maurice van den Bosch [NL],Miraidon ex
Tiep Nguyen [DE],Regidrago VSTAR
Timothy Pohl [DE],Raging Bolt Ogerpon
Lara Bergs [DE],Gardevoir ex
Christoph Baur [DE],Terapagos Dusknoir
Marcel Waldmann [DE],Ceruledge ex
Sophie Prudhomme [FR],Lost Zone Box
Moritz Hebestreit [DE],Terapagos Dusknoir
Dominic Brown [UK],Miraidon ex
Darius Bily [DE],Charizard Pidgeot
Omar Mahmood [UK],Archaludon ex
Lukas Jazwinski [DE],Gardevoir ex
>TCG-ST15> Metehan Öztürk [DE],Unknown
Petter Kaspersen [NL],Regidrago VSTAR
Lazaros Profyllidis [DE],Lost Zone Box
Michael Dürr [DE],Miraidon ex
Vincenzo De Roberto [IT],Charizard Pidgeot
Andrea Montagnese [CH],Gholdengo ex
Filipp Lausch [AT],Regidrago VSTAR
Ulas Gögdagöz [DE],Miraidon ex
Fabian Serfort [DE],Regidrago VSTAR
Gianmarco Morlé [IT],Terapagos Dusknoir
Jack Oliver [UK],Charizard Pidgeot
Sebastian Ernst [DE],Lugia Archeops
Anthony Davila [US],Other
brent hermans [BE],Ancient Box
Brad Taylor [UK],Lugia Archeops
Karina Hinze [DE],Miraidon ex
Yenal Yardim [DE],Roaring Moon ex
Thomas Kratz [DE],Charizard Pidgeot
Sanjay Balakrishnan [DE],Dragapult Dusknoir
Nadine Kuhn [DE],Raging Bolt Ogerpon
Saskia Michele Berg [DE],Charizard Pidgeot
Marco Schaper [DE],Iron Thorns ex
Andrea Odetti [IT],Lugia Archeops
Kai Bastian Niemann [DE],Lugia Archeops
Felix Schuster [DE],Palkia
Paul Tesnow [DE],Iron Thorns ex
Sebastian Poljak [DE],Other
Marco Bertoni [IT],Dragapult Dusknoir
Dennis Horndasch [DE],Snorlax Stall
Jarno De Vuyst [BE],Raging Bolt Ogerpon
Dylan Michael Bellon [IT],Raging Bolt Ogerpon
Andreas Schloffer [AT],Iron Thorns ex
Nicolaj Schummers [DE],Terapagos Dusknoir
Michael Dirk Görke [DE],Regidrago VSTAR
Leon Ruge [DE],Lost Zone Box
Patrik Vydra [CZ],Regidrago VSTAR
Iacopo Bove [IT],Lugia Archeops
Merve Nur Citirak [DE],Ceruledge ex
Yarno Van der fraenen [BE],Raging Bolt Ogerpon
Ben Giblin [UK],Other
Thilo Gaugler [AT],Klawf Terapagos
Lars Steinbrück [DE],Miraidon ex
Leonardo Luca Motisi [IT],Iron Thorns ex
Roxie Church [UK],Iron Thorns ex
Diem My Tran [DE],Archaludon ex
Daniela Demmel [DE],Ceruledge ex
Lukas Wegerhoff [DE],Raging Bolt Ogerpon
Chris Dubelt [UK],Lugia Archeops
Lucas Stummer [DE],Regidrago VSTAR
Maximilian Leistenschneider [DE],Gholdengo ex
Oguzhan Karadag [DE],Dragapult Dusknoir
Tobias Gabriel [DE],Terapagos Dusknoir
Emanuele Annunziata [DE],Other
Lars Düvel [AT],Miraidon ex
Chris Rugo [LU],Palkia
Richard Schaber [DE],Terapagos Dusknoir
Florian Kreusel [DE],Other
Andreas-Uwe Staudt [DE],Gholdengo ex
Tobias Jakhöfer [DE],Regidrago VSTAR
Bilal Atalay [DE],Other
Lukas Friedrich [DE],Other
Marcella van Duuren [NL],Other
bastian dyas [DE],Regidrago VSTAR
Tomáš Žukovský [CZ],Miraidon ex
Dennis Kaufmann-Köhler [DE],Ancient Box
Andreas Linzi [DE],Terapagos Dusknoir
Dennis Sjoers [NL],Miraidon ex
Valentin HUSSER [FR],Archaludon ex
Jai Tuckett [UK],Other
Tobias Beverung [DE],Charizard Pidgeot
Michelle Brown-Brine [UK],Regidrago VSTAR
Markus Schmidmeier [DE],Other
Michael Käser [DE],Unknown
Nicholas Pocanschi [DE],Other
Ben Burghardt [DE],Unknown
Stefan Jäger [DE],Unknown
Marco Carlino [IT],Unknown
