Calvin Connor [US],Regidrago VSTAR
Caitlin White [CA],Regidrago VSTAR
Vincent Owen [US],Raging Bolt Ogerpon
Caleb Gedemer [US],Regidrago VSTAR
Lucas Xing [CA],Regidrago VSTAR
Hasan Kunukcu [US],Pidgeot Control
Christian LaBella [CA],Regidrago VSTAR
Owen Rhoads [US],Regidrago VSTAR
Ciaran Farah [CA],Lugia Archeops
Grant Shen [US],Regidrago VSTAR
Michael Davidson [US],Gardevoir ex
Henry Chao [US],Gardevoir ex
Gabe Shumway [US],Klawf Terapagos
Elliot Miller [US],Klawf Terapagos
Vance Kelley [US],Regidrago VSTAR
Brandon Salazar [US],Gardevoir ex
Brandon Joestar [US],Raging Bolt Ogerpon
Felix Wong [CA],Gardevoir ex
Stephen Lowe [US],Snorlax Stall
Casey Katsouris [US],Roaring Moon ex
Jackson Ford [CA],Charizard Pidgeot
Corey Blankenship [US],Lugia Archeops
Caleb Rogerson [US],Regidrago VSTAR
David Zheng [US],Charizard Pidgeot
Dennis Peroff [CA],Other
Alex Hamilton [US],Charizard Pidgeot
Andrew Hedrick [US],Regidrago VSTAR
Samuel Martino [CA],Charizard Pidgeot
Maxence Gélinas [CA],Other
Benny Billinger [CA],Gardevoir ex
Makani Tran [US],Regidrago VSTAR
Joey Gaffney [CA],Pidgeot Control
Dylan Gunn [US],Pidgeot Control
Regan Retzloff [US],Lugia Archeops
jesse spencer [US],Gardevoir ex
Jeremy Gibson [US],Pidgeot Control
Benjamin Hebert [CA],Charizard Pidgeot
bryan okrey [US],Charizard Pidgeot
Jack Moore [CA],Regidrago VSTAR
Daniel Merlo [US],Regidrago VSTAR
Brenden Littlefield [US],Dragapult Iron Thorns
Lance Bradshaw [US],Regidrago VSTAR
Dario Marchetta [CA],Charizard Pidgeot
Stéphane Ivanoff [FR],Terapagos Dusknoir
Joshua Frink [US],Gardevoir ex
Cyrus Davis [CA],Other
Devin Holland [US],Charizard Pidgeot
Nicholas Moffitt [US],Regidrago VSTAR
Evan Bryant [US],Other
Joseph Nawal [US],Terapagos Dusknoir
Chris Franco [US],Regidrago VSTAR
Zach Lesage [CA],Roaring Moon ex
Riley McKay [CA],Regidrago VSTAR
Jeremiah Schmutz [US],Lugia Archeops
Austin Drake [CA],Charizard Pidgeot
Pablo Figueroa [MX],Banette Gardevoir
Connor Andrews [CA],Charizard Pidgeot
Gilbert Hoang [CA],Lugia Archeops
Justin Stites [US],Charizard Pidgeot
Tony Quach [US],Iron Thorns ex
Tiger Hickman [US],Dragapult Iron Thorns
Jay Medeiros [CA],Gholdengo ex
Jason Larabee [CA],Gholdengo ex
Aidan Khus [US],Other
Travis Beckwith [US],Regidrago VSTAR
Tucker Louis [US],Regidrago VSTAR
Hunter Butler [US],Klawf Terapagos
Baldemar Merlo [US],Regidrago VSTAR
Yihao Chen [US],Roaring Moon ex
Alex Schemanske [US],Regidrago VSTAR
Edward Kuang [CA],Miraidon ex
Yehoshua Tate [US],Terapagos Dusknoir
Arjun Khadse [US],Regidrago VSTAR
Kevin Gomez [CA],Regidrago VSTAR
Olive Battaglia [US],Ancient Box
Ian Robb [US],Regidrago VSTAR
Heming Wang [CA],Snorlax Stall
Jose Marrero [US],Gholdengo ex
Zack Pavao [CA],Archaludon ex
Nathan Hargreaves [UK],Other
Christian Chase [US],Charizard Pidgeot
Maximino Mendez [US],Klawf Terapagos
Brett Hartmann [US],Charizard Pidgeot
Benjamin Nackman [US],Terapagos Dusknoir
Edwin Arrollo [US],Charizard Pidgeot
Michael Bergerac [US],Snorlax Stall
Dave Hudson [CA],Unknown
Rowan Stavenow [CA],Regidrago VSTAR
Abraham Madruga [US],Iron Thorns ex
Simon Feng [CA],Snorlax Stall
Dean Nezam [US],Regidrago VSTAR
Joseph Sanchez [US],Roaring Moon ex
Evan zhu [CA],Lost Zone Box
Christopher Venier [CA],Regidrago VSTAR
Matthew Farkas [CA],Pidgeot Control
Taylor Whalen [US],Klawf Terapagos
Kamal Crooks-Valdez [US],Klawf Terapagos
Mike Morton [US],Archaludon ex
Jac Carter [US],Roaring Moon ex
William Crawford [CA],Charizard Pidgeot
Noah Donen [CA],Regidrago VSTAR
John Pedro [CA],Charizard Pidgeot
Camden Freeze [US],Charizard Pidgeot
Stefan-Leonard Michiu [CA],Dragapult Iron Thorns
Jordan Stoddard [CA],Dragapult Iron Thorns
Frank Jimenez [US],Dragapult Iron Thorns
Isaiah Cheville [US],Charizard Pidgeot
Calvin Tathanhlong [CA],Regidrago VSTAR
Anthony Bruno [US],Roaring Moon ex
Shane Kelley [US],Lugia Archeops
Wesley Tam [CA],Palkia
SZE HIM CHIANG [CA],Raging Bolt Ogerpon
Daniel Zhou [CA],Regidrago VSTAR
Austin Charles [US],Roaring Moon ex
Daniel Lin [CA],Gardevoir ex
Edward Vo [US],Lugia Archeops
Jalen Jones [US],Archaludon ex
Eric Ridgeway [US],Raging Bolt Ogerpon
Nick Dela Torre [US],Gardevoir ex
blake wray [US],Regidrago VSTAR
Carlos Artze [US],Iron Thorns ex
Dylan Smeigh [US],Lugia Archeops
Drew Lunstead [CA],Lost Zone Box
Jack Fedrow [US],Regidrago VSTAR
Cameron Cloughley [CA],Other
JW Kriewall [US],Dragapult Iron Thorns
Mustafa Tobah [US],Snorlax Stall
Troy Campbell [US],Dragapult Iron Thorns
Elsie Croizer [CA],Lost Zone Box
Jake Riggs [US],Gholdengo ex
Gregory Lim [CA],Ancient Box
William Young [CA],Lost Zone Box
Dominic Price [CA],Klawf Terapagos
Brooke English [US],Lost Zone Box
Sawyer Melban [US],Regidrago VSTAR
Jonathan Pasqua [CA],Iron Thorns ex
Shukri Ideis [US],Regidrago VSTAR
Florian Pons [FR],Charizard Pidgeot
Mario Martinez [US],Lugia Archeops
Tyler Vencill [US],Dragapult Iron Thorns
Jay Cristiano [CA],Iron Thorns ex
Nolan O'Brien [CA],Dragapult Iron Thorns
Jacky Su [CA],Lugia Archeops
Yosha Riley [US],Regidrago VSTAR
Jon Eng [US],Regidrago VSTAR
Eric Zhao [US],Gholdengo ex
Benjamin Nace [US],Regidrago VSTAR
Bodhi Robinson [US],Gardevoir ex
Will Skop [US],Charizard Pidgeot
Charlie Thompson [CA],Regidrago VSTAR
Christopher Zervos [US],Raging Bolt Ogerpon
Joshua Pyle-Carter [CA],Ceruledge ex
Nicolas Bernier-Gagnon [CA],Raging Bolt Ogerpon
Mikey Sanagustin [US],Lugia Archeops
Eric Li [US],Gholdengo ex
Bryan Ortiz [CA],Miraidon ex
Gabriel Smart [US],Charizard Pidgeot
Jake Santiago [CA],Regidrago VSTAR
Luke Townsend [US],Regidrago VSTAR
Jan Michael Ortiz [US],Klawf Terapagos
Sable Creech [US],Roaring Moon ex
Brandon Nguyen [US],Regidrago VSTAR
Ben DeGarmo [US],Regidrago VSTAR
Andrew Mallach [US],Palkia
Hunter Smith [US],Snorlax Stall
Zackary Prpic [CA],Regidrago VSTAR
Bryce Hazen [US],Regidrago VSTAR
Tristan Maier [US],Dragapult Iron Thorns
Tsz chun Christopher Chan [CA],Charizard Pidgeot
Kenneth Springett [US],Charizard Pidgeot
Michele Schiraldi [CA],Regidrago VSTAR
Ed Rickard [US],Other
Jerry Xue [CA],Dragapult Iron Thorns
Michael Kelly [US],Roaring Moon ex
Jack Saunders [CA],Regidrago VSTAR
Mason Bowser [US],Lost Zone Box
Christian Roy-Johnson [CA],Roaring Moon ex
Andrew Williamson [US],Lost Zone Box
Spencer Johnson [US],Regidrago VSTAR
Mukesh kumar [CA],Regidrago VSTAR
Sam George [US],Klawf Terapagos
BRYCE SIDERIUS [CA],Dragapult Iron Thorns
Sebastian Lashmet [US],Charizard Pidgeot
Louis-Serge Gagné [CA],Gholdengo ex
Sean Hargrave [CA],Roaring Moon ex
Quinn Rowland [US],Lugia Archeops
Nicholas Yang [CA],Raging Bolt Ogerpon
Kevin Fuentes [US],Raging Bolt Ogerpon
Gabriel Ouellet [CA],Raging Bolt Ogerpon
Andrew Kennett [US],Ancient Box
Jordan Resendes-Marques [CA],Palkia
Austin Bentheimer [US],Gholdengo ex
Jakob Friedman [US],Pidgeot Control
Lorenzo Prieto [US],Raging Bolt Ogerpon
Drue Townsend [US],Charizard Pidgeot
gwen durell [US],Gholdengo ex
Joe Bryant [US],Lugia Archeops
Reynaldo Ryan Halim [ID],Regidrago VSTAR
Cameron Scotland [US],Regidrago VSTAR
Jane Kiger [US],Dragapult Dusknoir
Evan Macdonald [CA],Other
Jason Figueiredo [CA],Charizard Pidgeot
Tyler Ashe [CA],Lost Zone Box
Nathan Bussiere [CA],Gardevoir ex
Ash LeDonne [US],Lugia Archeops
Ryan Thomas [US],Charizard Pidgeot
Michael Formanek [US],Charizard Pidgeot
EJ Argonza [US],Roaring Moon ex
Lucas Huculak [CA],Snorlax Stall
Kyle Morris [US],Unknown
Luke Levy [US],Klawf Terapagos
Andrew Moore [US],Charizard Pidgeot
Charles Stephenson [US],Dragapult Iron Thorns
Byounghoon Kim [CA],Gardevoir ex
Austin Davis [US],Regidrago VSTAR
Jacob Szettella [US],Raging Bolt Ogerpon
August Painter [US],Gardevoir ex
Daniel Chan [CA],Terapagos Dusknoir
Zachary Kane [US],Palkia
Matthew Ali [CA],Roaring Moon ex
Shawn Chauvin [CA],Klawf Terapagos
Richard Nguyen [CA],Roaring Moon ex
Tevon Rossich [US],Charizard Pidgeot
Oleksander Rakityanski [CA],Charizard Pidgeot
Luke Maher [US],Charizard Pidgeot
Armin Sam Daliri [CA],Raging Bolt Ogerpon
Morris Arnold [AU],Raging Bolt Ogerpon
Isaiah Bradner [US],Charizard Pidgeot
Michael Jelderian [CA],Dragapult Dusknoir
Tyler Kramer [US],Other
Ryan Krats [CA],Ancient Box
Robin Schulz [DE],Lugia Archeops
Sascha Rogge [CA],Charizard Pidgeot
Tanner Hurley [US],Regidrago VSTAR
Richard Freire [US],Charizard Pidgeot
Tyler Annaert [CA],Klawf Terapagos
Prateek Bynagari [US],Miraidon ex
Connor Chiappetta [US],Charizard Pidgeot
Logan Anna [US],Lost Zone Box
Yucong Shi [CA],Dragapult ex
Abe Morales [US],Dragapult Iron Thorns
Connor Taylor [US],Other
Rahul Reddy [US],Lugia Archeops
Jake Pilch [US],Regidrago VSTAR
Ethan Majidi [CA],Terapagos Dusknoir
Corey Godfrey [US],Archaludon ex
Nathan Doyle [IE],Gardevoir ex
Elizabeth Rains [US],Dragapult Dusknoir
Ricky Yuen [CA],Klawf Terapagos
Krystal Florendo [CA],Klawf Terapagos
Brian Ha [US],Klawf Terapagos
Michael Long [CA],Lugia Archeops
Julian Gort-Barry [CA],Regidrago VSTAR
Connor Finton [US],Klawf Terapagos
Raymond Long [CA],Gardevoir ex
Devin Walker [US],Klawf Terapagos
Tom Day [CA],Miraidon ex
Frederic Deneault [CA],Other
Donny McCoy [US],Palkia
Kevin Bonneau [CA],Gholdengo ex
Uddish Sood [US],Lost Zone Box
Robert Simpson [CA],Regidrago VSTAR
Ryan Hoang [CA],Lugia Archeops
George Chen [CA],Charizard Pidgeot
Jason Whittle [US],Gardevoir ex
Jack Wong [CA],Terapagos Dusknoir
Sanjay Sundararajan [US],Pidgeot Control
Bryan Bare [US],Lugia Archeops
Gibson Archer-Tang [US],Dragapult Iron Thorns
Breon Wilson [US],Snorlax Stall
Tony Santos [US],Miraidon ex
Michael Emeofa [US],Regidrago VSTAR
Gordon Coates [CA],Dragapult Iron Thorns
Lennon Baugh [US],Klawf Terapagos
Noah Kaiser [US],Gardevoir ex
Justin Perea [US],Dragapult Iron Thorns
Zachary Fortier [CA],Archaludon ex
Lake Lubrano [US],Gardevoir ex
Michael Norcia [CA],Klawf Terapagos
Johnathan Starr [US],Klawf Terapagos
Kevin Gauthier [CA],Gardevoir ex
Félix Huard [CA],Raging Bolt Ogerpon
Christopher Barraco-heil [CA],Iron Thorns ex
Max De Saint [CA],Snorlax Stall
Benjamin Chang [US],Gardevoir ex
Chun Kit Li [CA],Other
Steven Vuong [CA],Roaring Moon ex
Ramon Miranda [US],Charizard Pidgeot
Andrew Weiss [US],Charizard Pidgeot
Richard Shoemaker [US],Charizard Pidgeot
Steven Martin [US],Regidrago VSTAR
Michael Hunter [IE],Gardevoir ex
Chris Barry [US],Roaring Moon ex
Piper Lepine,Regidrago VSTAR
Patrik Räty [US],Klawf Terapagos
Drew Allen [CA],Other
Hunter Miller [US],Miraidon ex
Justin Turner [US],Regidrago VSTAR
Carter Malnaik [US],Other
Tony Herrera [US],Lost Zone Box
Collin Merli-Matthews [US],Regidrago VSTAR
Trevor Tran [US],Gardevoir ex
Sachit Soni [US],Roaring Moon ex
Erich Francis [US],Roaring Moon ex
Matthew Kuhl [US],Charizard Pidgeot
Grant Walworth [US],Other
Ajay Sridhar [US],Roaring Moon ex
Wassim Yassine [CA],Terapagos Dusknoir
Dillon Johnson [US],Lugia Archeops
Francis Savard [CA],Regidrago VSTAR
Devin Steisel [US],Raging Bolt Ogerpon
Austin Lee [US],Gholdengo ex
Saumit Kukkadapu [US],Lost Zone Box
Justin Santacroce [US],Regidrago VSTAR
Nate Manning [US],Snorlax Stall
Ethan Yi [US],Pidgeot Control
Lorenzo Menendez [CA],Iron Thorns ex
Cerys Jones [US],Gardevoir ex
Nathan Schaal [US],Charizard Pidgeot
Matt Walter [US],Gholdengo ex
Noah Peltier [US],Pidgeot Control
Andy Jiang [US],Klawf Terapagos
Ethan Chiu [CA],Dragapult Iron Thorns
Cody Friend [US],Dragapult Iron Thorns
Simon Trottier-Lacasse [CA],Regidrago VSTAR
Alexane Bellemare [CA],Gardevoir ex
Joseph Mousaed [US],Pidgeot Control
Gavin Jewan [CA],Dragapult Iron Thorns
Henry Thompson [US],Other
Joshua Guthrie [CA],Other
Carter Brush [CA],Roaring Moon ex
Tim Tipton [US],Other
Jordan Taylor [CA],Gholdengo ex
Hayden Auterhoff [CA],Charizard Pidgeot
Nick Robinson [US],Regidrago VSTAR
Chris Morello [CA],Regidrago VSTAR
Jamil Yanez [CA],Gholdengo ex
vincent gillette [US],Regidrago VSTAR
Roger Moccia [US],Charizard Pidgeot
Nathan Ginsburg [US],Pidgeot Control
Stephen Scicluna [CA],Regidrago VSTAR
Anthony Gagné [CA],Regidrago VSTAR
Giancarlo Bortolon [CA],Other
Raphaël Gauthier [CA],Gholdengo ex
Bryson Hunt [CA],Other
Simon Luong [CA],Regidrago VSTAR
Ludwig Llanos [US],Regidrago VSTAR
Riley Malik [US],Archaludon ex
Solomon Im [US],Archaludon ex
Nolan Randall [CA],Charizard Pidgeot
alexys rodriguez [US],Gardevoir ex
Jonathan Cosme [US],Gholdengo ex
Aaron Curry [US],Gardevoir ex
Eric Pujol [FR],Snorlax Stall
FABIEN Pujol [FR],Other
Connor Heckman [US],Klawf Terapagos
Tristan Rojas [US],Terapagos Dusknoir
Jack Pitcher [CA],Klawf Terapagos
David Dinka [CA],Klawf Terapagos
Matthew Hernandez [CA],Charizard Pidgeot
Andrew Obtinalla [CA],Roaring Moon ex
Fraser Cuviello [CA],Other
Joseph Zhu [US],Gholdengo ex
Cory Koehler [US],Gholdengo ex
Edward Soto Jr. [US],Klawf Terapagos
Ethan Chen [CA],Charizard Pidgeot
Steve-Wendy Jean-Philippe [CA],Gholdengo ex
Glenn Huang [CA],Charizard Pidgeot
Dean Legge [US],Klawf Terapagos
Alex Butler [CA],Regidrago VSTAR
Tristan Greening [CA],Regidrago VSTAR
Harel Manhaim [IL],Klawf Terapagos
Elineury Collado [US],Miraidon ex
William Timmermeyer [US],Raging Bolt Ogerpon
Jordan Hoadley [CA],Raging Bolt Ogerpon
Carter Miller [CA],Palkia
Rafal Gladysz [US],Dragapult Iron Thorns
Mark Oldham [US],Gardevoir ex
Jojo West [US],Lugia Archeops
Zach Cohen [US],Regidrago VSTAR
Christian Stridiron [US],Gardevoir ex
Joel Emerson [CA],Ancient Box
Mike Pianka [US],Charizard Pidgeot
Jacob Avchen [US],Terapagos Dusknoir
Joshua Rosario [US],Dragapult Iron Thorns
Elliott Chereches [CA],Regidrago VSTAR
Jesse Parker [US],Dragapult Iron Thorns
Justin Newdorf [US],Charizard Pidgeot
Cyrus McCane [US],Other
Kyler Short [CA],Roaring Moon ex
Ryan Ginsburg [US],Klawf Terapagos
Jimmy Bonneau [CA],Klawf Terapagos
Colin Calvert [US],Roaring Moon ex
Yakira Tate [US],Terapagos Dusknoir
Anthony Sabbagh [CA],Gardevoir ex
Nate Joseph [CA],Klawf Terapagos
Brandon Mcnorton [CA],Roaring Moon ex
Ryan Kohen [CA],Snorlax Stall
Jack Kincaid [US],Gholdengo ex
Kyle Pyykkonen [US],Snorlax Stall
Chase Hoffman [US],Regidrago VSTAR
Lukas Medeiros [CA],Lost Zone Box
Barry Li [US],Charizard Pidgeot
Shun Takemasa [US],Archaludon ex
Mike Lynch [US],Gholdengo ex
Nicholas Uterano [US],Lost Zone Box
Matthew Zhou [CA],Roaring Moon ex
Brian Du [US],Gardevoir ex
Landen Kaetler [CA],Miraidon ex
Sharath Cherian [US],Raging Bolt Ogerpon
Kabir Virji [CA],Regidrago VSTAR
Robert Moreau-Barnard [CA],Dragapult Iron Thorns
Mark Dizon [CA],Dragapult Dusknoir
Leo Hendrickx [CA],Dragapult Dusknoir
Patrick Jones [CA],Gholdengo ex
Patrick VanderMeer [CA],Other
Murat Gursoz [US],Gardevoir ex
Kevin Deitche [US],Charizard Pidgeot
Alex Fusco [US],Roaring Moon ex
Shashi Naraine [CA],Gholdengo ex
Terrence Miller [US],Ancient Box
Cody Zimmerman [US],Charizard Pidgeot
Vaughn Weber [US],Lost Zone Box
Timothy Thomas [US],Other
Devon Birkner [CA],Raging Bolt Ogerpon
Xavier Kerr [CA],Charizard Pidgeot
Nathan Spencer [US],Regidrago VSTAR
Benjamin Cusack [CA],Lost Zone Box
Tim Vince [CA],Lost Zone Box
Masahiro Okamura [JP],Gholdengo ex
Michael Messina [US],Ancient Box
Adrian D’Souza [CA],Miraidon ex
Hiroki Nakashima [UK],Regidrago VSTAR
Ramiro Galindo [US],Gholdengo ex
Joel Bergman [CA],Lugia Archeops
Michael Duong [CA],Terapagos Dusknoir
Alex Leksan [US],Miraidon ex
Eric Wu [US],Roaring Moon ex
Semir Halilovic [CA],Roaring Moon ex
Henry Charnock [US],Dragapult Iron Thorns
Diamonti Noble [US],Other
Raymond Kong [US],Charizard Pidgeot
Tanner Drabek [US],Charizard Pidgeot
Rob Hopper [CA],Charizard Pidgeot
Charles Ames [CA],Regidrago VSTAR
Amy Jones [US],Regidrago VSTAR
Owen Johnson [CA],Charizard Pidgeot
Gabriel Machabée [CA],Raging Bolt Ogerpon
Nolan Freda [US],Archaludon ex
Anthony Daubney [US],Roaring Moon ex
Stephen Eshghy [US],Klawf Terapagos
John Stewart [US],Regidrago VSTAR
Jalal Abokhabsa [CA],Dragapult Dusknoir
Neil D'sa [CA],Charizard Pidgeot
Liam Miller [CA],Other
Patrice Boulard [CA],Archaludon ex
Carver Wherry [CA],Regidrago VSTAR
Cameron Shenoy [US],Regidrago VSTAR
Carmela Gascon [CA],Lost Zone Box
Jonathan Green [CA],Roaring Moon ex
Lenny Harrison [US],Dragapult Iron Thorns
Nicholas McEwan [CA],Ceruledge ex
Morgan Abreu [US],Terapagos Dusknoir
Rosh Patel [US],Ancient Box
Thomas Blokzyl [CA],Klawf Terapagos
raphael simard [CA],Lost Zone Box
Shaquille Sandy [TT],Regidrago VSTAR
Jacob Noel [US],Dragapult Iron Thorns
Evan Woudstra [CA],Terapagos Dusknoir
Christopher Tsimiklis [CA],Charizard Pidgeot
Tony Paull [CA],Miraidon ex
Stephen Richardson [US],Roaring Moon ex
Ash Lafford [CA],Klawf Terapagos
Harrison Zipp [US],Klawf Terapagos
Jaime Garcia [CA],Miraidon ex
joshua titus [CA],Charizard Pidgeot
Aryaman Chaturani [CA],Lost Zone Box
evan fullaway [US],Gholdengo ex
ZHUOYUAN LI [CA],Iron Thorns ex
Sunny Le [CA],Gardevoir ex
Ziyuan Yin [CN],Palkia
Nick Illenz [US],Other
David Donner [CA],Gholdengo ex
Francesco Moscillo [CA],Regidrago VSTAR
Jeremy Gumila [US],Roaring Moon ex
Jose Paolo Veloso [CA],Charizard Pidgeot
Sylvester Chen [US],Roaring Moon ex
Maxime Ferland [CA],Gholdengo ex
Mathieu Cantin-Roy [CA],Charizard Pidgeot
Alex Tran [US],Charizard Pidgeot
Daniel Osmond [CA],Archaludon ex
Nathan Cheney [US],Charizard Pidgeot
Jeff Loney [CA],Roaring Moon ex
James Blanchard [CA],Regidrago VSTAR
Geremy Baillargeon [CA],Terapagos Dusknoir
Thierry Lessard-Vignini [CA],Klawf Terapagos
Stefan Tabaco [US],Roaring Moon ex
Suhaan Singh [CA],Charizard Pidgeot
Samuel Scime [CA],Lugia Archeops
Zachary Trybus [US],Gholdengo ex
Ethan Mathias [CA],Other
Jack Beecher [US],Lost Zone Box
William Evans [CA],Charizard Pidgeot
Joseph La Madrid [CA],Other
DC DeVos [US],Regidrago VSTAR
Andy Quach [CA],Dragapult Iron Thorns
Ryan Bownes [US],Iron Thorns ex
Frankie Biggins [CA],Gholdengo ex
Maxwell Douglass [US],Dragapult Iron Thorns
Anthony Sudol [US],Iron Thorns ex
Jandaile De Guzman [CA],Dragapult Iron Thorns
Thomas Masse [US],Dragapult Iron Thorns
Elvin Aghayev [CA],Raging Bolt Ogerpon
Sujith Nalabolu [US],Lost Zone Box
Matthew Barbeau [US],Pidgeot Control
Michelle Messinger [US],Charizard Pidgeot
Alfredo Gomez [US],Gholdengo ex
Joshua Wheeler [US],Charizard Pidgeot
Payne Huisman [CA],Terapagos Dusknoir
Chase Kozlowski [US],Klawf Terapagos
Eric Thieleman [US],Gholdengo ex
Brandon Lee [CA],Gardevoir ex
Alek Estrada [US],Charizard Pidgeot
Sackett Brehmer [US],Regidrago VSTAR
Kipling Tidwell [US],Terapagos Dusknoir
Jimmy Thich [CA],Ceruledge ex
George Ji [CA],Lost Zone Box
Benjamin Benbow [US],Terapagos Dusknoir
Daniel Schmitt [US],Dragapult Iron Thorns
clayton may [US],Archaludon ex
Hector Medina [US],Gardevoir ex
Alexandro Amaya [US],Other
Victor Ghibu [CA],Lost Zone Box
Yul McGrath [US],Gholdengo ex
Vincent Marchesano [CA],Gholdengo ex
Marcos Gonzalez [US],Lost Zone Box
Thomas Harvey [CA],Lost Zone Box
Justin Johnson [US],Charizard Pidgeot
Tord Reklev [NO],Other
Trevore Read [CA],Regidrago VSTAR
Teegan Hall [US],Pidgeot Control
Katarzyna Janik-Jones [CA],Dragapult Dusknoir
ENZO SATAKE [BR],Klawf Terapagos
Cobi Kawasaki [US],Charizard Pidgeot
Jonathan Herrera [US],Miraidon ex
IAN GAO [CA],Snorlax Stall
Alejandro Rodriguez Jr [US],Regidrago VSTAR
Christopher Duong [CA],Regidrago VSTAR
Cor Vanderwolf [CA],Klawf Terapagos
Kyle Lesniewicz [US],Regidrago VSTAR
Shreyas Pani [US],Lost Zone Box
Ansh Kansara [CA],Regidrago VSTAR
Daniel Brunner [US],Charizard Pidgeot
Jonathan Gazmen [CA],Raging Bolt Ogerpon
Ian Saunders [CA],Regidrago VSTAR
Justin Proulx [CA],Dragapult Iron Thorns
Zach Laska [US],Gardevoir ex
Dorian Djuric [CA],Ancient Box
Iain Harding [US],Lugia Archeops
Joe Turrentine [US],Dragapult Iron Thorns
Christopher Torres [US],Iron Thorns ex
Shukai Chen [CA],Archaludon ex
Alfredo Ramos [CA],Raging Bolt Ogerpon
andrew amistad [CA],Charizard Pidgeot
Jorge Teran [CA],Regidrago VSTAR
Zhen Zhang [CN],Klawf Terapagos
Nicolas Galli [US],Lost Zone Box
Owen McGrath [US],Roaring Moon ex
Gabriel Cruz [US],Raging Bolt Ogerpon
Cameron Roberts [US],Ceruledge ex
Jean-Christophe Fournier [CA],Raging Bolt Ogerpon
Stuart Sakaluk [CA],Klawf Terapagos
Phillip Tran [CA],Dragapult Iron Thorns
Claire Ingoglia [US],Klawf Terapagos
Jerrick Gumila [US],Roaring Moon ex
HECTOR IBARRA [US],Terapagos Dusknoir
Joshua De Michele [US],Roaring Moon ex
Jason Ngo [CA],Other
Steven Bates [US],Lugia Archeops
Junior Chala [US],Regidrago VSTAR
Aaron Rozbicki [CA],Gardevoir ex
Armaan Pahwa [US],Other
Aidan Patterson [US],Other
Brennan Browley [CA],Regidrago VSTAR
Joseph Shlayen [CA],Gholdengo ex
Daniel Nejad [CA],Charizard Pidgeot
Michael Meal [CA],Lugia Archeops
TAO SONG [CA],Gardevoir ex
Michael Garcia [US],Regidrago VSTAR
Cole Chevalier [CA],Dragapult Iron Thorns
Songshan Guo [CA],Raging Bolt Ogerpon
Gabriel Rabin [CA],Snorlax Stall
Luis Catalan [US],Dragapult Iron Thorns
Josh Noah [US],Charizard Pidgeot
Rajveer Singh [US],Charizard Pidgeot
Kris Chaudouet [CA],Gardevoir ex
Mohammed Zahar [CA],Other
Christian Cantelon [CA],Miraidon ex
Cedric Cima [CA],Raging Bolt Ogerpon
Chaz Blanks [US],Iron Thorns ex
Juan Valle [US],Raging Bolt Ogerpon
Khoa Tong [US],Charizard Pidgeot
Sylvain Murphy [US],Archaludon ex
Cody Floyd [US],Gholdengo ex
Nate Hathaway [US],Roaring Moon ex
Ludovic Orban [LU],Gholdengo ex
Heather Thomson [CA],Gholdengo ex
Kenneth Xu [US],Charizard Pidgeot
Neo Erlandsson [US],Pidgeot Control
Kris Kavanagh [US],Roaring Moon ex
George Burden [CA],Dragapult Dusknoir
Michael Vo [US],Dragapult Iron Thorns
Alex Soucy [US],Klawf Terapagos
Kenneth Gilman [US],Miraidon ex
Justin Liu [US],Other
Tecara Newton [CA],Gholdengo ex
Drew Ahlberg [US],Miraidon ex
Eric Aubertin [CA],Regidrago VSTAR
Dominick Ciampi [US],Dragapult Iron Thorns
riyad mechel [CA],Klawf Terapagos
James Bratton [US],Dragapult Iron Thorns
Ryan Fitzmaurice [US],Ancient Box
Jack Potter [CA],Regidrago VSTAR
Raymond Zhu [CA],Snorlax Stall
Mikey Kalb [US],Klawf Terapagos
Quang Thong Ngo [CA],Klawf Terapagos
Matthew Padget [US],Regidrago VSTAR
Maliq Bell-Brown [US],Charizard Pidgeot
Jeffrey Li [CA],Raging Bolt Ogerpon
Daylon Jung [CA],Charizard Pidgeot
Chris Costa [US],Roaring Moon ex
Peter Ma [CA],Pidgeot Control
Sunny Lee [CA],Roaring Moon ex
Tyler Price [US],Raging Bolt Ogerpon
Everardo Garduno [US],Roaring Moon ex
Megan Karns [US],Other
Kyle Sullivan [US],Gholdengo ex
Robert Burley [US],Miraidon ex
Logan Nelson [US],Gholdengo ex
Sean Timmons [US],Dragapult Iron Thorns
Joe Crosbie [CA],Charizard Pidgeot
KC Larranaga [US],Miraidon ex
Ludovic Fortin [CA],Miraidon ex
Alex Fedo [US],Gholdengo ex
Andres Estay-Lobos [CA],Archaludon ex
Jordan Dawson [CA],Klawf Terapagos
Lyra Kraemer [US],Pidgeot Control
Peter Willis [CA],Gardevoir ex
Riley Janowicz [US],Lugia Archeops
Matan m pilo [CA],Raging Bolt Ogerpon
Roddy Munro [CA],Raging Bolt Ogerpon
Simon Emtage [US],Raging Bolt Ogerpon
Maxime Turick [CA],Unknown
ray Cipoletti [US],Regidrago VSTAR
Allen Zhang [CA],Gardevoir ex
Brett Gorney [US],Dragapult Iron Thorns
Hunter Ward [US],Charizard Pidgeot
Gavin Zhou [CA],Charizard Pidgeot
Michael Outler [US],Gardevoir ex
James Washer [US],Other
Matthew Gilbert [CA],Roaring Moon ex
Malcolm Whelan [NL],Other
Joe Sturino [US],Palkia
Maxim Guillotte [CA],Regidrago VSTAR
Riley Jette [CA],Miraidon ex
Aaron Gaudet [CA],Charizard Pidgeot
Adam Kalamat [CA],Gardevoir ex
Jeffrey Locke Jr. [US],Dragapult Iron Thorns
Hunter Morales [US],Lugia Archeops
Li Wan [CA],Regidrago VSTAR
Brandon Brintnell [CA],Lost Zone Box
Christina Korsak [US],Snorlax Stall
Justin Tambogon [CA],Gardevoir ex
Christopher Abreu [US],Roaring Moon ex
Jonathan Cloutier [CA],Other
Kevin Robinson [US],Roaring Moon ex
Jesse Gaynor [US],Gardevoir ex
Darwin Leung [CA],Gholdengo ex
Peter David [CA],Dragapult Iron Thorns
Kenny Hernandez [US],Lost Zone Box
Francesco Scaglione [CA],Pidgeot Control
Jonathan poirier [CA],Dragapult Pidgeot
Christopher Pineda [US],Regidrago VSTAR
Erik Aucapina [US],Klawf Terapagos
Sergio Rodriguez [CA],Miraidon ex
Steven Lapthorne [CA],Lost Zone Box
Logan Entrekin [US],Other
Marvin Le [CA],Klawf Terapagos
Mark Tiu [CA],Dragapult Iron Thorns
Donald Cao [US],Regidrago VSTAR
Marvin Lu Banzon [CA],Roaring Moon ex
Adam Moustafa [CA],Regidrago VSTAR
Kenneth Hung [CA],Terapagos Dusknoir
Tommy Thich [CA],Gholdengo ex
Chad Abner [US],Dragapult Iron Thorns
Hunter North [CA],Snorlax Stall
Callie Moore [CA],Other
Austin Ellis [CA],Lost Zone Box
Ivan Stoyanov [CA],Palkia
Suzanne Chung [CA],Dragapult Iron Thorns
Victor Walnyckyj [CA],Other
Rob Thompson [US],Gardevoir ex
Anthony Spanitz [US],Other
Lucas Worrod [CA],Gholdengo ex
Louis Kondraski [CA],Charizard Pidgeot
Derek Wilson [CA],Charizard Pidgeot
Matteo Distefano [CA],Charizard Pidgeot
Anthony Smith [US],Charizard Pidgeot
Tianyang Yang [CA],Gardevoir ex
Jeremiah Neumann [US],Terapagos Dusknoir
Alec Avedissian [CA],Klawf Terapagos
William Gravel [CA],Charizard Pidgeot
Sanjeev Raj [CA],Dragapult Iron Thorns
Keven Gonzalez [CA],Gardevoir ex
Bryson Cliggett [US],Other
Riddhi Mautbar [CA],Charizard Pidgeot
Nick Aja [US],Terapagos Dusknoir
Neil Orr [CA],Archaludon ex
Mitchell Cuillerier [CA],Gholdengo ex
Heather Vance-Winkler [US],Raging Bolt Ogerpon
Michael Laundrie [US],Lugia Archeops
Brad Critchley [CA],Roaring Moon ex
Anthony Chernyak [CA],Other
Gabriel Rozon [CA],Ceruledge ex
Hanna Richir [US],Gholdengo ex
Andy Shen [CA],Charizard Pidgeot
Nicolas Guignard [CA],Lugia Archeops
Man Hin Tsang [CA],Ancient Box
Nathan Ritchie [CA],Regidrago VSTAR
Thomas Kobbs [US],Gholdengo ex
Kevin Corona [US],Archaludon ex
Ashley Dever [US],Gholdengo ex
Gabriel Magidson [US],Dragapult Iron Thorns
Michael Hancock [CA],Charizard Pidgeot
James Flanagan [US],Dragapult Iron Thorns
Michael Talarico [CA],Raging Bolt Ogerpon
Reva James Pabayo-Cruz [CA],Raging Bolt Ogerpon
Christopher Antrim [US],Miraidon ex
Ryan Shore [US],Other
Ardienne Salas [CA],Gardevoir ex
Jared Wormley [US],Charizard Pidgeot
Shiu Fung Jason Hui [CA],Charizard Pidgeot
Arnell Ditch [US],Gholdengo ex
Erin Arcaina [US],Other
Michael Fuerst [US],Miraidon ex
Esteban Tinajero [US],Klawf Terapagos
Holly Sturm [US],Raging Bolt Ogerpon
Amir Asgarali [CA],Other
Connor Chapkis [US],Gardevoir ex
Jinquan Li [CA],Roaring Moon ex
Brian Courtney [CA],Gardevoir ex
Eric Francis [US],Regidrago VSTAR
Lukasz Ramsay [CA],Dragapult Iron Thorns
Wyatt Lightfoot [CA],Terapagos Dusknoir
Alexis Hurens [CA],Klawf Terapagos
Francis Theroux-petit [CA],Other
John Cook [US],Roaring Moon ex
Jonathan Bruzzese [CA],Gardevoir ex
Joshua Berube [CA],Other
Mario Vivas [CA],Regidrago VSTAR
Matthew Armstrong [CA],Klawf Terapagos
Jayson Donnelly [CA],Gholdengo ex
Solomon Shurge [US],Miraidon ex
Justin Seto [CA],Klawf Terapagos
Robert Brecht [CA],Charizard Pidgeot
Samuel Chapdelaine [CA],Roaring Moon ex
Mike Riley [US],Regidrago VSTAR
Eric Brodeur [US],Gholdengo ex
Jose Morales [US],Lugia Archeops
Josh Wright [CA],Terapagos Dusknoir
Nathan Rosenberg [US],Klawf Terapagos
Josh Todd [CA],Regidrago VSTAR
Noah Tremblett [CA],Charizard Pidgeot
Corey Robinson [US],Roaring Moon ex
Adam Meyler [CA],Palkia
Alexandre Ouellette [CA],Roaring Moon ex
Sebastian Swierad [CA],Charizard Pidgeot
Liam Vincent [CA],Charizard Pidgeot
Alex Jeong [CA],Klawf Terapagos
Bree Nimer [CA],Gholdengo ex
Renato Padua Jr [BR],Raging Bolt Ogerpon
Aloy Paul [CA],Miraidon ex
Leonardo Cardelli [CA],Gardevoir ex
Tate Whitesell [US],Ceruledge ex
Shaun Adamson [CA],Gholdengo ex
Matthew Wood [CA],Gholdengo ex
stuart Miller [CA],Regidrago VSTAR
Nicholas Hoang [CA],Gardevoir ex
Jason Amar [CA],Gardevoir ex
Elizabeth Willet [DK],Charizard Pidgeot
Timothy Mills [US],Klawf Terapagos
Luna Dunham [US],Regidrago VSTAR
Brian Deveza [US],Regidrago VSTAR
Tyler Dantuma [US],Regidrago VSTAR
Tyler Mathews [US],Klawf Terapagos
Michael McKersie [US],Terapagos Dusknoir
Leonardo Guevarra [CA],Gholdengo ex
Prin Basser [US],Raging Bolt Ogerpon
luc Daigle [CA],Dragapult Pidgeot
Nicholas Hacquebord [US],Klawf Terapagos
Amier Faudzi [CA],Klawf Terapagos
Alexander Remick [US],Gholdengo ex
Josh Brillantes [CA],Lost Zone Box
Jaime Cortes [MX],Raging Bolt Ogerpon
Wenhao Zou [US],Miraidon ex
Kevin Tang [US],Klawf Terapagos
Kaylee Hatfield [US],Roaring Moon ex
Mark McDonald Jr [US],Terapagos Dusknoir
Jackson Steinwall [CA],Ancient Box
Andrew Simmons [CA],Roaring Moon ex
Brandon Morey [US],Dragapult Iron Thorns
Samuel Deng [CA],Charizard Pidgeot
Victor De Velasco [MX],Gholdengo ex
Bradley Lippert [US],Other
Johnny Tam [CA],Other
Adrian Monin [US],Gholdengo ex
Lily Morgan [US],Gardevoir ex
Francis Imbergamo [US],Gholdengo ex
Brandon Lo [CA],Charizard Pidgeot
Bryan Ward [US],Archaludon ex
Adelio Grave [US],Klawf Terapagos
Nicholas Harrikissoon [CA],Charizard Pidgeot
Vincent Vuong [CA],Gholdengo ex
Grant Manley [US],Other
John Pisaneschi [US],Iron Thorns ex
Garth Shephard [CA],Lost Zone Box
Ian Hunter [US],Dragapult Iron Thorns
Alexandre Paré [CA],Other
Ben Stephenson [CA],Klawf Terapagos
Derek OBryan [US],Charizard Pidgeot
Michael Battaglia [CA],Regidrago VSTAR
Brennan Winkler [US],Miraidon ex
Nic Stewart [US],Klawf Terapagos
Hunter Padlo [US],Roaring Moon ex
Jonathan Crespo [US],Other
Matthew Sanders [US],Klawf Terapagos
Ali Coulibaly [CA],Gholdengo ex
Lucas Fanzio [CA],Lost Zone Box
Maxime Brisson [CA],Archaludon ex
Ryan Campbell [US],Charizard Pidgeot
Chuchu Ikoro [US],Miraidon ex
Lucas Xie [CA],Raging Bolt Ogerpon
Jacob Hsu [CA],Gholdengo ex
Elijah Miller [US],Dragapult Dusknoir
NATHAN HOPPER [US],Roaring Moon ex
Thomas Aguila [CA],Charizard Pidgeot
Alex Belanger-Phoenix [CA],Regidrago VSTAR
Elizabeth Barbera [US],Other
Mylaine Bélanger [CA],Regidrago VSTAR
Janette Sacdalan [AU],Regidrago VSTAR
Cedric Grenier [CA],Roaring Moon ex
James Blanks [US],Roaring Moon ex
Brandon May [US],Gholdengo ex
Matthew McCoag [CA],Charizard Pidgeot
Marc McKenney [US],Regidrago VSTAR
Eric Liu [US],Lugia Archeops
Sudipta Biswas [US],Charizard Pidgeot
Julian Cabrera [CA],Roaring Moon ex
Victoria Barry [US],Raging Bolt Ogerpon
Kieran Gilmore [CA],Klawf Terapagos
Caleb Wheeler [US],Regidrago VSTAR
Kenny Ngo [US],Klawf Terapagos
Michelle Chew [US],Lugia Archeops
Alex Walter [US],Miraidon ex
Pranav Ganti [US],Ancient Box
Ethan Heckman [US],Dragapult Iron Thorns
Tania Gort [CA],Iron Thorns ex
Scott Patchett [CA],Regidrago VSTAR
Victor Valenzuela [US],Lugia Archeops
Carter Neeb [CA],Gholdengo ex
Mathieu Faucher [CA],Pidgeot Control
Nguyen Nguyen [US],Gholdengo ex
Nikko Ruelos [US],Archaludon ex
Matthew Sandel [US],Raging Bolt Ogerpon
Wayne Fiddler [CA],Charizard Pidgeot
Graham Kovach [US],Klawf Terapagos
Adam Lester [US],Lugia Archeops
Achilles Yiu [CA],Charizard Pidgeot
Jayson Cha [CA],Roaring Moon ex
Justin Torres [US],Terapagos Dusknoir
Anthony Cazzola [US],Archaludon ex
Nickon Bostandoustnik [CA],Regidrago VSTAR
Drew Wakefield [US],Gholdengo ex
Tristan Daigle [CA],Other
Annabelle Hardy [CA],Lost Zone Box
Christina Melnychuk [CA],Regidrago VSTAR
Angel Cornejo [US],Ancient Box
Angelo Mangosing [CA],Gholdengo ex
Andrew Giles [CA],Raging Bolt Ogerpon
Tianqi Zhang [CA],Regidrago VSTAR
John Karluk [US],Raging Bolt Ogerpon
Stuart Haw [CA],Regidrago VSTAR
Dylan Gutz [US],Charizard Pidgeot
Hieu Nguyen [CA],Charizard Pidgeot
Sammy Gardner-Bell [CA],Other
Jordan Folsom [US],Ceruledge ex
Frank Thorne [CA],Ancient Box
Sammy Allen [US],Roaring Moon ex
Christopher Melvan [US],Dragapult Iron Thorns
Nicole Miller [US],Other
Jen Scheri [US],Dragapult Iron Thorns
Evan Mitchell [US],Lugia Archeops
Max Dobie [CA],Charizard Pidgeot
Megan Dietrick [US],Banette Gardevoir
Erick Perez [US],Other
Hanna Thorne [CA],Terapagos Dusknoir
Ali Haidar [US],Charizard Pidgeot
Jose Marzan [US],Klawf Terapagos
Mike Gyssels [CA],Regidrago VSTAR
Bryan Cresswell [CA],Charizard Pidgeot
Ryan Antonucci [US],Other
Brady Hooker [US],Dragapult Iron Thorns
Jeremy Medina [US],Gardevoir ex
Maxim Korobov [US],Gardevoir ex
Ming Weng [CN],Roaring Moon ex
Jeffrey Chau [CA],Gholdengo ex
Nathan Barker [US],Dragapult Iron Thorns
Kyle Pacheco [CA],Raging Bolt Ogerpon
Thomas Dewsbury [US],Charizard Pidgeot
Eric Draaistra [CA],Raging Bolt Ogerpon
Nixon Cedillos [US],Charizard Pidgeot
Luke Paul [US],Dragapult Iron Thorns
Justin Kim [CA],Regidrago VSTAR
Jeremy Klug [US],Dragapult Dusknoir
Nick Fleming [US],Dragapult Iron Thorns
Aleaner Pabonnie [US],Raging Bolt Ogerpon
Matthew Faustino [CA],Gholdengo ex
Jesper S.H Eriksen [DK],Other
Cameron Kawasaki [US],Archaludon ex
Jacob Culley [US],Regidrago VSTAR
Jorden Kehler [CA],Miraidon ex
Bryant Breier [US],Dragapult Iron Thorns
Lars Krohn [CA],Snorlax Stall
kelvin chan [HK],Charizard Pidgeot
tyler frink [US],Ceruledge ex
Alex Ognjanovic [CA],Other
Yosuke Asano [CA],Raging Bolt Ogerpon
Jonathan Rafael [CA],Gardevoir ex
Gangjun Jin [CA],Klawf Terapagos
Jeff Bernard [US],Charizard Pidgeot
Jared Dodds [CA],Lugia Archeops
Mario Escalante [CA],Raging Bolt Ogerpon
Declan Platakis [CA],Charizard Pidgeot
BILLY CHAN [CA],Lugia Archeops
Christina Wang [US],Regidrago VSTAR
Zachary Bookal-Lewis [CA],Miraidon ex
Elia Colla [CA],Raging Bolt Ogerpon
Mitch Watson [CA],Charizard Pidgeot
Jessie DAndrea [US],Gholdengo ex
Bill Li [CA],Lost Zone Box
Loc Nguyen [US],Regidrago VSTAR
Brendan Cornell [US],Charizard Pidgeot
Thao Le [US],Gardevoir ex
Allan Brown [CA],Charizard Pidgeot
Emmett Lorenzen [US],Charizard Pidgeot
Harry Li [US],Other
Bennett McKinney [US],Charizard Pidgeot
Ashish Puri [CA],Miraidon ex
Filippa Dorais [SE],Other
Eduardo Tzapin [US],Dragapult Iron Thorns
Lucas Sforza [CA],Regidrago VSTAR
Dan Hugar [US],Dragapult Iron Thorns
Junwei Liang [CA],Roaring Moon ex
Katie Mueller [US],Regidrago VSTAR
Gregg Torbeck [US],Ceruledge ex
Jacques Boutros [CA],Roaring Moon ex
Zack Dietrick [US],Lost Zone Box
Vijay Kalam [CA],Raging Bolt Ogerpon
Patrick Mrazek [CA],Raging Bolt Ogerpon
Brock McNichols [CA],Regidrago VSTAR
Quinn De Leon [CA],Unknown
Adrian Sado [CA],Miraidon ex
Abel Yallew [CA],Klawf Terapagos
Christian Umipig [CA],Miraidon ex
Pablo Gonzalez [MX],Charizard Pidgeot
Asher Kier [US],Miraidon ex
Joseph Sapinoso [CA],Miraidon ex
Jan Dominguez [US],Dragapult Iron Thorns
Justin Patenaude [CA],Archaludon ex
Alex Cowen [CA],Miraidon ex
Edin Halilovic [CA],Gardevoir ex
Antoine Perrot [CA],Terapagos Dusknoir
Jacob Hanley [CA],Miraidon ex
Daniel Kim [CA],Other
Amir Karim [CA],Charizard Pidgeot
Christopher Karo [US],Regidrago VSTAR
Tung-Lin Wu [CA],Other
Tyler Nagy [US],Gholdengo ex
Tyler Keenan [US],Gholdengo ex
Matthew Molloy [US],Roaring Moon ex
Dhruva Mehta [US],Charizard Pidgeot
James Santaniello [US],Klawf Terapagos
Travis Shows [US],Other
Liam Halliburton [US],Pidgeot Control
marc-alexandre chenail [CA],Dragapult Iron Thorns
Emmanuel Salinas Rivas [CA],Roaring Moon ex
Jeffrey Engson [CA],Klawf Terapagos
David Matte [CA],Ceruledge ex
Aidan Cioppa [US],Dragapult Iron Thorns
Martin De Asis [CA],Charizard Pidgeot
Seabass McChops [US],Miraidon ex
Daniel Powell [US],Klawf Terapagos
Richard Washington [US],Dragapult Dusknoir
Ryan Ho [CA],Other
Austin Weiss-Laroche [CA],Dragapult Dusknoir
Hadi Yassin [CA],Charizard Pidgeot
Julian Plourde [CA],Regidrago VSTAR
Jared De Guzman [CA],Regidrago VSTAR
Adam Tam [CA],Miraidon ex
Kris Krueger [US],Ceruledge ex
Stefan Bechler [CA],Miraidon ex
Matthew Jackson [US],Raging Bolt Ogerpon
Jeremy Pritz [CA],Charizard Pidgeot
Sébastien Landry [CA],Lugia Archeops
Rachel Ward [US],Gholdengo ex
David Gervacio [US],Raging Bolt Ogerpon
Collin Quan [CA],Palkia
Mario Machado [CA],Gholdengo ex
Alberto Tabares-Galarza [US],Klawf Terapagos
Victor Lavoie [CA],Raging Bolt Ogerpon
Hubert Zhu [CA],Other
Bryce Harris [US],Other
Luis Enrique Vela [US],Raging Bolt Ogerpon
eric villeneuve [CA],Miraidon ex
Adriano Candido Jr [US],Dragapult Iron Thorns
Nathan Hampton [US],Klawf Terapagos
Collin Ray [US],Gholdengo ex
Ping Hei Chau [CA],Miraidon ex
Novah Strutt [CA],Charizard Pidgeot
David Shi [CA],Terapagos Dusknoir
Lenny Vanstaalduinen [CA],Klawf Terapagos
Cam Pittman [CA],Lost Zone Box
Ross Peltier [CA],Raging Bolt Ogerpon
Yogesh Santhanakrishnan [CA],Raging Bolt Ogerpon
Ryan Fragale [CA],Lost Zone Box
Ryan Nicoll [CA],Dragapult Dusknoir
Phoebe DePerry [US],Regidrago VSTAR
Chantel Fochuk [CA],Miraidon ex
Mark Miller [US],Regidrago VSTAR
Zachary Robinson [CA],Lost Zone Box
Michael Vigouroux [CA],Regidrago VSTAR
Lenya Bellemare [CA],Other
Dillon Quick [CA],Charizard Pidgeot
Alexander Stewart [CA],Regidrago VSTAR
Srirag Babu-Gannon [CA],Miraidon ex
Mackenzie Laramie [CA],Miraidon ex
Lucas Thiele [US],Klawf Terapagos
Sam Rubenstein [US],Miraidon ex
Patrick McKay [CA],Ancient Box
George Cheng [CA],Gardevoir ex
Waleed Odeh [US],Gardevoir ex
Cole Stellato [US],Klawf Terapagos
Joseph Hong [US],Regidrago VSTAR
Phoenix Wavey [CA],Dragapult Iron Thorns
Alexandre Girard [CA],Roaring Moon ex
Kevin Bui [CA],Dragapult Dusknoir
James Balasiak [CA],Dragapult Iron Thorns
Richard Kulsum [US],Raging Bolt Ogerpon
Hayden Frew [CA],Lugia Archeops
Erik Cunha [CA],Charizard Pidgeot
Paul Menyo [US],Roaring Moon ex
Wilson Wong [CA],Klawf Terapagos
Huy Pham [CA],Charizard Pidgeot
Logan Coles [US],Regidrago VSTAR
Jared Grimes [US],Other
Austin Gariepy [US],Regidrago VSTAR
Ian Dean [CA],Regidrago VSTAR
Jack Basmaci [US],Pidgeot Control
Markus Baldesarra [CA],Other
Kai Chun So [UK],Lugia Archeops
Zhiyu Pan [CA],Klawf Terapagos
Bryan Kim [US],Gholdengo ex
Elijah Talley [US],Miraidon ex
Andrew Nunez [US],Regidrago VSTAR
Alexander Martinez [CA],Gardevoir ex
Maria Camacho [CA],Regidrago VSTAR
Christopher Palmer [US],Charizard Pidgeot
Nam Dang [CA],Miraidon ex
Curtis Langer [CA],Pidgeot Control
Rich Longer [US],Raging Bolt Ogerpon
Victor Ha [CA],Lost Zone Box
Rollitt Mavreas [CA],Gardevoir ex
Xavier Ménard-Beaudoin [CA],Charizard Pidgeot
Marc-Olivier Boucher [CA],Miraidon ex
Melissa Pardo [US],Miraidon ex
Cameron Henry [CA],Lost Zone Box
May White [CA],Gardevoir ex
Adam Scott [CA],Roaring Moon ex
Michael Schmidt [US],Klawf Terapagos
Taylor Hawley [US],Lost Zone Box
Eric Vachon [CA],Raging Bolt Ogerpon
Casey Inniss [CA],Dragapult Pidgeot
Braydon Castle [CA],Other
Sohrob Benvidi [US],Charizard Pidgeot
Nick Hope [CA],Regidrago VSTAR
Hubert Mireault [CA],Charizard Pidgeot
Keith Wong [CA],Gholdengo ex
Daniel Kus [US],Regidrago VSTAR
Shawn Boucher [CA],Raging Bolt Ogerpon
Brandon McCartney [CA],Palkia
Lance Boilard [US],Dragapult Dusknoir
Nathan Hoekman [US],Other
Émile Lalande [CA],Roaring Moon ex
Aldan Berry [CA],Dragapult Pidgeot
Nicholas Germain [US],Lugia Archeops
Sam A [CA],Other
Ivan Aulbrook [CA],Regidrago VSTAR
Jack Merten [US],Gholdengo ex
Alain Trépanier [CA],Other
Liam Bessey [CA],Charizard Pidgeot
Hal Johnston [US],Charizard Pidgeot
Joseph Myles [US],Regidrago VSTAR
Jake Nowacki [US],Lugia Archeops
Ahmed mughal [CA],Raging Bolt Ogerpon
Adrian Marchesano [CA],Palkia
J-F Guimond [CA],Gholdengo ex
Audrey Archambault [CA],Lost Zone Box
Daniel McLean [CA],Gardevoir ex
Jack Chen [US],Other
Eddie Wazermas [CA],Charizard Pidgeot
Frank Blackbird [CA],Miraidon ex
James Burnard [CA],Lost Zone Box
Jerry Li [US],Gardevoir ex
Sebastian Buenafe [CA],Terapagos Dusknoir
Jorge Omar Velazquez Rangel [MX],Charizard Pidgeot
Keiffer Dufour [CA],Klawf Terapagos
Jacob Chakkalakal [CA],Charizard Pidgeot
Cody Roulette [CA],Roaring Moon ex
Sky DelaCruz [US],Other
Jason Garcia [CA],Dragapult Iron Thorns
Joe Ferrari [CA],Other
Maxime Michaud [CA],Charizard Pidgeot
Braiden Duncan [CA],Gholdengo ex
Alex Barbosa [CA],Other
Luke Harvey [US],Gholdengo ex
Mitchel Silva [US],Dragapult Iron Thorns
Dylan Ferreira [CA],Ceruledge ex
Cody Williams [CA],Regidrago VSTAR
Aman Singh [CA],Regidrago VSTAR
Vernon Tsoi [CA],Roaring Moon ex
Austin Luc [CA],Raging Bolt Ogerpon
Wojtek Gronek [CA],Regidrago VSTAR
Gary Ye [CA],Charizard Pidgeot
Gabriel Tinio [CA],Palkia
Christopher Wu [CA],Gholdengo ex
Christopher VanBrunt [US],Regidrago VSTAR
Ronald Sharpsteen [US],Gholdengo ex
Ashley Thacker [US],Roaring Moon ex
Hamza Khan [US],Charizard Pidgeot
Levi Marshall [CA],Charizard Pidgeot
Matthew Hill-Kent [CA],Snorlax Stall
Harrison Dye [US],Pidgeot Control
Jake Gallagher [US],Charizard Pidgeot
James Tam [CA],Dragapult Dusknoir
Brian Ng [CA],Regidrago VSTAR
Gabe Vetere [US],Terapagos Dusknoir
Kobe Tin [CA],Raging Bolt Ogerpon
Erick Mejia Uzeda [CA],Other
Jean Francois Duchesne [CA],Terapagos Dusknoir
James Fitzgerald [CA],Gardevoir ex
James Chow [CA],Charizard Pidgeot
Simon Liu [CA],Klawf Terapagos
Anthony Filoteo [CA],Charizard Pidgeot
Shawn Brown [CA],Raging Bolt Ogerpon
Jason Ramirez [US],Charizard Pidgeot
Matthew Tam [US],Charizard Pidgeot
Aushton Kelusky [CA],Other
Dustin Ashford [CA],Other
Jacob Skeens [US],Gholdengo ex
Tom Nardello [US],Lost Zone Box
Malique Pitter [CA],Ancient Box
Calvin Johnson [CA],Miraidon ex
Kiersten Leach [US],Gholdengo ex
Ryan Leduc [CA],Miraidon ex
Jakob Brown [CA],Regidrago VSTAR
José Torres [US],Klawf Terapagos
Devin Pratchler [CA],Miraidon ex
Austin Brodeur [CA],Other
Domenick Ritchie [CA],Roaring Moon ex
Caroline Dochez [CA],Raging Bolt Ogerpon
Gabriel Kuchera [CA],Lost Zone Box
Tyler Schoenfeld [US],Klawf Terapagos
Ryan Miller [US],Regidrago VSTAR
Samuel Gardner [US],Charizard Pidgeot
Eric Yang [CA],Regidrago VSTAR
Jeroni Mestres [CA],Gholdengo ex
Mateo Miskic [CA],Other
NAHUEL ALCAINO [CA],Gholdengo ex
Nicholas Moses [US],Roaring Moon ex
John-Paul Rodriguez [CA],Lost Zone Box
Kyle Sidsworth [CA],Other
Justin Parsons [CA],Dragapult Iron Thorns
Wen Xuan Qiu [CA],Gardevoir ex
Reginald Pangindian [CA],Miraidon ex
David Cline [US],Gardevoir ex
Blake Daryaie [US],Lugia Archeops
Brennon Oster [CA],Dragapult Iron Thorns
Alexandre Malo [CA],Klawf Terapagos
Abijah Jongsma [CA],Charizard Pidgeot
Mathieu Guay [CA],Klawf Terapagos
Nicholas Ly [CA],Regidrago VSTAR
Ben Wing [US],Snorlax Stall
Andrew Zbyrko [US],Dragapult Iron Thorns
Julio Cantu [US],Raging Bolt Ogerpon
Adrian Johnston [CA],Miraidon ex
Andy Raymond [CA],Regidrago VSTAR
Kacper Smejda [CA],Charizard Pidgeot
Michael Moskal [US],Archaludon ex
Hayden Yeung [CA],Iron Thorns ex
Gledy Barradas-Grullon [CA],Raging Bolt Ogerpon
Jahziah Christie [US],Other
Martin Kim [CA],Regidrago VSTAR
Alex Moyer [CA],Iron Thorns ex
Elvin Tse [CA],Gardevoir ex
Justin Gothreau [CA],Dragapult Dusknoir
Giovanni Tritto [CA],Raging Bolt Ogerpon
Ivan Belchev [CA],Regidrago VSTAR
Alan Lee [CA],Raging Bolt Ogerpon
Karmah Concha [US],Archaludon ex
Nico Cruces [CA],Roaring Moon ex
PJ Witusik [US],Roaring Moon ex
Sohrab Naderi [CA],Gardevoir ex
Pavithran Kumarathasan [CA],Raging Bolt Ogerpon
Alex michaud [CA],Dragapult Dusknoir
Kyle Rive-foster [CA],Gholdengo ex
Samson Rast [CA],Regidrago VSTAR
Damian Stober [CA],Other
Matt Steele [US],Ceruledge ex
Dillon Barta [US],Klawf Terapagos
Cole Wilkins [CA],Klawf Terapagos
Tyler Cuviello [CA],Lugia Archeops
Stephen Kiluk [US],Gholdengo ex
Daylan Pain [US],Gholdengo ex
Peter Paszkiewicz [CA],Ceruledge ex
Luis Torres [US],Dragapult Iron Thorns
Ruochen Tang [US],Dragapult Iron Thorns
Peter Mairs [CA],Other
Jin Zhen Luo [CA],Dragapult Iron Thorns
Connor Woolf [US],Dragapult Iron Thorns
Isabella Macaluso [US],Gardevoir ex
Charlotte Pettitt [US],Miraidon ex
Sarah Hoffman [CA],Raging Bolt Ogerpon
bret obrien [US],Lost Zone Box
Emily Goose [CA],Gardevoir ex
Steven Salines [CA],Ceruledge ex
Kraig Krueger [US],Ceruledge ex
Roxanne Laurie [CA],Miraidon ex
Ethan Szendrey [CA],Ancient Box
Alexander Chea [US],Charizard Pidgeot
Jonathan Roy [CA],Other
Tommy Dussault [CA],Roaring Moon ex
Nicole Kim [CA],Raging Bolt Ogerpon
Nathaniel Ross [US],Klawf Terapagos
Makayla Penney [US],Klawf Terapagos
Nathan Flanders [CA],Gholdengo ex
Michael Nguyen [US],Dragapult Iron Thorns
Alex Markham [US],Lugia Archeops
Aurius Keanu Medalla [CA],Regidrago VSTAR
Emma Lo [CA],Regidrago VSTAR
Stephen Bautista [CA],Regidrago VSTAR
Kenneth Mauder [US],Gardevoir ex
Adam Emerson [US],Charizard Pidgeot
Shaobin cheng [CA],Lugia Archeops
Caden Gidge [CA],Charizard Pidgeot
Elliot Sayles [US],Gholdengo ex
Charbel Mazzawi [CA],Klawf Terapagos
Dave Soeiro [CA],Snorlax Stall
Melanie Cousineau [CA],Raging Bolt Ogerpon
Jesus Alanis [US],Regidrago VSTAR
Danny Jang [CA],Charizard Pidgeot
Nathaniel Wilcutt [US],Ceruledge ex
Serhat Ciftci [CA],Gholdengo ex
Matthew Aldoosh [CA],Other
Hailey Brancato [CA],Gholdengo ex
Lucas Coquet [FR],Other
Paul Thompson [CA],Regidrago VSTAR
Kailey Thomas [US],Raging Bolt Ogerpon
Owen Gunnip [US],Terapagos Dusknoir
Francis Lafond [CA],Regidrago VSTAR
Angelo Lezada [CA],Roaring Moon ex
Elijah Crawford [CA],Regidrago VSTAR
Dillon Ryan [US],Archaludon ex
Nadim Syed [US],Raging Bolt Ogerpon
Andrew Padron [US],Charizard Pidgeot
Peter Fu [US],Gholdengo ex
Jordan Campbell [CA],Lost Zone Box
Jasmine Dickinson [UK],Klawf Terapagos
Jesus Ochoa [CA],Gholdengo ex
Jason Hitzfield [US],Roaring Moon ex
Kale Stahl [US],Iron Thorns ex
Rodrigo Pleites [CA],Dragapult Iron Thorns
Taiyo Hun [CA],Charizard Pidgeot
Jonathon Dunford [US],Snorlax Stall
Kyle Edwards [CA],Iron Thorns ex
Hunter Smith [CA],Snorlax Stall
June Norber [US],Charizard Pidgeot
Eric Corazzola [CA],Lugia Archeops
Richard Lei [CA],Roaring Moon ex
Danny Thach [US],Regidrago VSTAR
Dean Marsh [US],Klawf Terapagos
Jacob Brooks [CA],Raging Bolt Ogerpon
Roderick Wu [CA],Miraidon ex
Arielle Lok [CA],Lugia Archeops
Tong Li [CA],Roaring Moon ex
Chris Siakala [US],Regidrago VSTAR
Ethan Wray [US],Regidrago VSTAR
Ivan Chavira [US],Gardevoir ex
Marcus Siu [CA],Raging Bolt Ogerpon
Eder Escalante [CA],Roaring Moon ex
Hanzhi Zhang [CA],Charizard Pidgeot
Lachlan Purves [CA],Other
Gabriel Rouleau [CA],Miraidon ex
William Paquette [US],Roaring Moon ex
Tyson Moulton [CA],Regidrago VSTAR
Gavin Pham [CA],Lugia Archeops
Cristian Estrada [US],Klawf Terapagos
David Iannuzzi [CA],Terapagos Dusknoir
Eric Lau [CA],Charizard Pidgeot
Mateo Cortes [US],Terapagos Dusknoir
Connor Lefevre [CA],Roaring Moon ex
Bin Hu [CA],Klawf Terapagos
Yul Gweon [US],Regidrago VSTAR
Alex Fletcher [US],Raging Bolt Ogerpon
Connor Horner [CA],Regidrago VSTAR
Giovanni Mccooke [CA],Gholdengo ex
Aiden Faustino [CA],Miraidon ex
Noah Dove-Smith [CA],Regidrago VSTAR
Matthew Lau [CA],Other
Paul Hudgins [CA],Miraidon ex
Christopher Enriquez-Birch [CA],Palkia
Noah Spinale [US],Other
Kyle Markham [US],Miraidon ex
Steven Varesko [US],Lugia Archeops
Richard Cornwall [US],Snorlax Stall
Tyler Crouthamel [US],Lugia Archeops
Matthew Niezbrzycki [CA],Terapagos Dusknoir
Gregor Scott [US],Palkia
Adam Garzon [CA],Charizard Pidgeot
Henderson Gentillon [US],Palkia
Ryan Pena [US],Regidrago VSTAR
Justin Bostock [CA],Dragapult Pidgeot
Zhekai Zhu [CA],Raging Bolt Ogerpon
Diane Schemanske [US],Raging Bolt Ogerpon
Jaykob Jankowski [US],Regidrago VSTAR
Brian Yu [US],Charizard Pidgeot
Joshua Patterson [US],Gholdengo ex
Jean manuel Rouff [CA],Miraidon ex
Asa Kleinschmit [US],Regidrago VSTAR
Ethan Lee [CA],Raging Bolt Ogerpon
Andrew Bisante [CA],Klawf Terapagos
Tony Trang [CA],Charizard Pidgeot
Jason Simone [US],Charizard Pidgeot
Brian Yakkala Arachchilage Don [CA],Other
Metin Ali [CA],Charizard Pidgeot
Chris DeSanto [US],Other
Jake Harpster [US],Miraidon ex
Christian Finlay [CA],Lost Zone Box
Muhamed Palatinus [CA],Iron Thorns ex
Dylan Rivard [CA],Dragapult Dusknoir
Cole Baibomcowai [CA],Dragapult Iron Thorns
Jerry Vu [CA],Gardevoir ex
Marc Joya [CA],Other
NINGXI WANG [CA],Gholdengo ex
Aaron Mooneyhan [US],Regidrago VSTAR
Emanuel Rivera [US],Klawf Terapagos
Michael Mannarino [CA],Roaring Moon ex
Emma Johnson [CA],Gholdengo ex
Zachary Shook [US],Regidrago VSTAR
Jonathan Mei [CA],Pidgeot Control
Chris Hewitt [CA],Dragapult Iron Thorns
Samson Nicolas [CA],Gholdengo ex
Aiden Clapp [CA],Raging Bolt Ogerpon
Vincenzo Porco [CA],Terapagos Dusknoir
Ian Gridley [US],Terapagos Dusknoir
Theo Vogt-Post [US],Terapagos Dusknoir
William Benson-Pilon [CA],Ceruledge ex
Dominic Viola [US],Regidrago VSTAR
Thien Nguyen [CA],Palkia
Christine Thai [CA],Gholdengo ex
Cole Macdonald [CA],Charizard Pidgeot
David Le [CA],Regidrago VSTAR
Brandon Carscadden [CA],Roaring Moon ex
Frank Richardson [US],Charizard Pidgeot
Alex Fung [CA],Gholdengo ex
Adrian Gronek [CA],Lugia Archeops
joshua mozes [CA],Dragapult Pidgeot
Alana Sparkes [CA],Iron Thorns ex
Simon Copenhaver [US],Klawf Terapagos
Dylan King [CA],Raging Bolt Ogerpon
Cody Sartori [US],Other
Aaron Cumpston [US],Lost Zone Box
MICHAEL LUCIANO [US],Miraidon ex
Karen Cerullo [CA],Other
Cediee Obtinalla [CA],Gardevoir ex
Jose Casillas [US],Other
David Côté [CA],Dragapult Pidgeot
Felix Trinh [CA],Regidrago VSTAR
Cody Fourman [US],Roaring Moon ex
Jacob Hamill [CA],Other
Randy Nixon [US],Gardevoir ex
Luca Militello [CA],Ceruledge ex
Daniel Vono [CA],Gardevoir ex
Keelan Chalifour-Johnson [CA],Miraidon ex
Anthony Lopez [US],Terapagos Dusknoir
Avery Balasbas [US],Charizard Pidgeot
Jonathan Gerritz [US],Snorlax Stall
Bill Papasea [US],Unknown
junhong liu [CA],Charizard Pidgeot
Nelson Normandia [US],Klawf Terapagos
Gaer Garduno [US],Snorlax Stall
Courtney Ravers [US],Pidgeot Control
James Jiang [CA],Lost Zone Box
Wilson Rowland [US],Raging Bolt Ogerpon
Edwin Peralta [US],Charizard Pidgeot
Heather Coleman [US],Raging Bolt Ogerpon
george fabre [US],Charizard Pidgeot
Dewuiz Martinez [US],Charizard Pidgeot
Daniel Yeaw [US],Roaring Moon ex
Garrett Todd [CA],Regidrago VSTAR
Ed Bryan Garcia [CA],Charizard Pidgeot
Dhonell Garcia [CA],Regidrago VSTAR
Benjamin Trépanier [CA],Regidrago VSTAR
Jacob Peltier [US],Regidrago VSTAR
Luke Migas [CA],Other
Nathan Stratford [US],Ancient Box
Imaan Javeed [CA],Palkia
Jordan Raposo [CA],Gardevoir ex
Kevin Nguyen [CA],Roaring Moon ex
Mathieu Michaud [CA],Roaring Moon ex
David Nguyen [CA],Charizard Pidgeot
Alex Demorizi [CA],Regidrago VSTAR
Gabriel Joakim [CA],Charizard Pidgeot
Alexander Chan [CA],Lugia Archeops
Shawn Nota [CA],Dragapult Dusknoir
Zachary Terenzi [CA],Gholdengo ex
Izaiah Santiago [US],Klawf Terapagos
Andreya Dunks [US],Gholdengo ex
Jose Luis Gonzalez Trujillo [MX],Dragapult Iron Thorns
Andrew Mintz [US],Regidrago VSTAR
Alex Stoppa [CA],Miraidon ex
Benjamin Akinnusi [CA],Other
Jason Hou [CA],Regidrago VSTAR
Pietro Barthelemy [CA],Lost Zone Box
Joshua Cambri [US],Charizard Pidgeot
Michael Nilo [US],Miraidon ex
Daanish Mohammed [CA],Charizard Pidgeot
Seth D'Mello [CA],Other
Matthew Conrad [US],Lost Zone Box
Brandon Murray [CA],Charizard Pidgeot
Joshua Davis [US],Miraidon ex
Brett Johnson [US],Raging Bolt Ogerpon
Tyler Leduc [CA],Miraidon ex
Peter Samano [CA],Other
Luis Lopez [IT],Other
Jeffrey Dancause [CA],Snorlax Stall
Victor Jiang [CA],Regidrago VSTAR
Christian Levesque [CA],Lost Zone Box
Vincent Cote [CA],Klawf Terapagos
Tsung-yi Ho [CA],Klawf Terapagos
Tom Dack [UK],Other
Yang-hua Chu [US],Lost Zone Box
Alex Luo [CA],Lost Zone Box
Michael Bond [US],Regidrago VSTAR
Jean-Philippe Lessard [CA],Miraidon ex
Vaughan Bourassa [US],Banette Gardevoir
Perry-Anthony Snyder [CA],Other
Hector Chaudron [CA],Gardevoir ex
Bradley Jones larocque [CA],Snorlax Stall
Chris Larson [US],Lost Zone Box
Steven Lavoie [US],Regidrago VSTAR
Edgar Magalhaes [CA],Gholdengo ex
Joesion Huang [CA],Lugia Archeops
Miguel Valencia [US],Charizard Pidgeot
Benjamin Slowinski [US],Pidgeot Control
Patrick Knapp [US],Archaludon ex
Dylan Primiani [CA],Roaring Moon ex
Eugene Garcia [CA],Archaludon ex
George Deng [CA],Regidrago VSTAR
Bryan Daly [US],Dragapult Iron Thorns
Chandra Robillard [CA],Gardevoir ex
Dave Bergeron Tremblay [CA],Regidrago VSTAR
Steve Noel [CA],Charizard Pidgeot
Avijeh Khabbaznia [CA],Charizard Pidgeot
Emmanuel Abraha [CA],Regidrago VSTAR
Hayden Juarez [US],Terapagos Dusknoir
Jin Kim [CA],Lost Zone Box
Joseph Rebernik [US],Gholdengo ex
Steve Joseph [CA],Regidrago VSTAR
Matthew Moruzzi [US],Other
Anthony Garwick [US],Iron Thorns ex
William Yang [US],Other
Alec Gottesman [US],Regidrago VSTAR
Tasmiah Mahmud [CA],Charizard Pidgeot
Evan Huang [CA],Lost Zone Box
Nicolas Kalman-Serdar [CA],Regidrago VSTAR
Brittnay Moore [US],Regidrago VSTAR
Charles Holland [US],Charizard Pidgeot
Kenan Scott [CA],Raging Bolt Ogerpon
Miles Pardo [US],Archaludon ex
Chung Ting Lau [CA],Charizard Pidgeot
Andrew Krekeler [US],Archaludon ex
Jason Shields [CA],Klawf Terapagos
kyle krawczyk [CA],Iron Thorns ex
Ryan Dacayanan [US],Miraidon ex
Jarred Ingersoll [US],Regidrago VSTAR
Alan Ng [CA],Miraidon ex
Tyron Li [US],Palkia
Nick chen [CA],Lost Zone Box
Jesse Lyons [US],Roaring Moon ex
John Hunschofsky [US],Terapagos Dusknoir
Noel Totomoch [US],Terapagos Dusknoir
Kelsy Rivera [CA],Miraidon ex
Omar Eduardo Terán Juárez [MX],Dragapult Dusknoir
Rahat Mahbub [US],Terapagos Dusknoir
Ren Gaede [CA],Miraidon ex
DJ Alleyne [US],Raging Bolt Ogerpon
zachary jette [CA],Snorlax Stall
jaguar mount [CA],Regidrago VSTAR
Nicholas Copeland [CA],Gholdengo ex
Benjamin Yu [CA],Gardevoir ex
William Timineri [CA],Raging Bolt Ogerpon
Cameron Marasigan [CA],Dragapult Dusknoir
Devan Porath [US],Gardevoir ex
Tanya Jackson [US],Ceruledge ex
Layla Merritt [US],Regidrago VSTAR
Guled Osman [CA],Klawf Terapagos
Kyle Garcia [CA],Charizard Pidgeot
Christian Kurtzman [US],Lost Zone Box
Cole McFarlane [CA],Charizard Pidgeot
Michael Jun-Dundas [CA],Regidrago VSTAR
Moose Ge [CA],Miraidon ex
Juan Ipiales Higuita [CA],Dragapult Dusknoir
Sarah Burnside [CA],Raging Bolt Ogerpon
Egil Alexander Førdedal [CA],Charizard Pidgeot
Justin Bond [CA],Archaludon ex
Mark Nissan [CA],Other
Stjepan Peharda [US],Dragapult Dusknoir
Emma Shanks [US],Gardevoir ex
Jaylyn Spisak [CA],Charizard Pidgeot
Layla Bell [US],Other
Jonathan Lupercio [US],Lugia Archeops
Greg VanOrd [US],Klawf Terapagos
Mitchell Pehora [CA],Gholdengo ex
Paul Monje [CA],Miraidon ex
Mark-Anthony Poulin [CA],Raging Bolt Ogerpon
Daniel Lucio [US],Regidrago VSTAR
Kaiheem Sims [US],Dragapult Dusknoir
Kiefer Brown [CA],Other
Joseph Hollin [UK],Regidrago VSTAR
Chris Canoe [CA],Klawf Terapagos
Skye Tagliavia [US],Gholdengo ex
Marvin Leung [CA],Charizard Pidgeot
Eshaan Rampersad [CA],Roaring Moon ex
Johnathan Lopez [CA],Gholdengo ex
Caitlyne Mendes [CA],Raging Bolt Ogerpon
Dave Esta [CA],Miraidon ex
Anthony Encenales [CA],Miraidon ex
Alonso Avella Sanchez [US],Pidgeot Control
Paul Irwin [CA],Pidgeot Control
Gene Laomoc [CA],Raging Bolt Ogerpon
Joseph Cornell [US],Ancient Box
Anastazja Clappison [CA],Miraidon ex
Mason Carraro [CA],Gardevoir ex
Claire Freeman [US],Terapagos Dusknoir
Olaf Rodriguez [US],Terapagos Dusknoir
Daniel Cidoni [US],Klawf Terapagos
Paul Karl-Alarcón Bickelein [PE],Regidrago VSTAR
Nick Prebble [CA],Gardevoir ex
RICKY ROY [CA],Miraidon ex
Jonathan Midgett [US],Charizard Pidgeot
Joshua Santos [CA],Dragapult Iron Thorns
Ashley Haskins [US],Iron Thorns ex
Daniel McNeice [CA],Charizard Pidgeot
Trevor Knecht [US],Terapagos Dusknoir
Connor Mackenzie [CA],Roaring Moon ex
Rey Lazaro [US],Dragapult Iron Thorns
Patrick Michaud [CA],Charizard Pidgeot
Grant Harrison [CA],Raging Bolt Ogerpon
Lyle Riggs [US],Other
Nabeel Iqbal [CA],Roaring Moon ex
Greg Ordun [US],Gholdengo ex
Rushil Nagpal [CA],Roaring Moon ex
Ragib Miah [US],Regidrago VSTAR
Rui Li [CA],Archaludon ex
Erika Paterson [CA],Charizard Pidgeot
David Dooley [US],Raging Bolt Ogerpon
Christopher Shawver [US],Klawf Terapagos
Daden Dansoko [CA],Ancient Box
Ali ElSaid [CA],Charizard Pidgeot
Eric Mei [US],Klawf Terapagos
Chris Johncox [US],Raging Bolt Ogerpon
Michael Anderson [US],Roaring Moon ex
Geoffrey Box [CA],Dragapult Dusknoir
Nicholas Amyot [CA],Raging Bolt Ogerpon
Zoe Jacobsen [US],Archaludon ex
mickael sorel [CA],Iron Thorns ex
Ryan Chaika [CA],Raging Bolt Ogerpon
Carlos Martinez [US],Klawf Terapagos
Yuwei Peng [CA],Regidrago VSTAR
Zerong Zhu [US],Gholdengo ex
Samuel Thibodeau [CA],Dragapult Iron Thorns
Thanh (Justin) Pham [CA],Other
Joseph Moore-Costa [US],Gardevoir ex
Chenyang Zhang [CA],Raging Bolt Ogerpon
Gabriel Lugo [US],Charizard Pidgeot
Oscar Cuellar [CA],Regidrago VSTAR
Anthony Coelho [CA],Dragapult Dusknoir
John Wanggaard [US],Dragapult Iron Thorns
Josue Lopez [CA],Archaludon ex
Marcus Tan [CA],Roaring Moon ex
Gilles Gibeault [CA],Lugia Archeops
Casey Bennink [US],Charizard Pidgeot
Bowen Gu [CA],Charizard Pidgeot
Bella Lindsley [US],Raging Bolt Ogerpon
Valentino Hahn [US],Miraidon ex
Sebastian Ardila [US],Regidrago VSTAR
Tim Vander Meer [CA],Dragapult Iron Thorns
Colin Alber [US],Regidrago VSTAR
Tracy Medley [US],Other
Nikolai Hixon [US],Roaring Moon ex
Jonathon Bourque [CA],Dragapult Iron Thorns
Nicolas Cruz [US],Raging Bolt Ogerpon
Sean Foisy [US],Other
Mario Boutrous [CA],Miraidon ex
Wesley Pratchler [CA],Lugia Archeops
Daniel Dempster [CA],Gholdengo ex
QIUYU YANG [CA],Lugia Archeops
Justin Nowowiejski [US],Charizard Pidgeot
Nickales Vernon [US],Pidgeot Control
Zak Turchansky [CA],Klawf Terapagos
Zach Prah [US],Roaring Moon ex
Ryan Garbutt [CA],Miraidon ex
Mathew Szeremeta [CA],Dragapult Iron Thorns
Stephanie Hou [US],Ceruledge ex
Emily Forman [US],Regidrago VSTAR
Dennis Tang [CA],Charizard Pidgeot
Main Ahmed [CA],Charizard Pidgeot
Savio Joseph [CA],Miraidon ex
Hunter Fillier [CA],Iron Thorns ex
Kristopher Kemp [US],Regidrago VSTAR
Justin Hristovski [CA],Snorlax Stall
Braiden Elfert [US],Iron Thorns ex
Bowen Lin [CA],Iron Thorns ex
Raymond Kwan [CA],Iron Thorns ex
Ryan Ferry [US],Regidrago VSTAR
Noah Ruffin [US],Iron Thorns ex
Raymond Ngo [CA],Other
Anthony Vien [CA],Ceruledge ex
Nicholas Cucinelli [US],Roaring Moon ex
Alex Haley [CA],Gholdengo ex
Jaime Vargas [US],Miraidon ex
Alec Ward [US],Miraidon ex
Mike Hines [US],Lugia Archeops
Jay Carter [US],Terapagos Dusknoir
Luca Capoccia [CA],Regidrago VSTAR
Irvin Chavira [US],Other
Tyler Driver [US],Regidrago VSTAR
Raymond Ly [CA],Charizard Pidgeot
jared lacko [US],Dragapult Dusknoir
Chih Li Wang [CA],Regidrago VSTAR
Maddox Corcoran [US],Regidrago VSTAR
Konstantinos Kousidis [US],Lugia Archeops
Guyaume Paille [CA],Gholdengo ex
Nick Tannous [CA],Dragapult Iron Thorns
Artur Rakityanski [CA],Raging Bolt Ogerpon
Jake Pykor [US],Charizard Pidgeot
Corbin Dubois [US],Miraidon ex
Chase Santayana [US],Dragapult Iron Thorns
joseph ferragine [CA],Iron Thorns ex
Alexander Van [CA],Terapagos Dusknoir
Caroline Albanese [US],Charizard Pidgeot
Christopher Sdao [CA],Charizard Pidgeot
Chris Clark [CA],Terapagos Dusknoir
Carlin Rettberg [US],Regidrago VSTAR
Lindsay Reid [US],Raging Bolt Ogerpon
Jordan Robinson [US],Terapagos Dusknoir
Matthew Chan [US],Gardevoir ex
Nicholas Bernardo [US],Gholdengo ex
Steve Zhang [US],Charizard Pidgeot
Raymond Vega [US],Roaring Moon ex
Aaron Mizikow [US],Dragapult Iron Thorns
David Edelson [US],Charizard Pidgeot
Geththn Sures [CA],Gholdengo ex
Jordi Paredes [US],Klawf Terapagos
Jordan Lipner [US],Gholdengo ex
Harrison Lee [CA],Regidrago VSTAR
Jacob Crandell [US],Regidrago VSTAR
Vincent Dinh [CA],Lugia Archeops
Mitch Baldwin [CA],Terapagos Dusknoir
Carlo Tutor [CA],Archaludon ex
Sadet Halilovic [CA],Regidrago VSTAR
Josh Taylor [US],Roaring Moon ex
Donall Johnston [CA],Raging Bolt Ogerpon
César Lucha [CA],Regidrago VSTAR
Nathaniel Lamar [US],Ceruledge ex
Filip Sljivar [CA],Ceruledge ex
Dekari Iverson [US],Archaludon ex
Rafael Sosa [US],Ceruledge ex
Jonny Purdy-Flacks [CA],Terapagos Dusknoir
Eric Lo [CA],Gholdengo ex
Gianluca Sabatini [CA],Other
Ethan Callaway [US],Raging Bolt Ogerpon
Rachel Griffin [US],Gholdengo ex
minick stone [US],Other
Tyler Sleegers [CA],Raging Bolt Ogerpon
Brendan Acri [US],Regidrago VSTAR
Daniel Mesaric [CA],Charizard Pidgeot
Joshua Pereira [CA],Charizard Pidgeot
Armando Briones [US],Other
M Roman Marcone [CA],Charizard Pidgeot
Nathaniel Leclerc [CA],Gholdengo ex
Roy Nance [US],Ceruledge ex
Brandon Henry [CA],Other
Logan Fallick [US],Raging Bolt Ogerpon
Maria Dorais [SE],Miraidon ex
sydney nguyen [CA],Other
William Illig [US],Other
Antoine Betti [FR],Lost Zone Box
Quinn Butterworth [CA],Regidrago VSTAR
Xuanzhou Ma [CN],Lost Zone Box
Marielyn Belanger [CA],Regidrago VSTAR
Mathis Gravel [CA],Ancient Box
Nathaniel Larsen [CA],Gholdengo ex
Allen Terry [US],Miraidon ex
Christopher Ellison [CA],Gholdengo ex
Roberto Castaneda [US],Lost Zone Box
Hayden Mikolayenko [CA],Regidrago VSTAR
Zack Taylor [US],Gholdengo ex
Brandon Bastianelli [US],Regidrago VSTAR
Justin Veriere [CA],Gardevoir ex
Michael Greer [US],Lost Zone Box
Jadon Clark [US],Charizard Pidgeot
ryan thorne [CA],Charizard Pidgeot
Sean Alexis Balayon [US],Charizard Pidgeot
Nicholas West [CA],Raging Bolt Ogerpon
Esteban Traconis [MX],Miraidon ex
Bradley Dyke [CA],Regidrago VSTAR
Jacob Jackson [US],Regidrago VSTAR
Donnel Varkey George [CA],Regidrago VSTAR
Alexander Watson [CA],Regidrago VSTAR
Lucas Anderson [US],Lost Zone Box
Gabriel Gauthier [CA],Gardevoir ex
Brandon Nevestuk [CA],Other
Jean-Luc Cinq-Mars [US],Charizard Pidgeot
Michael Sherman [US],Miraidon ex
jessyka burden [CA],Dragapult Iron Thorns
Dani Harris [CA],Miraidon ex
Jakub Nowak [CA],Dragapult Iron Thorns
Étienne Dupuis [CA],Archaludon ex
Michael DeMelo [CA],Gholdengo ex
Carlos Landeiro [US],Gholdengo ex
Tai Henrichs [US],Lost Zone Box
Joshua Lampert [US],Other
Andrew Adams [CA],Regidrago VSTAR
Nicholss Dryburgh [CA],Gholdengo ex
Richard Lang [CA],Regidrago VSTAR
Tony Vuong [US],Archaludon ex
Brandon Leach [US],Regidrago VSTAR
michael starbuck [CA],Regidrago VSTAR
Mahdi chihimi [CA],Banette Gardevoir
Ryan Soulliere [CA],Regidrago VSTAR
Ryan Stern [CA],Ceruledge ex
Jaylen Kyle [US],Other
Jaret Dawson [US],Regidrago VSTAR
Jeffrey Edge [US],Charizard Pidgeot
Dylan Leonard [CA],Ceruledge ex
Alex Larson [US],Lugia Archeops
AJ White [US],Regidrago VSTAR
Kennstle Adigue [CA],Raging Bolt Ogerpon
Benjamin Merritt [US],Banette Gardevoir
Spencer Gilreath [US],Other
Jackson Charnock [US],Gholdengo ex
Leo Orozco [US],Dragapult Iron Thorns
Sevrin Layden [US],Miraidon ex
Matthew Dobbin [CA],Regidrago VSTAR
Jennifer Smith [US],Other
Jeff Mack [CA],Terapagos Dusknoir
Ian Munro [US],Other
Rob Petrach III [US],Other
Sunny Cheung [CA],Charizard Pidgeot
Jeffrey Thompson [US],Raging Bolt Ogerpon
Jose Munoz [US],Klawf Terapagos
Ian Macartney [CA],Roaring Moon ex
Benjamin Barreto [US],Gholdengo ex
RAY DONG [CA],Other
Jason Blacquiere [CA],Charizard Pidgeot
David Wilber Jr [US],Regidrago VSTAR
Dallas Armitage [CA],Ceruledge ex
Eisuke Ando [US],Lost Zone Box
Caleb Melnychenko [US],Lost Zone Box
Adam Foster [CA],Klawf Terapagos
Samuel Kulczyk [CA],Charizard Pidgeot
Clement Nguyen [US],Regidrago VSTAR
samuel gauthier [CA],Banette Gardevoir
Alberto Sosa [CA],Charizard Pidgeot
Jessa Bella [CA],Other
Chi To Ng [CA],Other
Ajharulislam Khan [US],Raging Bolt Ogerpon
Theodora Doumazios [US],Terapagos Dusknoir
Simon Chau [CA],Charizard Pidgeot
Taylor Iniguez [US],Lugia Archeops
Nicholas Martin [CA],Klawf Terapagos
Kevin Polikoff [US],Raging Bolt Ogerpon
Luke Miller [US],Dragapult Iron Thorns
jordan Marlein [CA],Terapagos Dusknoir
Sarah Ehn [US],Raging Bolt Ogerpon
Ricardo Andres Torres Cobos [CA],Regidrago VSTAR
Johny Vu [US],Klawf Terapagos
Kyle Spampinato [CA],Miraidon ex
Matthew Bishop [CA],Charizard Pidgeot
Mason Giles [CA],Dragapult Iron Thorns
Michael Bian [CA],Regidrago VSTAR
James Vargas Matias [US],Ceruledge ex
Jefferson Angeles [CA],Miraidon ex
Jeremiah Moloney [US],Regidrago VSTAR
Seth Dollars [US],Raging Bolt Ogerpon
Trevor Barnes [CA],Roaring Moon ex
Fa da Liang [CA],Miraidon ex
Austin Hinkle [US],Gardevoir ex
Gabriell Pena-Aleman [US],Roaring Moon ex
Rui Mei [US],Gholdengo ex
Nick Sui [CA],Miraidon ex
Brian Chisholm [US],Charizard Pidgeot
Bill Clark [US],Other
Andy Hou [US],Gardevoir ex
Winston Xing [CA],Charizard Pidgeot
steven vallerand [CA],Lugia Archeops
Dominic Venezian [US],Klawf Terapagos
Jonathon Tritto [CA],Roaring Moon ex
Nathaniel Chin [US],Terapagos Dusknoir
Harrison Hui [CA],Dragapult Dusknoir
Brier Davis [CA],Charizard Pidgeot
Alec Pinson [US],Regidrago VSTAR
Jean-Francois Dufour [CA],Regidrago VSTAR
Thomas West [CA],Charizard Pidgeot
Nicholas Hansen [US],Ancient Box
Maxime Thériault [CA],Gholdengo ex
Josh Clinton [US],Other
Dat Nguyen [US],Klawf Terapagos
Theodore Tillman [US],Regidrago VSTAR
Brianna Velliquette [US],Dragapult Iron Thorns
Son David Thai [CA],Klawf Terapagos
Sam Holdsworth [US],Charizard Pidgeot
Ana Hoffman [US],Charizard Pidgeot
Bryan Goldstein [US],Gholdengo ex
Peter MA [CA],Pidgeot Control
Kiel Reid [US],Raging Bolt Ogerpon
Randall Ni [CA],Regidrago VSTAR
Evan Smith [US],Iron Thorns ex
Julien May [CA],Terapagos Dusknoir
winston Mah [CA],Lugia Archeops
Tony Nguyen [US],Regidrago VSTAR
Cameron Tooth [CA],Klawf Terapagos
Colin Foley [US],Lost Zone Box
Kirk Schlichting [CA],Charizard Pidgeot
Cj Crump [US],Ceruledge ex
Gennaro Caccavale [US],Dragapult Iron Thorns
Ivan Bernabe [CA],Regidrago VSTAR
Lucas Pereira [CA],Other
Sara Dockens [CA],Other
Mellany Verzosa [CA],Other
xiao wei feng [CA],Dragapult Dusknoir
Sum Ho Yeung [CA],Other
Jamie Aldcorn [CA],Raging Bolt Ogerpon
Alex Colby [US],Regidrago VSTAR
Adam El-abbassi [CA],Other
Kevin Trinh [CA],Charizard Pidgeot
Jacob Speers [CA],Raging Bolt Ogerpon
Seungwon Park [CA],Charizard Pidgeot
Kassey Masanque [CA],Regidrago VSTAR
Brandon Pokross [US],Dragapult Iron Thorns
Jeremy Deragon [CA],Unknown
Kyle Jones [US],Other
Garrett Depippo [CA],Lost Zone Box
Jan Paul Manzana [CA],Dragapult Dusknoir
Ian Baumgarner [US],Ceruledge ex
Anthony Giler [US],Miraidon ex
Cody Gibson [US],Miraidon ex
James Apolinario [CA],Regidrago VSTAR
Eric Villa [CA],Gardevoir ex
Brayden Hu [CA],Regidrago VSTAR
Kyle Salzman [US],Lost Zone Box
Matthew Narvaez [US],Regidrago VSTAR
Cameron MacDonald [CA],Lugia Archeops
james neumann [CA],Miraidon ex
Jack Daniel Grieve [CA],Dragapult Iron Thorns
Andrew Pham [CA],Miraidon ex
Connor Keyes [US],Miraidon ex
Chad Kray [US],Charizard Pidgeot
Josh Theal [CA],Regidrago VSTAR
Mihajlo Radic [CA],Archaludon ex
Kade jones [US],Other
Michael Diec [CA],Charizard Pidgeot
Mubin Ahmed [US],Regidrago VSTAR
justin bartlett [CA],Regidrago VSTAR
James Lu [CA],Terapagos Dusknoir
Aurora Foxworth [US],Roaring Moon ex
Ezequiel Moreno [US],Gholdengo ex
Luke Smith [US],Charizard Pidgeot
Marc Benson [US],Lost Zone Box
Alannis Davis [CA],Lugia Archeops
Mike Carvalho [CA],Regidrago VSTAR
Joseph Smith [US],Raging Bolt Ogerpon
Louis Hibberd [US],Regidrago VSTAR
Lucas Alcaino [CA],Lost Zone Box
Tyler Herrmann [US],Charizard Pidgeot
Rotimi Osagie [CA],Miraidon ex
Richard Clegg [CA],Miraidon ex
Max Bakker [CA],Lugia Archeops
Lillian Bailey [US],Ceruledge ex
Alexei Jolicoeur-McCharles [CA],Other
Scott Kinney [US],Charizard Pidgeot
Anthony Balko [US],Regidrago VSTAR
Michael Rosario [US],Raging Bolt Ogerpon
laurianne trepanier [CA],Other
Jeremey Duval [CA],Roaring Moon ex
Mortimer Cavanah [US],Other
Christopher Middleton [CA],Gholdengo ex
Jakub Wozniak [CA],Charizard Pidgeot
Ben Himes [CA],Charizard Pidgeot
Chris Michaels [CA],Iron Thorns ex
Felix Wang [CA],Charizard Pidgeot
Jason lee [CA],Other
ryan gerhart [US],Regidrago VSTAR
Joseph Myerscough [CA],Miraidon ex
Derrick Chan [US],Lugia Archeops
Rachel Lammey [US],Other
Erica Lekawski [CA],Miraidon ex
Kyler Wiersma [CA],Terapagos Dusknoir
Eddie Lederer [US],Gardevoir ex
Gary Lawson [US],Ceruledge ex
Hunter Mcilmurray [CA],Terapagos Dusknoir
Jason Huang [CA],Raging Bolt Ogerpon
David Umansky-Vilner [CA],Ancient Box
William Bowes [CA],Regidrago VSTAR
Alec Pichelli [CA],Raging Bolt Ogerpon
Brian Alves [CA],Gholdengo ex
Dave Domalik [CA],Miraidon ex
Sam Engstrom [CA],Charizard Pidgeot
Marc Levy [CA],Miraidon ex
Chris Tran [CA],Charizard Pidgeot
Pedro Maldonado-Rivera [US],Lost Zone Box
Mohamadou Ndiaye [US],Regidrago VSTAR
Jebriel Abdul [CA],Other
Matthew Fox [US],Miraidon ex
Chris Fowles [US],Regidrago VSTAR
Kyle Barnes [US],Raging Bolt Ogerpon
Robert Marshal [US],Gholdengo ex
Adam Skene [CA],Pidgeot Control
Maxime Rose [CA],Miraidon ex
Pyi Phyo Aung [CA],Miraidon ex
Michael Zele [US],Miraidon ex
Andrew Divinszki [CA],Miraidon ex
Khari Parker [US],Other
Hunter Horak [US],Terapagos Dusknoir
Connor Clow [CA],Gholdengo ex
Elijah Bennett [CA],Miraidon ex
marc aloe [CA],Palkia
Mike Andrade [CA],Charizard Pidgeot
Jackson Flitton [CA],Klawf Terapagos
Kaitlyn Chao [CA],Snorlax Stall
Spencer Lussier [CA],Klawf Terapagos
Kyle Shapcott [US],Gholdengo ex
Kyle Smith [CA],Roaring Moon ex
Cody Foureyes [CA],Charizard Pidgeot
Louis-Filip Tremblay [CA],Terapagos Dusknoir
Alec Shaw [US],Gardevoir ex
Viktor Pacheco [US],Miraidon ex
Joash Brown [US],Charizard Pidgeot
Eizaku Asai [US],Iron Thorns ex
Nathan Jones [CA],Raging Bolt Ogerpon
Jase Kontozoglus [US],Charizard Pidgeot
Pierre-Olivier Nadeau [CA],Other
Ricky Tsai [CA],Charizard Pidgeot
Grey Thompson [CA],Charizard Pidgeot
Patrick Cumayas [CA],Charizard Pidgeot
Yu Qing Liu [CA],Lost Zone Box
Nick Alvarez [US],Other
Sam Montgomery [US],Ceruledge ex
Evelyn Cracknell [CA],Dragapult Iron Thorns
Christopher Misener [CA],Charizard Pidgeot
ANDREW GANTNER [US],Lost Zone Box
Anandeth Sinhradsvong [CA],Charizard Pidgeot
Daniel Mallette [US],Miraidon ex
Mark SENKOWSKI [US],Other
Charlene Sutherland [CA],Regidrago VSTAR
Nolan Sirkett-Wetherald [CA],Gardevoir ex
David Harris [US],Ancient Box
Damon Charpontier [CA],Snorlax Stall
Nicholas Tough [CA],Gardevoir ex
Mauricio Alcaino [CA],Regidrago VSTAR
Benjamin Daponte-Lafantaisie [CA],Ceruledge ex
Kevin Johnson [US],Palkia
cory jackson [US],Iron Thorns ex
Chelsea Christy [US],Gholdengo ex
Ronan Fagan [CA],Regidrago VSTAR
Chris Norman [CA],Terapagos Dusknoir
Camil Ghantous [CA],Terapagos Dusknoir
Amar Vazquez [US],Iron Thorns ex
ka lok leung [HK],Gardevoir ex
William Whaley [US],Roaring Moon ex
Nico Bérard [CA],Other
Thomas Newing [AU],Regidrago VSTAR
Zander Rusnak [CA],Charizard Pidgeot
Mariah Diaz [US],Regidrago VSTAR
Deo Arcega [CA],Charizard Pidgeot
Will Kriewall [US],Miraidon ex
Justin Thompson [CA],Raging Bolt Ogerpon
Jonathan Montenegro [US],Regidrago VSTAR
Rob Flores [US],Gholdengo ex
Madison Wuertz [CA],Palkia
Xavier Salvatore [CA],Lost Zone Box
Olivier Normandin-Guenette [CA],Dragapult Dusknoir
Scott Homer [US],Other
Gabriel Dupuy [CA],Gardevoir ex
Anthony Schultz [US],Other
Colton Woodard [US],Raging Bolt Ogerpon
Philip Remarais [US],Other
Ken Chen [CA],Other
Bree-Ann Estensen [CA],Dragapult Iron Thorns
Matthew Young [CA],Miraidon ex
Grant Law [CA],Regidrago VSTAR
Colin Whaley [CA],Charizard Pidgeot
bryan heemskerk [CA],Other
Kenzie Carney [US],Charizard Pidgeot
Leah Roy [US],Klawf Terapagos
Jonathan Hodge [US],Terapagos Dusknoir
Samantha Kuhn [US],Dragapult Iron Thorns
Mathieu Cloutier [CA],Gholdengo ex
Mathys Arial [CA],Raging Bolt Ogerpon
Robert Manger-Tuckey [CA],Gholdengo ex
Bao Ngoc Dang [CA],Terapagos Dusknoir
Adam Kosmowski [US],Miraidon ex
Sydney Hamann [US],Klawf Terapagos
Zade Kaakarni [US],Lost Zone Box
Philip Nguyen [CA],Gardevoir ex
Jared Aitken [CA],Dragapult Iron Thorns
Brendan Robb [US],Miraidon ex
LUCA CACCAVELLA [CA],Charizard Pidgeot
Aimee Crouse [US],Regidrago VSTAR
Bud Lovell [US],Dragapult Iron Thorns
Clayton Harding [CA],Dragapult Dusknoir
Tye Maracle [CA],Charizard Pidgeot
Roo Raymond [CA],Other
Narelle Bailey [CA],Raging Bolt Ogerpon
Matt Guyan [US],Dragapult Pidgeot
Rayjay Mariano [CA],Other
John nicholson [US],Charizard Pidgeot
Zachary Jacques [CA],Regidrago VSTAR
Angus Au [CA],Gardevoir ex
Kinsley Searles [US],Miraidon ex
Matthew Ibrahim [US],Gholdengo ex
Jacob Christopher [US],Roaring Moon ex
Jerick Cabalquinto [CA],Other
Andrew Sicard [CA],Regidrago VSTAR
Andrew Gibson [CA],Miraidon ex
Jen Snazyk [CA],Other
Jason Lee [CA],Other
Carl Joseph Nacar [US],Terapagos Dusknoir
Timur Yusuf [UK],Archaludon ex
Jacob Koski [CA],Iron Thorns ex
Frank Fong [CA],Other
Sam Restoule [CA],Miraidon ex
Brian Wade [US],Other
Elaya Sison [CA],Regidrago VSTAR
Shannon Bamford [CA],Raging Bolt Ogerpon
Michael Ingalls [US],Gholdengo ex
Yarden Segal [CA],Other
Shannon Ross [CA],Charizard Pidgeot
Andrew Estrada [CA],Gardevoir ex
Alexander Teeter [CA],Charizard Pidgeot
Benjamin Wong [CA],Charizard Pidgeot
Jason Ramnauth [CA],Regidrago VSTAR
Nazir Ally [CA],Klawf Terapagos
Ziyue Jiao [US],Roaring Moon ex
Matthew Meloche [CA],Other
Landon Jones-Glenat [CA],Raging Bolt Ogerpon
Adrian Mejia Galvez [MX],Klawf Terapagos
Miguel Johns-Gayle [CA],Charizard Pidgeot
Alfonso Lam [CA],Lugia Archeops
Sarahi de Jesus Villamil [MX],Lost Zone Box
Chris Enfinger [US],Other
Andrew Figueroa [US],Dragapult Iron Thorns
Emily Raney [CA],Lugia Archeops
Shamir Suhaimi [US],Raging Bolt Ogerpon
Jesse Cotton [CA],Other
marcelo sanchez [CA],Ceruledge ex
Rokaya Yazini [CA],Gholdengo ex
Ryan Pangborn [CA],Lugia Archeops
Karl Mattern [CA],Palkia
Michael Bennett [CA],Ceruledge ex
Ryan Le [CA],Raging Bolt Ogerpon
Dylan Choi [CA],Charizard Pidgeot
Bart Yoder [US],Miraidon ex
Jean Haineault [CA],Other
Justin Larmant [CA],Ceruledge ex
Isabella Greet [US],Gholdengo ex
James Brady [US],Other
Gannon Price [CA],Gardevoir ex
Jason Tran [CA],Ancient Box
Chaz Cooper [US],Pidgeot Control
Aleck Pelchat [CA],Roaring Moon ex
Oliver Stark [US],Roaring Moon ex
Jeremi LeLievre [CA],Dragapult Dusknoir
Julian Karkour [CA],Other
Joseph Mose [CA],Charizard Pidgeot
Anneke Huisman [CA],Raging Bolt Ogerpon
Cameron Koch [CA],Miraidon ex
Martin Dufour [CA],Raging Bolt Ogerpon
Alexandre Trottier [CA],Roaring Moon ex
Philip Hernandez [US],Raging Bolt Ogerpon
Joshua Davis [CA],Miraidon ex
Kat Wirth [US],Archaludon ex
Ryan Chin [US],Gholdengo ex
Zoey Wyeld [CA],Charizard Pidgeot
Axel Greene [US],Other
Orator Huang [CA],Ceruledge ex
Cassie Harvie [CA],Raging Bolt Ogerpon
Thomas Sullivan [US],Other
Cole Boeckman [US],Other
Adam Gephart [US],Raging Bolt Ogerpon
William Lyons [US],Other
Jose Quinto [CA],Charizard Pidgeot
Erik Renaud [CA],Dragapult Iron Thorns
Rebeca Perea [US],Roaring Moon ex
Dereck Witt [US],Other
Thomas Dussault [CA],Lost Zone Box
Junda Zhao [CA],Lugia Archeops
Brad Huisman [CA],Lugia Archeops
Fen Greene [US],Palkia
Sebastien Lesperance [CA],Raging Bolt Ogerpon
Jon Bradshaw [US],Raging Bolt Ogerpon
Aneil Saini [CA],Unknown
Jessica Siders [US],Unknown
