Fernando Cifuentes [CL],Iron Thorns ex
Seinosuke Shiokawa [JP],Roaring Moon ex
Jesse Parker [US],Miraidon ex
Raz Wolpe [IL],Regidrago VSTAR
Isaiah Bradner [US],Regidrago VSTAR
James Goreing [AU],Raging Bolt Ogerpon
Ian Robb [US],Regidrago VSTAR
Michael Davidson [US],Regidrago VSTAR
Rahul Reddy [US],Lugia Archeops
Tord Reklev [NO],Charizard Pidgeot
Grant Shen [US],Regidrago VSTAR
Luo TianQing [CN],Gardevoir ex
miloslav posledni [CZ],Regidrago VSTAR
Konsta Kallama [FI],Lugia Archeops
Ryan Harris [US],Miraidon ex
Lucas Xing [CA],Palkia
Taisei Ito [JP],Lugia Archeops
SHINYA KARASHIMA [JP],Iron Thorns ex
Nicholas Moffitt [US],Regidrago VSTAR
Hayato Suzuki [JP],Charizard Pidgeot
Joshua Vanoverschelde [BE],Lugia Archeops
KAI-YU FANG [TW],Charizard Pidgeot
Kaiwen Cabbabe [AU],Regidrago VSTAR
Andrew Hedrick [US],Regidrago VSTAR
Eder Jarillo [MX],Lugia Archeops
Otavio Gouveia [BR],Regidrago VSTAR
Alessandro Cremascoli [IT],Pidgeot Control
Pedro Pertusi [BR],Charizard Pidgeot
facundo facio [AR],Iron Thorns ex
Tymoteusz Dziedzic [PL],Iron Thorns ex
YUTO TAKAHASHI [JP],Raging Bolt Ogerpon
Haruto Miki [JP],Gardevoir ex
Tom Hellkamp [US],Iron Thorns ex
Jack Moore [CA],Regidrago VSTAR
Oscar Madsen [DK],Charizard Pidgeot
Zach Lesage [CA],Regidrago VSTAR
Brandon Baughn [US],Lugia Archeops
RYOTO SAWAGUCHI [JP],Lugia Archeops
Cameron Kawasaki [US],Gholdengo ex
Yoshiyuki Yamaguchi [JP],Regidrago VSTAR
Taisei Ueguchi [JP],Raging Bolt Ogerpon
Diego Cassiraga [AR],Ancient Box
Ryan Antonucci [US],Snorlax Stall
James Cox [NL],Regidrago VSTAR
Zihao Chen [CN],Charizard Pidgeot
Iori Takahashi [JP],Miraidon ex
Vance Kelley [US],Regidrago VSTAR
William Azevedo [BR],Charizard Pidgeot
Ross Warren [UK],Raging Bolt Ogerpon
Cobi Kawasaki [US],Gholdengo ex
Minaki Hasegawa [JP],Gardevoir ex
Dario Tosolini [IT],Raging Bolt Ogerpon
Marco Cifuentes [CL],Other
Cameron Shenoy [US],Regidrago VSTAR
Sebastian Lashmet [US],Regidrago VSTAR
Aneil Saini [CA],Regidrago VSTAR
Mitch Knuckey [AU],Regidrago VSTAR
Javier Tengo Jofre [ES],Regidrago VSTAR
Chris Franco [US],Raging Bolt Ogerpon
Raúl González Sandoval [MX],Gardevoir ex
Caleb Rogerson [US],Regidrago VSTAR
Yerco Valencia [CL],Lugia Archeops
Francisco Osorio [CL],Lugia Archeops
Akira Kurasaki [JP],Regidrago VSTAR
Takashi Yoneda [JP],Regidrago VSTAR
Pedro Vicêncio [PT],Charizard Pidgeot
Aleksander Rutowicz [PL],Banette Gardevoir
Enzo Tassara [CL],Lugia Archeops
Bryan de Vries [NL],Regidrago VSTAR
Karl Blake [UK],Charizard Pidgeot
Abaan Ahmed [US],Gholdengo ex
Motohiro Higuchi [JP],Roaring Moon ex
Casey Bennink [US],Iron Thorns ex
Michael Slutsky [US],Raging Bolt Ogerpon
Sawyer Melban [US],Miraidon ex
Claudio Diaz [CL],Raging Bolt Ogerpon
Christian D'Onofrio [IT],Roaring Moon ex
Dominik Malicki [PL],Miraidon ex
Kai Wainwright [UK],Charizard Pidgeot
Fabrizio Inga Silva [PE],Other
Nofoume Ben Ahmed Aly [FR],Charizard Pidgeot
Rene Villagrana [MX],Iron Thorns ex
Min Qian Chen [TW],Lugia Archeops
Michael Natto [US],Iron Thorns ex
Tianyi Rong [CN],Regidrago VSTAR
Riku Nakajima [JP],Regidrago VSTAR
Simon Luong [CA],Regidrago VSTAR
Joah Wiegner [DE],Gardevoir ex
Calvin Connor [US],Gardevoir ex
SIN YAN LIN [TW],Regidrago VSTAR
Fabio Spanò [IT],Raging Bolt Ogerpon
SHINJI MORI [JP],Gardevoir ex
Brent Tonisson [AU],Regidrago VSTAR
Allan Dubreuil [FR],Palkia
Nerses Fatunz [DE],Snorlax Stall
Chun Yin Kwong [HK],Lugia Archeops
Andi Cheung [AU],Lugia Archeops
Hugo De Torres [ES],Lugia Archeops
Michele Schiraldi [CA],Gardevoir ex
Steven Salas Cajina [CR],Roaring Moon ex
Luis Navas [CL],Raging Bolt Ogerpon
ボク キワダ [JP],Raging Bolt Ogerpon
Magnus Pedersen [DK],Charizard Pidgeot
Adam Denk [CZ],Regidrago VSTAR
Irving Garcia [MX],Raging Bolt Ogerpon
Max Prescott [AU],Regidrago VSTAR
Aimé Ducret [CH],Charizard Pidgeot
Mario Martinez [US],Lugia Archeops
Patryk Brzezinski [PL],Iron Thorns ex
Zach Cohen [US],Miraidon ex
Yu Ito [JP],Pidgeot Control
Felipe Carreño [CL],Regidrago VSTAR
Adam Knowles [US],Lugia Archeops
David Frans Daritan [AU],Charizard Pidgeot
Jeremy Gumila [US],Regidrago VSTAR
Andrew Martin [US],Charizard Pidgeot
Rio Tanabe [JP],Regidrago VSTAR
Justin Brothers [US],Snorlax Stall
Matias Ramirez Marianetti [CL],Raging Bolt Ogerpon
Jose Marrero [US],Raging Bolt Ogerpon
andres estefano gajardo lopehandia [CL],Other
Kyle Warner [US],Snorlax Stall
Eddie North [US],Dragapult ex
Gianmarco Greco [IT],Raging Bolt Ogerpon
Junhui Yan [CN],Lugia Archeops
Aaron Walker [US],Iron Thorns ex
Jake Riggs [US],Regidrago VSTAR
Stéphane Ivanoff [FR],Unknown
Teddy Bard [FR],Unknown
Fernando Lopez [CL],Unknown
Elias Stratmann [DE],Unknown
Cyrus McCane [US],Unknown
Rodrigo Montoya [PE],Unknown
Shinya Kaneko [JP],Unknown
Owyn Kamerman [NL],Unknown
Dylan Smeigh [US],Unknown
Daichi Shimada [JP],Unknown
YIMING CHEN [CN],Unknown
Anthony Ribeiro [BR],Unknown
Nick Dela Torre [US],Unknown
Layton Rumble [NZ],Unknown
Yoshihide Suzuki [JP],Unknown
Tyler Mathews [US],Unknown
Robin Schulz [DE],Unknown
hikaru kobiyama [JP],Unknown
Jesper S.H Eriksen [DK],Unknown
Tatsuzo Ono [JP],Unknown
Deacan Page [AU],Unknown
Joichiro Hirohama [JP],Unknown
Nicolas Galaz [CL],Unknown
Adam Kalamat [CA],Unknown
Tomoki Honda [JP],Unknown
Luke Morsa [US],Unknown
Chih Hsuan Chien [TW],Unknown
Leonardo Souza [BR],Unknown
William Timmermeyer [US],Unknown
Jonathan Sharpling [UK],Unknown
Gabriel Perez Centeno [MX],Unknown
Ian Fukuda [BR],Unknown
Leshan Li [CN],Unknown
Daniel Ross-Brown [AU],Unknown
Ross Cawthon [US],Unknown
Dustin Bachmann [DE],Unknown
Bastian Silva [CL],Unknown
Victor De Velasco [MX],Unknown
KAZUKI KUMEGAWA [JP],Unknown
Vincent Fatunz [DE],Unknown
Takuya Yoneda [JP],Unknown
Hsuan Hao Chen [TW],Unknown
Ming Weng [CN],Unknown
Angelo De Domenico [IT],Unknown
David Younan [AU],Unknown
Dominik Fink [DE],Unknown
Sergio Rodriguez [CA],Unknown
Sota Kasai [JP],Unknown
Luigi Vezzoni [IT],Unknown
Joey Gaffney [CA],Unknown
Toby Clark [UK],Unknown
Shunki Aida [JP],Unknown
Kenta Mori [JP],Unknown
Nikoline Pedersen [DK],Unknown
Lucas Lemos Costa [BR],Unknown
Hirota Shota [JP],Unknown
Dario Scarnò [IT],Unknown
WAIPAN MAK [HK],Unknown
Jon Eng [US],Unknown
Patrik Bartošovič [CZ],Unknown
Haruki Miwa [JP],Unknown
David Walerian Rzepka [DE],Unknown
Ben Dobberstein [US],Unknown
Edwin Arrollo [US],Unknown
Chuan Hao [CN],Unknown
Brent Coosemans [BE],Unknown
Zihan Zhang [CN],Unknown
Isaiah Cheville [US],Unknown
Shota Takatoku [JP],Unknown
Gabriel Tinio [CA],Unknown
Mirai Yamaguchi [JP],Unknown
Raymond Long [CA],Unknown
Michael Chen [US],Unknown
Justin Kempley [UK],Unknown
Peter Kica [US],Unknown
Alex krekeler [US],Unknown
Ashton Grant [AU],Unknown
Caroline Ferino [FR],Unknown
Eric Sanson [NZ],Unknown
Arjun Khadse [US],Unknown
Conner Hurst [US],Unknown
Dylan Gunn [US],Unknown
Makani Tran [US],Unknown
Rene Ess [DE],Unknown
佑亮 牧野 [JP],Unknown
Thomas Jones [UK],Unknown
Braiden Elfert [US],Unknown
torai ishii [JP],Unknown
Demetris Eaton [UK],Unknown
Aarni Karjala [FI],Unknown
Nathan Stratford [US],Unknown
Jonah Alter [ZA],Unknown
Azul Garcia Griego [US],Unknown
jihun choi [KR],Unknown
Rafael Yuiti [BR],Unknown
Pacharadanai Boonsub [TH],Unknown
Antoine Betti [FR],Unknown
Chung Yin Kwan [HK],Unknown
Micchelle Carvallo [CL],Unknown
miguel angel rojas duk [CL],Unknown
Nino Anderluh [SI],Unknown
Mateusz Łaszkiewicz [PL],Unknown
Anthony Bruno [US],Unknown
Sean Takemoto [AU],Unknown
Victor De Torres Palacios [ES],Unknown
Karel Maertens [BE],Unknown
Takumi Sugiura [JP],Unknown
Henry Brand [AU],Unknown
haruki satoyama [JP],Unknown
Sen Caubergh [BE],Unknown
Kyle Vincent Imperial [PH],Unknown
Lennert De Clercq [BE],Unknown
Koichi Sasaki [JP],Unknown
Seunghyeok Lee [KR],Unknown
Simon Copenhaver [US],Unknown
Christian Moreno [US],Unknown
Xuanwen Zhang [CN],Unknown
Daiki Kawakami [JP],Unknown
BILLY CHAN [CA],Unknown
YUTA FUJISHIGE [JP],Unknown
Jeremy Lim [AU],Unknown
Pedro Eugenio Torres [ES],Unknown
KONG CHUN HO [TW],Unknown
Karol Blesak [SK],Unknown
Felipe Rios [CL],Unknown
Charlie Lockyer [US],Unknown
Vincenzo Enrico Zappalà [IT],Unknown
Kihoon Song [KR],Unknown
Daniel Abramovici [BR],Unknown
Jettano Posani [AU],Unknown
Evan Campbell [US],Unknown
Axel Alvarez [US],Unknown
LIANGJI WANG [CN],Unknown
Cheuk Hei Tang [HK],Unknown
Christian LaBella [CA],Unknown
Ali Salame [DE],Unknown
Christofer Gozali [AU],Unknown
Niklaus Christen [CH],Unknown
Ignacio Oyarzún Alonzo [CL],Unknown
Max Theeuwen [NL],Unknown
Nawon Ghe [KR],Unknown
Jordan Dumlao [US],Unknown
emmanouil vamvoukas [GR],Unknown
Paolo Camus [FR],Unknown
Ole Stognief [DE],Unknown
Riccardo Coviello [IT],Unknown
Aaron Freetos Friedman [US],Unknown
Vicente Rodriguez Cuevas [CL],Unknown
Ryan Miller [US],Unknown
Wenyi Hua [CN],Unknown
YUKI MATSUZAWA [JP],Unknown
Jorge Villar [CL],Unknown
Dalten Cross [US],Unknown
Finn Schleusner [DE],Unknown
Alejo Salvador [AR],Unknown
Pang Kai Hing [HK],Unknown
Lucas Thiele [US],Unknown
Cory Tangman [US],Unknown
Johannes Forster [DE],Unknown
Giovanni Peragallo [CL],Unknown
kiriya shima [JP],Unknown
Camden Freeze [US],Unknown
Jose Paez [CL],Unknown
Andrea Mario Schroder [IT],Unknown
Bo Vinke [NL],Unknown
Ryusei Narumi [JP],Unknown
HUGO SUANNO [BR],Unknown
Ka Wang Lau [HK],Unknown
Ryan Ginsburg [US],Unknown
Manuel Penco [IT],Unknown
Lewis Roach [UK],Unknown
Jumpei Moriguchi [JP],Unknown
Kaya Lichtleitner [DE],Unknown
Daniele Maccari [IT],Unknown
Ho Ting Leung [HK],Unknown
Shiryu Mihara [JP],Unknown
Murilo Mercadante [BR],Unknown
Alex Schemanske [US],Unknown
Troy Campbell [US],Unknown
Dalibor Vukelic [DE],Unknown
Austin Drake [CA],Unknown
Pui Lam Lee [HK],Unknown
Hayato Ono [JP],Unknown
Sam Chen [US],Unknown
Tim Franklin [AU],Unknown
Francisco Muñoz R. [CL],Unknown
Claudio Tapia Balboa [CL],Unknown
Mark Høstrup [DK],Unknown
Mauro Spanò [IT],Unknown
Lukas Troya [CL],Unknown
Ryan Prusak [US],Unknown
Stephen Chan [UK],Unknown
Maddox Corcoran [US],Unknown
Kaden Brent [US],Unknown
Der Cherng Lee [NZ],Unknown
Austin Ellis [CA],Unknown
McKinley Freeman [US],Unknown
Santiago Prieto [CL],Unknown
Wo Pan Wong [HK],Unknown
Matthew Bray [AU],Unknown
shinya kouno [JP],Unknown
Dennis Petru [DE],Unknown
Stephen Lowe [US],Unknown
Sam Clayfield [AU],Unknown
Sylas Golding [AU],Unknown
WEI XIE [CN],Unknown
Rafael Hernandez Canales [CL],Unknown
Francisco Javier Contreras Villa [CL],Unknown
Taimu Kaku [JP],Unknown
Kazuki Takahashi [JP],Unknown
Justin Teng [US],Unknown
Cristian Sarnataro [IT],Unknown
Kazuma Shimogami [JP],Unknown
HARUTO FUJITA [JP],Unknown
Michael He [CA],Unknown
Gabriel Veloso [BR],Unknown
chun yin poon [HK],Unknown
Pearce Blend [US],Unknown
Juho Kallama [FI],Unknown
Thanthawat Chujitngamsuwong [TH],Unknown
Hiroto Isogai [JP],Unknown
Takayuki Nakamura [JP],Unknown
Austin Charles [US],Unknown
Christian Fontenot [DK],Unknown
Gabriel Smart [US],Unknown
Jun Hao Leong [SG],Unknown
Ryan Moorhouse [UK],Unknown
keiju miya [JP],Unknown
Jake Gearhart [US],Unknown
Alexander Stoppel [DE],Unknown
Neo Erlandsson [US],Unknown
Jamie Hindley [UK],Unknown
Corey Munro [AU],Unknown
Rose Gregson [UK],Unknown
Christian Delloiaco [AU],Unknown
Darren Chi hung Tang [UK],Unknown
Michael Dellenbach [CH],Unknown
Antoine Boulay [FR],Unknown
Jake Dunstan [AU],Unknown
Darran Messom [UK],Unknown
Jetnipat Likitsombat [TH],Unknown
Samantha Turner [AU],Unknown
Kaoru Mochizuki [JP],Unknown
Luis Gadea [MX],Unknown
Jerrick Gumila [US],Unknown
Eugene Wong [HK],Unknown
Amer Bikic [SE],Unknown
Gaku Matsumoto [JP],Unknown
Sameer Sangwan [AU],Unknown
Gilbert McLaughlin [UK],Unknown
Breeze Post [US],Unknown
Elliott Chereches [CA],Unknown
Asher Campbell [US],Unknown
Matthew Burris [AU],Unknown
Lukas Dellenbach [CH],Unknown
大介 久保 [JP],Unknown
Maxwell Johnson [US],Unknown
Andrea Calciolari [IT],Unknown
Cyrus Davis [CA],Unknown
Jacky Su [CA],Unknown
Christian Badenas [AR],Unknown
Soji Tomonaga [JP],Unknown
Jordan Palmer [AU],Unknown
YiFei Ruan [AU],Unknown
Arthur Trutzschler [NL],Unknown
Matthew Kayser [ZA],Unknown
Evan Jensen [US],Unknown
Daiki Yoshida [JP],Unknown
Oliver Rochin [MX],Unknown
Tomoya Maruyama [JP],Unknown
Krisztián Kiss [HU],Unknown
Tommi Lahtela [NO],Unknown
Liliana Imrichová [SK],Unknown
Sam Taylor [UK],Unknown
Dominik Blache [DE],Unknown
Tatsuki Noda [JP],Unknown
Cristian Gallo [CL],Unknown
XIAOXIAN CHEN [CN],Unknown
LINGYIN LU [CN],Unknown
NATALIE Millar [AU],Unknown
joseph Lopez [CL],Unknown
Kristopher Kemp [US],Unknown
Allan Xu [CA],Unknown
Julio Santos De Leon [US],Unknown
Yichen Ao [SG],Unknown
Benjamin PHAM [NL],Unknown
Rune Heiremans [BE],Unknown
Regan Retzloff [US],Unknown
Diego Varea [PE],Unknown
Andres David Torres [CO],Unknown
Łukasz Mazurkiewicz [PL],Unknown
Rowan Stavenow [CA],Unknown
Louis Chi [NZ],Unknown
Jose Marzan [US],Unknown
Peter Lo [AU],Unknown
Corey Weidner [US],Unknown
LIN HONG PING [TW],Unknown
Joseph Nawal [US],Unknown
Zenan Jiang [CN],Unknown
Landen Kaetler [CA],Unknown
Hiroki Ishida [JP],Unknown
Carter Malnaik [US],Unknown
Carl Orbista [AU],Unknown
Kanta Furuya [JP],Unknown
fabricio valdivia [PE],Unknown
CHUIHAO MENG [CN],Unknown
Diego omar Campos [MX],Unknown
Rafli Attar Ricco [ID],Unknown
taiga iwai [JP],Unknown
Marcelo Pacaje [CL],Unknown
Victor Montañez [MX],Unknown
Gibson Archer-Tang [US],Unknown
Jari Bonsee [NL],Unknown
Alejandro Felices Puértolas [ES],Unknown
Emanuel Diogo [AR],Unknown
Dre Alderette [US],Unknown
Brendan Cevasco [US],Unknown
Alex Hamilton [US],Unknown
Vo NGUYEN [FR],Unknown
Felipe Luna [MX],Unknown
Joaquin Gonzalez [MX],Unknown
Sebastian Alexander Carvajal Campos [CL],Unknown
Cody Graham [US],Unknown
Manuel Alcaíno [CL],Unknown
Sebastián Faúndez [CL],Unknown
Trevor Bustamante [US],Unknown
Yoon Ki Hong [KR],Unknown
jiahua Gong [CN],Unknown
Stefan Cocks [AU],Unknown
Luke Doran [UK],Unknown
Gabriel Cordero Quesada [CR],Unknown
Eugenio Paoloni [IT],Unknown
FRANCISCO TORANZO [ES],Unknown
Filipe Saúde [PT],Unknown
Stian Nilsson [NO],Unknown
Takumi Tamaru [JP],Unknown
Florian Giesa [DE],Unknown
Lewis Beck [UK],Unknown
Kurtis Broughton-King [UK],Unknown
Ian McGregor [US],Unknown
matias diaz [CL],Unknown
Carlos Lobo [MX],Unknown
Brandon Dean [US],Unknown
Kengo Ishida [JP],Unknown
Zahir Abdul Hamid [ZA],Unknown
Lennart Timmers [NL],Unknown
Scott Langford [AU],Unknown
Solomon Shurge [US],Unknown
Erik Butron [MX],Unknown
Juan Espinola [MX],Unknown
Joongyu Baik [KR],Unknown
Jorge Salas [CL],Unknown
Wukun Qiu [CN],Unknown
Giovani Vargas Rechia [BR],Unknown
Rain Keuma [US],Unknown
Michael Meal [CA],Unknown
Kevin Cruz [US],Unknown
JIANJIAN HE [CN],Unknown
Takehiro Takabayashi [JP],Unknown
Hale Obernolte [US],Unknown
Callum Walker [AU],Unknown
Bastien LAMOTTE [FR],Unknown
Kamelesan Pillay [ZA],Unknown
Jose Roberto CABRIALES DE HOYOS [MX],Unknown
Jerry Han [US],Unknown
Paulo Freitas [PT],Unknown
Giuseppe Ametrano [IT],Unknown
Moe Ohi [JP],Unknown
SU CHIA-HSING [TW],Unknown
JUNLIN GUAN [CN],Unknown
Gracjan Sass [PL],Unknown
kazutaka ohba [JP],Unknown
Nathan Woodcock [AU],Unknown
Duncan Crowley [US],Unknown
Aukarawat Somkaisri [TH],Unknown
blake wray [US],Unknown
Julio Jimenez [MX],Unknown
Gilles Heyndrickx [BE],Unknown
Niels Jürgensen [DE],Unknown
Andy Fish [US],Unknown
TORU ARAKAWA [JP],Unknown
Hunter Butler [US],Unknown
Hyungeun Kim [KR],Unknown
Ethan Wilde [UK],Unknown
Boran Yang [CN],Unknown
Mia Fountain [AU],Unknown
Donguk Jung [KR],Unknown
Joshua Courtney [AU],Unknown
Hikaru Morohashi [JP],Unknown
Konstantinos Anagnostopoulos [GR],Unknown
Vicente (MoeHawk) Canales-Loyola [PY],Unknown
javier menta [ES],Unknown
Alexandre peplaw [FR],Unknown
Josh Bond [UK],Unknown
Aaron West [US],Unknown
Björn Reinsdorf [DE],Unknown
Jake Lazzari [AU],Unknown
Neddy Kosek [CZ],Unknown
Nick Kee Haw [MY],Unknown
Roberto Costanzo [FR],Unknown
Carlos Felipe Pardo Narváez [CL],Unknown
Javier Chelmes [CL],Unknown
Benjamin Nackman [US],Unknown
Choi Yun je [KR],Unknown
Daniel Pastor [ES],Unknown
Rodrigo Sandoval [CL],Unknown
Justin Turner [US],Unknown
Raul Navarro [MX],Unknown
KAZUMA NISHIMOTO [JP],Unknown
Jelle van Kampen [NL],Unknown
CI-YUN CHEN [TW],Unknown
Kyungmin Baek [KR],Unknown
Gabor Van Meenen [DE],Unknown
Victor Freitas [BR],Unknown
Vincent Owen [US],Unknown
HECTOR IBARRA [US],Unknown
Cheuk Nam Pang [HK],Unknown
Miguel Lopez [MX],Unknown
Dan Hugar [US],Unknown
Jorge San Roman [CL],Unknown
Jay Cristiano [CA],Unknown
Aleksander Domek [PL],Unknown
Roberto Rueda [CO],Unknown
Kevin Král [CZ],Unknown
Sean van Dijk [NL],Unknown
Fabian Schlieckau [DE],Unknown
Hirofumi Fujimoto [JP],Unknown
Tomori Sugiyama [JP],Unknown
Pedro Carrasco [PT],Unknown
Tsubasa Watanabe [JP],Unknown
Lawrence Morillo [CH],Unknown
Sebastián Iturra [CL],Unknown
Yiu Lun Chan [HK],Unknown
Gerard McCullough [UK],Unknown
Steven Hamula [US],Unknown
Jakub Koenner [PL],Unknown
Yoann Barszezak [FR],Unknown
Laura Braga [BR],Unknown
Vinícius fernandez [BR],Unknown
Aaron Rucker [US],Unknown
Kim Pobega [IT],Unknown
Seth Savage [US],Unknown
Gabriel Massaroth [BR],Unknown
Dalton Acchetta [BR],Unknown
SATOSHI YOSHINO [JP],Unknown
Luis Alonso Corrales Salgado [CR],Unknown
ryota Ishiyama [JP],Unknown
Ling Yun Ho [HK],Unknown
David Zheng [US],Unknown
Marcin Ogórek [PL],Unknown
Uffe Axelsen [DK],Unknown
jesse spencer [US],Unknown
Adam Reinhardt [US],Unknown
Sami Sekkoum [UK],Unknown
Nathan Ginsburg [US],Unknown
Arthur VINCENT [FR],Unknown
Steven Mao [DE],Unknown
Joshua Bausch [DE],Unknown
Justin Hoy [AU],Unknown
Jakub Krajewski [PL],Unknown
Justin Tse [CA],Unknown
Camilo Valdes [CL],Unknown
Michael Bio [US],Unknown
Franco De Crescenzo [MX],Unknown
Erick Emmanuel Villaseñor Chagoya [MX],Unknown
Sergio Soto Fernandez [CR],Unknown
Tobias Thesing [DE],Unknown
Vincent Jouare [FR],Unknown
Thibault Dezutter [BE],Unknown
David Lehoux [FR],Unknown
SHINTARO FUKUI [JP],Unknown
Yasuyuki Handa [AU],Unknown
Terrence Miller [US],Unknown
Cole Rosario [US],Unknown
András Lukáts [HU],Unknown
Johnathan Heng [AU],Unknown
Ryuto Taguchi [JP],Unknown
Ithiel Arki [FR],Unknown
Takaki Kimura [JP],Unknown
Eric Villagra [CL],Unknown
Eduardo Paulini Villanueva [PE],Unknown
Daniel Rao [CA],Unknown
Bryan Quah [SG],Unknown
Thomas McCawley [AU],Unknown
Jeremy Castro [US],Unknown
Lorenzo Fulco [IT],Unknown
Jitong Ma [CN],Unknown
Jason Wee [MY],Unknown
LINGXIAO ZHANG [CN],Unknown
Simon Williams [AU],Unknown
Aidan Khus [US],Unknown
Jackson Ford [CA],Unknown
Song Seunghun [KR],Unknown
Darwin Rasubala [ID],Unknown
Masato Tao [JP],Unknown
João Requena [BR],Unknown
Harry Shallcrass [NZ],Unknown
Shuma Kikuchi [JP],Unknown
Gregory Playter [US],Unknown
Tristan Batman Macek [US],Unknown
harvey scheinman [UK],Unknown
Gonzalo Zamorano [CL],Unknown
Kacper Nawojski [PL],Unknown
Michael Diaz [US],Unknown
Shane Addy [UK],Unknown
Matías Martini [CL],Unknown
SOICHIRO INAYAMA [JP],Unknown
Michael Bergerac [US],Unknown
Jose Lagunes maitret [MX],Unknown
Owen Rhoads [US],Unknown
Brandon Salazar [US],Unknown
Ethan Chow [IE],Unknown
Hanseam Park [KR],Unknown
Nathan Hargreaves [UK],Unknown
Daniel Powell [UK],Unknown
Alberto Bonsanto [MX],Unknown
Michael Jordan [ZA],Unknown
Daniel Zhou [CA],Unknown
Toru Kakimoto [JP],Unknown
Simon Tschan [CH],Unknown
Michael Pramawat [US],Unknown
Jeffrey Criss [US],Unknown
Victor García [MX],Unknown
Jalen Jones [US],Unknown
Jared Grimes [US],Unknown
Hamilton Viveiros [BR],Unknown
Joshua Galys [DE],Unknown
Ciaran Farah [CA],Unknown
Mario Lopez [GT],Unknown
Siu Chun Lee [AU],Unknown
Derick Dao [AU],Unknown
Brennan Winkler [US],Unknown
Yunze Jiang [CN],Unknown
XIAO YAO-TING [TW],Unknown
CHIN HUNG [TW],Unknown
ryoya kurashima [JP],Unknown
Elizabeth Willet [DK],Unknown
HANWOOL KIM [KR],Unknown
Ray-Leonard Marshall [UK],Unknown
Darcy Ryan [AU],Unknown
ZIYU ZHAO [CN],Unknown
Yuto Nakajima [JP],Unknown
Nathan Doyle [IE],Unknown
Tristan Rojas [US],Unknown
Rory Licken [IE],Unknown
Timothy Cox [UK],Unknown
Adrian Mejia Galvez [MX],Unknown
Federico Nattkemper [AR],Unknown
Vincent Ma [NZ],Unknown
Andrew Kennett [US],Unknown
Leandro Fernandes [BR],Unknown
Qian Lei [CN],Unknown
Ka Ho Chau [HK],Unknown
SUMIN LIM [KR],Unknown
Sebastian Arias [CL],Unknown
Joshua Sanchez [CR],Unknown
Nico Gist [US],Unknown
Cian Rushe [IE],Unknown
Motoki Kawaharada [JP],Unknown
Napapol Chanvitan [TH],Unknown
Eric Ridgeway [US],Unknown
Fernando Karolys [EC],Unknown
Derek Hu [US],Unknown
Aaron Dekkers [HU],Unknown
Aiden Harrison [AU],Unknown
Benjamin Cheynubrata [DE],Unknown
Luc Gantner [CH],Unknown
Dallas White [US],Unknown
Julia Cavanaugh [US],Unknown
bochuan wu [CN],Unknown
Guilherme Cazzonato [BR],Unknown
Carlos Sepúlveda [CL],Unknown
Riley Pattison [AU],Unknown
Bodhi Robinson [US],Unknown
Lee junwoo [KR],Unknown
victor muñoz [CL],Unknown
Tsz Kwan Kwong [HK],Unknown
Konstantin Shapkin [UK],Unknown
Ryan Bielak [AU],Unknown
cristopher gonzalez [CL],Unknown
Marius Hinderberger [DE],Unknown
Michael Ginchereau [US],Unknown
Alexander van Hemert [ZA],Unknown
Jasmin Kirchherr [DE],Unknown
Fuma HIBINO [JP],Unknown
Mikołaj Plich [PL],Unknown
miao zhaorui [TW],Unknown
Greg Minklei [US],Unknown
David Sturm [DE],Unknown
Stephan Williams [ZA],Unknown
Oscar Videla [CL],Unknown
German Arribas Gongora [ES],Unknown
Blake Wightman [AU],Unknown
Diego Guillén pelaez [PE],Unknown
André Miranda [BR],Unknown
Aaron-Lee Cole [AU],Unknown
JW Kriewall [US],Unknown
David Fernandez [MX],Unknown
Cristo Peña [ES],Unknown
Borja Carmona [ES],Unknown
> ST-03 > Diego Ruiz Orta [MX],Unknown
Eduardo Serrano [SV],Unknown
Théo Grimoud [FR],Unknown
Ciaran Bradley [NZ],Unknown
Brandon Lane [US],Unknown
Jan Schäfer [DE],Unknown
Seokmin Lee [KR],Unknown
Ciro Savarese [IT],Unknown
Joel Bergman [CA],Unknown
Leonardo Danna [BR],Unknown
Keisuke Ohashi [JP],Unknown
Tim Hinz [DE],Unknown
Kenny Potter [NZ],Unknown
Rone Nielsen [DK],Unknown
Brando Longino [IT],Unknown
Alex Dao [UK],Unknown
Jonathan Mena [MX],Unknown
heddi Brahmi [FR],Unknown
Qinglong Zhang [CN],Unknown
Dylan Zeller [FR],Unknown
Tevin Pillay [ZA],Unknown
Benjamin Kouzas [AU],Unknown
Edwyn Mesman [NL],Unknown
Qingyang Ye [CN],Unknown
Krzysztof Fryca [PL],Unknown
SOTA HASUKO [JP],Unknown
Chen Yi Shen [TW],Unknown
Ka Yin Wong [HK],Unknown
TAKUYA MITSUMUNE [JP],Unknown
Yancheng Li [CN],Unknown
KUAN CHIH HUANG [TW],Unknown
Esteban O’Compley [CL],Unknown
David Soto [CL],Unknown
Matteo Quoiani [IT],Unknown
Romain CHAT [FR],Unknown
Andres Castillo [MX],Unknown
Masato Sato [JP],Unknown
Carlos Duran [EC],Unknown
Nick Alvarez [US],Unknown
Andy Hyun [US],Unknown
Xaria-Sofia Sachse [AU],Unknown
Lukas Coenraats [NL],Unknown
JUAN MARIN [CO],Unknown
Ruben Alejandro Canul Mendoza [MX],Unknown
Viktor Fehér [HU],Unknown
FABIEN Pujol [FR],Unknown
Alberto Conti [IT],Unknown
Joshua Frink [US],Unknown
Jake Santiago [CA],Unknown
Jaeyong Shin [KR],Unknown
Marco Jackowski [DE],Unknown
Oscar Rivas [ES],Unknown
Abe Morales [US],Unknown
Adrian Jonathan Velasco [PH],Unknown
João Pedro Medeiros Zambrano [BR],Unknown
Thomas Veazie [US],Unknown
Gareth Murphy [AU],Unknown
Noah Sawyer [US],Unknown
Timothy Uyeda [AU],Unknown
Eric Tortoza [BR],Unknown
Juan Carlos Villalobos Campa [MX],Unknown
Rolando Gabriel Coronado Jimenez [MX],Unknown
Yang Rong Hsuan [TW],Unknown
Nicolás Rodriguez [CL],Unknown
Lewis Stevens [AU],Unknown
Luis Vargas [MX],Unknown
Guilherme Fernandes [PT],Unknown
LINDE CHIAO [TW],Unknown
KOHEI MURAKAWA [JP],Unknown
Reika Yoneda [JP],Unknown
Davy Lam [HK],Unknown
Hakim Moussaoui [AU],Unknown
Carlo Antonio del Vescovo [IT],Unknown
Tom Bourke [AU],Unknown
haoqing yang [CN],Unknown
Dante Ulises Moreno Martínez [MX],Unknown
Ethan Yi [US],Unknown
Renaud LEVAIN [FR],Unknown
Shaun Sewell [AU],Unknown
RIKUTO OMURA [JP],Unknown
Ky N'guyen [FR],Unknown
Angel Gustavo Martínez López [CL],Unknown
Edin Visca [AU],Unknown
Marcel Coucouvis [DE],Unknown
Hanzell Caballero [MX],Unknown
Malthe Bogø [DK],Unknown
Rodrigo Rocco [CL],Unknown
Shuto Kogawa [JP],Unknown
Manuel González [CL],Unknown
Jacob Sparks [AU],Unknown
Sammy Allen [US],Unknown
Alix Dufour [FR],Unknown
wilsonn molina [CL],Unknown
Angus Johnson [AU],Unknown
Christian Sky Mendoza [PH],Unknown
Kamal Crooks-Valdez [US],Unknown
Paulo Ferreira [BR],Unknown
Nathian Beck [US],Unknown
Jan Hausmann [DE],Unknown
YUNGTA TSAI [TW],Unknown
Alex Hill [US],Unknown
Jesse Becker [AU],Unknown
NAOTAKA HARIMOTO [JP],Unknown
Lucas Hamilton-Foster [AU],Unknown
TSAI MIN YEN [TW],Unknown
Paulo Gouveia de Freitas [BR],Unknown
Hermanni Hietalahti [FI],Unknown
Collin Merli-Matthews [US],Unknown
Mads Jensen [DK],Unknown
Filippo Colamorea [IT],Unknown
Christopher Venier [CA],Unknown
Joe Turrentine [US],Unknown
James Williams [AU],Unknown
Keiya Sasaki [JP],Unknown
Steven Lavoie [US],Unknown
Mateo Arboleda [EC],Unknown
Brennan Kamerman [NL],Unknown
Sho Sasaki [JP],Unknown
Alessandro Arca [IT],Unknown
Claudio Ferla [BR],Unknown
Jonathan Fabrizio Bellucci Lanciano [AR],Unknown
HUI YUAN HUANG [TW],Unknown
Robbie Caldwell [AU],Unknown
Joe Bates [UK],Unknown
Sergio Orozco [CO],Unknown
Harel Manhaim [IL],Unknown
Gerardo Galvez [CL],Unknown
giancarlo granata [IT],Unknown
HUANG DONGMING [TW],Unknown
Raphael Dantas [BR],Unknown
Harrison Frazier [US],Unknown
Zhengwei CHEN [HK],Unknown
Travis Beckwith [US],Unknown
Liam Halliburton [US],Unknown
DOUGLAS MAIOLA [BR],Unknown
Anton Piccio [AU],Unknown
Luke Parkes [UK],Unknown
Grant Hays [US],Unknown
Adam Hawkins [UK],Unknown
Fares Sekkoum [UK],Unknown
Phaphong Phollachart [TH],Unknown
Jean-Sébastien d'Anchald [FR],Unknown
Nico Alabas [DE],Unknown
Zeryx Schaefer [US],Unknown
Callum Pinnegar [AU],Unknown
Ignacio Vargas [CL],Unknown
Joseph Franzo [US],Unknown
Nigel Tan [NZ],Unknown
Guilherme Palitos [BR],Unknown
lo tzuhsiang [TW],Unknown
Blake Davies [AU],Unknown
Mauricio Martinez [US],Unknown
Shinji Izumi [JP],Unknown
Ehren Roebuck [AU],Unknown
Yubo Gao [CN],Unknown
Ivan Rafael Sanchez Vargas [MX],Unknown
yuta tagami [JP],Unknown
Arthur Mesquita [BR],Unknown
jacob eye [US],Unknown
Andrea Foffi [IT],Unknown
German Herrera [US],Unknown
Ricardo Ramirez [EC],Unknown
Andrew Estrada [CA],Unknown
Eric Correa [US],Unknown
Ben Anderson [AU],Unknown
Nicolas Magliulo [AR],Unknown
Ethan L [AU],Unknown
Sackett Brehmer [US],Unknown
Paul Coletta [AU],Unknown
Liam Flood [NZ],Unknown
Pedro Lobera [CL],Unknown
Austin Daniels [US],Unknown
Eric uriel Patlallan [AR],Unknown
R. Bryan Barrientos [MX],Unknown
Shashi Naraine [CA],Unknown
Jorge Moreno [MX],Unknown
Dominic Price [CA],Unknown
Paul Shail [UK],Unknown
Caleb Patton [US],Unknown
Jordan Ung [AU],Unknown
Hunter Slack [US],Unknown
Roberto Brito [CL],Unknown
Maciej Chojnacki [PL],Unknown
Jake Gamblen [UK],Unknown
Jin Wei Kuo [TW],Unknown
Lucas Pedrosa [BR],Unknown
Thiago Bisewski [BR],Unknown
Rafael Tavarez [EC],Unknown
YingFeng Long [CN],Unknown
YUNG-CHUN CHENG [TW],Unknown
Luis Bañon [PE],Unknown
Adrian Canul [MX],Unknown
Adrián Gómez Muñoz [ES],Unknown
Kai Chun So [UK],Unknown
Maurício Almeida [BR],Unknown
Tomás Chávez Vega [CL],Unknown
Simone Canziani [IT],Unknown
Andrew Reinhardt [US],Unknown
Julian Gort-Barry [CA],Unknown
Marek Stolarik [SK],Unknown
Chris Brewer [US],Unknown
Sam Hendle [AU],Unknown
Alberto Benvenga [IT],Unknown
Courtney Fox [AU],Unknown
Yang SHI [FR],Unknown
Ondřej Škubal [CZ],Unknown
Victor Aung [US],Unknown
Manuele Tartaglia [IT],Unknown
Michael Garcia [US],Unknown
Ryota Tanaka [JP],Unknown
Benedetta Todaro [IT],Unknown
Damian Fernandez Urroz [AR],Unknown
Nick Robinson [US],Unknown
Russell Monteiro [US],Unknown
Alfonso Rivas [CL],Unknown
Alessandro Bax [IT],Unknown
Simone Fiorito [IT],Unknown
Erick Laurentino Ramirez Rodriguez [MX],Unknown
Robert Seymour [AU],Unknown
Tyler Zikorus [US],Unknown
Lisa Steinmüller [DE],Unknown
Dean Marsh [US],Unknown
Adriano Melo [BR],Unknown
Anthony Salomone [US],Unknown
Cody Matthews [AU],Unknown
Marco Giovannini [AU],Unknown
Victor hugo Pasqualino de Carvalho [BR],Unknown
Steven Mills [UK],Unknown
Rodrigo Soto [CL],Unknown
Kazuo Yamamoto [JP],Unknown
Roberto Divano [IT],Unknown
Jack Snell [UK],Unknown
Kamil Świstuń [PL],Unknown
Callum Griffiths [UK],Unknown
Shiu Long Leon Chan [HK],Unknown
Diego Barrera Moreno [MX],Unknown
Marc Torres Jimenez [ES],Unknown
Tyler Perry [US],Unknown
Jack Chambers [UK],Unknown
Pedro Hernandez [US],Unknown
Lucas Matheus [BR],Unknown
Thiago Silva [BR],Unknown
Hayden Matthews [AU],Unknown
Tomas Riquelme [CL],Unknown
Derrick Schwarz [US],Unknown
Caitlin White [CA],Unknown
JUNHONG ZHOU [CN],Unknown
Kristian Hodas [SK],Unknown
Jacob Stillwell [US],Unknown
Rafael Santos [BR],Unknown
Tim Lok Wong [HK],Unknown
andrea Zorat [IT],Unknown
Sheldon Kuppan [ZA],Unknown
Grant Manley [US],Unknown
Yoong KaiJian [MY],Unknown
Carlos Lopes [BR],Unknown
Mike Pianka [US],Unknown
Kye Edmondston [AU],Unknown
Christian Viti [AU],Unknown
Henry Chao [US],Unknown
Iain Harding [US],Unknown
Ting Tsun Ho [HK],Unknown
Leandro Lopez [AR],Unknown
Alfredo jimenez [CR],Unknown
Carlos Alberto Vasquez Rivera [MX],Unknown
Peter Stone [ZA],Unknown
francisco bottero [EC],Unknown
Alfredo Oros [IT],Unknown
Antonio Jardim [BR],Unknown
Shane Quinn [AU],Unknown
Trenton Staley [US],Unknown
AVARIN VILLARREAL [US],Unknown
Charlie Belfield [UK],Unknown
Tyler Vaughn [US],Unknown
Tomas Ulloa [CL],Unknown
Matt Bacnis [US],Unknown
Aaron Santos [US],Unknown
Julius Brunfeldt [FI],Unknown
Andrew Weiss [US],Unknown
Friedrich Illbruck [DE],Unknown
Toby Woolner [UK],Unknown
Mathieu Vidal [FR],Unknown
Jake Herden [AU],Unknown
Joseph Perez [US],Unknown
Alexander Flatos [US],Unknown
Dennis Peroff [CA],Unknown
Frank Diaz [US],Unknown
Yang Siao jyun [TW],Unknown
Dominic Viola [US],Unknown
Kelvin Duong [AU],Unknown
Hector Pereira [CL],Unknown
Shoma Kitano [JP],Unknown
Riku Keisho [JP],Unknown
Aiden Toler [US],Unknown
Montana Drew [AU],Unknown
Victor Su [AU],Unknown
Bernardo Dias [PT],Unknown
heitor duperron [BR],Unknown
Fernando Gonçalves [BR],Unknown
Joao Antonio Cavalcanti [BR],Unknown
Juan Pablo Gaitan Torrente [CO],Unknown
Jinsong Liu [CN],Unknown
Gaston Kitela [AR],Unknown
Christopher Mathers [AU],Unknown
Öjvind Svinhufvud [FI],Unknown
Manuel Pinzón [CO],Unknown
Jose María Sánchez Fuentes [ES],Unknown
Grant Walworth [US],Unknown
I-CHUN WU [TW],Unknown
Kian Amini [US],Unknown
Jose de la garma [AU],Unknown
Pablo Espinoza [CL],Unknown
Alyssa Lock [AU],Unknown
Adriano Kanazawa [BR],Unknown
yuta yoshikawa [JP],Unknown
Andrei Imada [BR],Unknown
Lucas Jordão [BR],Unknown
Shawn Chauvin [CA],Unknown
Julian Riveros [CO],Unknown
shinnosuke sato [JP],Unknown
Guilherme Banevicius [BR],Unknown
Rhian Famaran [PH],Unknown
Paul Margold [CA],Unknown
Sanjay Sundararajan [US],Unknown
Ash Nassiri [NZ],Unknown
Abel Eduardo Diz Jauregui [MX],Unknown
Fernando Poblete [CL],Unknown
Michael Hunter [IE],Unknown
Leonardo Andres ferreria oliva [CL],Unknown
Eduardo Melendez [US],Unknown
Gabriel Cruz [US],Unknown
Bjorn Soh CaiWei [SG],Unknown
JOEL NGUYEN [FR],Unknown
Louis Boisson [BR],Unknown
Teddy Vataire [FR],Unknown
Annachiara Rigo [IT],Unknown
Darren Jacques [UK],Unknown
Facundo Figoli [AR],Unknown
Omar Taha [US],Unknown
Goncalo Pereira [PT],Unknown
Francisco Alejandro Vargas [CO],Unknown
Jake Cruwys [AU],Unknown
Piper Lepine [US],Unknown
Tim Haffmanns [DE],Unknown
Beat Christen [CH],Unknown
Christian Cruz [MX],Unknown
Edgardo Rey [MX],Unknown
Will Schoeffler [US],Unknown
CHENG-TAI TU [TW],Unknown
TE-AWHI TE ANGINA [AU],Unknown
York Robson [NZ],Unknown
Greg Kerien [US],Unknown
Benjamin Hall [AU],Unknown
Valentin Golaz [CH],Unknown
Ida Nero [AU],Unknown
Bolly Olufon [UK],Unknown
Alex Gordon [NZ],Unknown
Max Schlehaider [DE],Unknown
Jac Carter [US],Unknown
Gilbert Vazquez [MX],Unknown
jonatan torres [CO],Unknown
Nelson Barros [BR],Unknown
Tyler Bishop [AU],Unknown
James Faulkner [AU],Unknown
Taehoon Kim [KR],Unknown
Rafael Marques [BR],Unknown
Luis Gonzalez [CL],Unknown
Guilherme Lessa [BR],Unknown
天宇 陈 [CN],Unknown
KaLok Pang [HK],Unknown
YONG SHENG CHENG [TW],Unknown
Zheng Li [CN],Unknown
Sammi Woods [US],Unknown
Roberto Barrera [MX],Unknown
Bernard Kościk [PL],Unknown
Anthony Zheng [US],Unknown
Alexander Monroy Hidalgo [PE],Unknown
Héctor Alejandro Tanabe Herbas [BO],Unknown
Jun Zhao [CN],Unknown
HOU LIO [HK],Unknown
Nick Aminzadeh [NL],Unknown
Marco Cifuentes D [CL],Unknown
Manuel Jorach [AT],Unknown
Alex Northey [UK],Unknown
Stefan Tabaco [US],Unknown
Chung-Yin Johnny Chan [AU],Unknown
Ryusho sasamura [JP],Unknown
Nitish Doolub [UK],Unknown
Nathan Forte [US],Unknown
Gustavo Pastorín Rojas [CL],Unknown
Atsuto SUZUKI [JP],Unknown
Tyler Ralston [US],Unknown
Cheuk Him Lee [HK],Unknown
Lucas Zaniboni [BR],Unknown
Vito Tse [CA],Unknown
Alexander Deegener [DE],Unknown
Vaughn O'Brien [US],Unknown
Rogelio Espinoza [MX],Unknown
Tanner Drabek [US],Unknown
Dean Nezam [US],Unknown
Jonhathan Vazquez [MX],Unknown
Trevor Bales [US],Unknown
Alejandro García moreno [MX],Unknown
Kaisei Fujiki [JP],Unknown
Hoseong Jang [KR],Unknown
Lorenz Matthew Tech [PH],Unknown
João Gabriel Penteado [BR],Unknown
Dennis Piay [SG],Unknown
Pablo Leiva [CL],Unknown
Joshua Sparks [AU],Unknown
Alec Geissler [US],Unknown
Christopher Cheung [AU],Unknown
Raz Shamir [IL],Unknown
Luke Schmitt [AU],Unknown
Mark Dizon [CA],Unknown
Jeremy Evans [AU],Unknown
Fernando Rosales [MX],Unknown
Jake Ewart [US],Unknown
Juan Pablo Salas [CL],Unknown
Carlos Eduardo Ruiz [MX],Unknown
